Country,Regulation Status,Policy Lever,Governance Type,Actor Involvement,Enforcement Level,Specific Laws,Sources,Last Updated,Confidence
Afghanistan,"Afghanistan under the Islamic Emirate has no AI-specific legislation, decree or draft instrument, and no sectoral AI rules. Pre-2021 general instruments such as the Cyber Crime Law (2017) contain no provisions written for AI systems, and the Ministry of Communications and Information Technology has issued no AI governance measure while the state itself deploys AI-enabled CCTV and facial-recognition surveillance in Kabul without a legal framework.","No policy lever is applied to AI: there is no national AI strategy, no published guidance, no sandbox, no funding line and no body with an AI mandate. Government engagement with AI is limited to procuring and operating AI-enabled surveillance systems.","Governance is centralized in the Islamic Emirate's supreme leadership and ministries, with no dedicated AI regulator, no coordination mechanism and no provincial rule-making role. Courts, ombudsman structures and independent oversight bodies capable of reviewing AI-related state action do not operate independently.","Policy-making on technology excludes industry, civil society and academia, and domestic academic discussion of AI remains without institutional channel. The unrecognized administration does not participate in international AI governance processes or declarations.","Nothing is enforced because no AI rule, penalty, enforcement body or monitoring mechanism exists.",,https://oecd.ai/en/incidents/2025-02-27-46e3 | https://bti-project.org/en/reports/country-report/AFG | https://www.euaa.europa.eu/sites/default/files/publications/2026-01/2026_01_Afghanistan_COI_Report_Country_Focus.pdf | https://8am.media/eng/taliban-security-cameras-kabul-residents-fear-rising-thefts-and-an-ineffective-system/,2026-10-06,medium
Albania,"Albania has no AI statute in force; the one binding AI-specific instrument is Council of Ministers Decision No. 479, dated 24 July 2024, approving a methodology and technical standards for AI use in the Republic of Albania, which reaches public institutions only. A full draft Law 'On Artificial Intelligence' of 106 articles in 9 chapters, transposing Regulation (EU) 2024/1689, was published by AKSHI for public consultation from 29 May to 26 June 2026 and is not yet enacted. AI systems otherwise fall under Law No. 124/2024 on Personal Data Protection and Law No. 25/2024 on Cybersecurity, which contain no AI-specific provisions.","Policy runs through sub-legal acts and administrative capacity rather than statute: Decision No. 479/2024 sets AI standards for public bodies, while AKSHI operates an AI laboratory and deploys systems such as Diella in e-Albania and public procurement. Funding is project-based, with no operating regulatory sandbox or AI-specific procurement rules, and no body yet holds a legal AI compliance mandate.","Oversight is split between AKSHI as de facto lead for government AI and sectoral bodies covering data protection, cybersecurity, finance and competition, coordinated informally. Courts have begun to engage with AI through litigation over the Diella system, and no subnational tier plays any role.","Participation runs through the government's online public consultation portal, where civil society organisations such as SCiDEV commented on the draft AI law and the draft National AI Strategy 2025-2030, with no permanent multi-stakeholder forum for industry or universities. Internationally, Albania signed the Council of Europe Framework Convention on Artificial Intelligence in June 2026, moved its ratification through the Council of Ministers to Parliament in 2026, and aligns with the EU AI Act under accession negotiations.","Enforcement touching AI occurs only through data-protection and cybersecurity law, as no AI-specific penalties, supervisory authority or audit regime is yet in force.","Council of Ministers Decision No. 479, dated 24 July 2024, on the methodology and technical standards for the use of artificial intelligence in the Republic of Albania (2024), Law No. 124/2024 on Personal Data Protection (2024), Law No. 25/2024 on Cybersecurity (2024), Law on Electronic Governance (amended), National Strategy for Digital Agenda 2022-2026, National Cybersecurity Strategy 2025-2030 (2025), Draft Law 'On Artificial Intelligence' in public consultation 29 May - 26 June 2026, Draft National Artificial Intelligence Strategy 2025-2030, Council of Europe Framework Convention on Artificial Intelligence and Human Rights, Democracy and the Rule of Law (CETS No. 225, signed 15 June 2026, ratification bill before Parliament 2026)",https://konsultimipublik.gov.al/Konsultime/Detaje/982 | https://scidevcenter.org/2026/07/09/scidev-comments-and-suggestions-on-the-draft-law-on-artificial-intelligence/ | https://scidevcenter.org/2026/09/17/digital-rights-e-bulletin-august-september-2026/ | https://cms.law/en/int/expert-guides/ai-regulation-scanner/albania | https://www.coe.int/en/web/artificial-intelligence/the-framework-convention-on-artificial-intelligence,2026-10-06,medium
Algeria,"Algeria governs AI through the non-binding National Artificial Intelligence Strategy (2024), whose six pillars include a future regulatory framework that has not been drafted into legislation. Binding obligations touching AI come only from general instruments — Law No. 25-11 amending Law No. 18-07 on personal data protection and the cybersecurity decrees — none of which is written for AI systems. Activity in 2026 was institutional: the Prime Minister reviewed strategy progress on 25 May 2026, an interministerial follow-up commission was installed on 5 August 2026, and five thematic commissions on data and infrastructure, financing, large language models, AI doctoral training and continuing AI education were installed on 8 September 2026.","Policy works through the non-binding 2024 strategy, ministry-led coordination structures, and state funding for AI skills, research and startups, including a target of 50,000 AI specialists by 2030 and a national AI and data research centre. No binding AI instrument, published AI guidance, regulatory sandbox or AI procurement rule exists, and the bodies involved hold advisory rather than compliance powers.","AI governance is centralized in the executive, with the Ministry of Higher Education and Scientific Research chairing implementation alongside the AI Council, the Scientific Council for Artificial Intelligence and the High Commission for Digitalisation. Coordination was formalized in 2026 through an interministerial follow-up commission and five thematic commissions, while sub-national authorities have no role and no court or independent body shapes AI rules.","Academia dominates the domestic process through the Scientific Council for Artificial Intelligence and the higher education ministry, while industry input is informal and civil society is absent from AI policy forums. Internationally, Algeria endorses declarations — the African Union Continental AI Strategy and the 2026 UNESCO Riyadh declaration — without binding treaty or standards-body commitments.","Enforcement touching AI occurs only under general data protection and cybersecurity law, with no AI-specific penalty, decision, authority or audit programme in place.","National Artificial Intelligence Strategy (2024), Law No. 25-11 amending Law No. 18-07 on Personal Data Protection (2025), Presidential Decree No. 26-07 on Cybersecurity Units in Public Institutions (2026), Presidential Decree No. 25-298 amending Presidential Decree No. 20-05 on Information Systems Security (2025), African Union Continental AI Strategy (2024)",https://www.mesrs.dz/fr/2026/09/le-ministre-de-lenseignement-superieur-et-de-la-recherche-scientifique-preside-la-premiere-reunion-de-coordination-consacree-a-la-mise-en-oeuvre-de-la-strategie-nationale-de-lintelli/ | https://www.aps.dz/fr/algerie/education-et-technologie/mtszxh7i-baddari-preside-la-deuxieme-reunion-de-coordination-sur-la-mise-en-%C5%93uvre-de-la-strategie-nationale-d-intelligence-artificielle | https://digitalpolicyalert.org/change/14175-algerian-national-artificial-intelligence-strategy | https://digitalpolicyalert.org/digest/dpa-digital-digest-algeria | https://news.radioalgerie.dz/en/node/86938,2026-10-06,medium
Andorra,"Andorra has no dedicated AI statute; AI is addressed through adapted general law, principally the Penal Code reform approved on 15 July 2026, which criminalises AI-generated non-consensual sexual imagery, and the Llei 29/2021 de protecció de dades personals as amended by Llei 12/2024. The Council of Europe Framework Convention on Artificial Intelligence (CETS 225), signed on 5 September 2024, remains unratified, and the February 2024 Codi d'Ètica de la Intel·ligència Artificial is voluntary.","Policy rests on the voluntary Code of Ethics for Artificial Intelligence, the Estratègia de Transformació Digital 2030 and business digitalisation grants, with a single AI-written criminal provision as the only binding lever. Institutional capacity sits with the Agència Andorrana de Protecció de Dades under data-protection law and with an advisory data-intelligence unit inside Andorra Digital.","Governance is centralised in the national executive and the APDA, without sectoral AI regulators, a formal coordination mechanism or any parish-level role. Independent scrutiny comes from the APDA's advisory interventions in the legislature and from ordinary courts applying data-protection and criminal law.","Domestic AI policy-making is government-led, with no standing roles for industry, NGOs, unions or the Universitat d'Andorra. External engagement is limited to early signature of the Council of Europe Framework Convention on Artificial Intelligence and alignment with UNESCO and OECD principles.","Enforcement reaching AI is incidental to data-protection supervision by the APDA and to ordinary criminal prosecution, with no AI audits, AI-specific decisions or dedicated AI authority.","Llei 29/2021 de protecció de dades personals (LQPD) (2021), Llei 12/2024 (amendment to LQPD) (2024), Codi d'Ètica de la Intel·ligència Artificial d'Andorra (2024), Reforma del Codi penal criminalising AI-generated non-consensual sexual images (approved 15 July 2026), Estratègia de Transformació Digital 2030 (2024), Council of Europe Framework Convention on Artificial Intelligence and Human Rights, Democracy and the Rule of Law CETS 225 (signed 2024)",https://www.consellgeneral.ad/ca/noticies/el-consell-general-aprova-la-modificacio-del-codi-penal | https://www.diariandorra.ad/nacional/260422/l-agencia-proteccio-dades-proposa-endurir-codi-penal-davant-els-riscos-ia_194595.html | https://www.govern.ad/ca/ministeris-i-secretaries-d-estat/ministeri-de-funcio-publica-i-transformacio-digital/estrategia-de-transformacio-digital-2030 | https://www.coe.int/en-GB/web/conventions/full-list2?module=signatures-by-treaty&treatynum=225 | https://dig.watch/resource/andorran-code-of-ethics-for-artificial-intelligence,2026-10-06,medium
Angola,"Angola's horizontal AI framework remains a bill: the MINTTICS Proposta de Lei sobre Inteligência Artificial, presented in September 2025 with risk-based classification, strict liability, mandatory watermarking and extraterritorial reach, obtained general approval in the National Assembly but has not been enacted. The only binding rules touching AI in force are in Law No. 6/26 Against False Information on the Internet, promulgated 21 July 2026 and published 4 August 2026, which defines deepfakes and artificial dissemination networks and imposes platform duties for that content type. A revised Personal Data Protection Law containing a chapter on data processing by artificial intelligence systems went through public consultation in 2025 and is still pending.","Policy runs through the ICT Strategic Framework 2023-2027, the UNESCO Readiness Assessment Methodology exercise led by MINTTICS, and bills before the National Assembly rather than instruments in force. No dedicated AI funding line, procurement rule, sandbox or body with a statutory AI mandate exists.","AI governance is concentrated in MINTTICS at central government level, with the Agency for Data Protection confined to data-protection supervision and no standing coordination mechanism. Provinces play no role and independent review of AI questions has not occurred.","Participation runs through time-limited public consultations on the AI bill and the data protection revision, supplemented by professional forums such as the Fórum Nacional de Inteligência Artificial. Internationally Angola engages via UNESCO and African Union processes; domestically no industry, civil society or academic body holds a standing role.","Penalties exist for AI-related content offences under Law No. 6/26 and large fines and prison terms sit in the unenacted AI bill, but no AI-based enforcement decision, dedicated authority or audit practice exists.","Law No. 6/26 Against False Information on the Internet (2026), Draft Law on Artificial Intelligence (proposed 2025, general parliamentary approval 2025-2026), Draft Personal Data Protection Law revising Law No. 22/11 with a chapter on processing by artificial intelligence systems (public consultation 2025), ICT Strategic Framework 2023-2027 (Livro Branco das TIC / LBTIC), Personal Data Protection Law No. 22/11 (2011)",https://www.techhiveadvisory.africa/insights/review-of-angolas-proposed-law-on-artificial-intelligence | https://observador.pt/2026/08/06/lei-angolana-contra-fake-news-entra-em-vigor-e-abrange-conteudos-criados-no-estrangeiro/ | https://expansao.co.ao/angola/detalhe/lei-sobre-inteligencia-artificial-preve-multas-de-ate-1500-milhoes-kz-e-prisao-ate-12-anos-68260.html | https://pti.ao/juristas-defendem-criacao-de-lei-especifica-para-a-ia-em-angola/ | https://anuragverma.co/worldwatch/angola/ai,2026-10-06,medium
Antigua and Barbuda,"No AI-specific legislation is in force and no AI bill is before Parliament, although the Prime Minister has confirmed that draft AI legislation has been prepared. Governance of AI-related harms rests on the Data Protection Act, 2013 and the Electronic Crimes Act, 2013, which contain no provisions written for AI; the UNESCO Artificial Intelligence Readiness Assessment Report launched on 24 June 2025 identifies modernisation of these frameworks, including impact assessments for high-risk applications, as an outstanding gap.","Policy action consists of the UNESCO Readiness Assessment Methodology exercise completed with the Ministry of Information, Communication Technologies, Utilities and Energy and an AI policy focal point inside that ministry, with no national AI strategy adopted. Deployment projects such as Project Optimus and a planned government data centre with AI capability proceed without a sandbox, AI procurement rules or dedicated funding programmes.","AI matters are concentrated in one ministry with a single designated focal point, supported by episodic workshops rather than a standing coordination body. Telecommunications oversight through the Telecommunications Division and the regional ECTEL framework carries no AI mandate, and no judicial or independent review of AI has occurred.","Domestic participation has been limited to one-off UNESCO-sponsored workshops and conferences involving ministries, industry, civil society and the University of the West Indies, with no standing consultative body. International engagement is the most developed channel, spanning the Santiago Declaration on Ethical AI (2023), UNESCO's Readiness Assessment Methodology, the Commonwealth AI Consortium and the CARICOM-endorsed Caribbean AI Roadmap.","Enforcement is absent: no AI obligations exist to enforce, no authority holds an AI remit, and oversight is limited to the single 2025 readiness assessment.","Data Protection Act, 2013 (No. 10 of 2013), Electronic Crimes Act, 2013, UNESCO Artificial Intelligence Readiness Assessment Report for Antigua and Barbuda (2025), Santiago Declaration on Ethical AI (2023)",https://www.unesco.org/ethics-ai/en/antigua-and-barbuda | https://www.unesco.org/en/articles/antigua-and-barbuda-unveils-landmark-ai-readiness-assessment-report | https://laws.gov.ag/wp-content/uploads/2019/02/a2013-10.pdf | https://www.cullen-international.com/news/2026/09/Artificial-intelligence-regulation-and-policy-are-at-an-early-stage-in-the-Caribbean.html | https://antiguanewsroom.com/antigua-and-barbuda-drafting-legislation-to-regulate-the-use-of-artificial-intelligence-pm-confirms/,2026-10-06,medium
Argentina,"Argentina has no enacted binding AI-specific legislation at national level; the Personal Data Protection Law 25.326 (2000) remains the operative instrument, supplemented by Disposición AAIP 2/2023 on Recommendations for Reliable Artificial Intelligence and SIGEN Resolución 197/2026 approving an AI control guide for public-sector internal audit. Several AI bills are before Congress, including the framework bill that obtained a majority committee dictamen in the Chamber of Deputies and the Executive's May 2026 bill creating AI-operated corporate forms, while President Milei has publicly committed to keeping AI development free of preventive regulation. Coverage of private-sector or high-risk AI uses rests on general data-protection, consumer and sectoral rules.","Policy is driven by soft instruments and investment incentives rather than binding rules: the 2019 Plan Nacional de Inteligencia Artificial, Resolución 90/2021, AAIP Resolución 161/2023 and Disposición 2/2023, and the 2026 SIGEN AI control guide, alongside the RIGI incentive regime attracting AI data-centre investment. No body holds a statutory AI mandate or compliance powers over AI systems.","Governance is fragmented and lead-body-plus-sectoral in form: the Secretaría de Innovación, Ciencia y Tecnología coordinates AI policy, the AAIP covers data protection, SIGEN covers public-sector AI controls, and no formal inter-agency mechanism links them. Provinces act autonomously, as Buenos Aires Province's Decreto 742/2026 shows, and courts intervene only case by case.","Industry, academia and civil society take part through congressional committee hearings and AAIP consultations rather than standing bodies, and the government's 2026 posture has favoured dialogue with technology investors. Internationally Argentina adheres to non-binding instruments and holds observer status in Council of Europe AI standard-setting, without signing the Framework Convention on Artificial Intelligence.","Enforcement touching AI occurs only through the AAIP's general data-protection powers under Law 25.326, with no AI-specific obligations, sanctions or audit reporting in place.","Personal Data Protection Law 25.326 (2000), Plan Nacional de Inteligencia Artificial – ArgenIA (2019), Resolución 90/2021 – Programa de Inteligencia Artificial, AAIP Resolución 161/2023 – Programa de Transparencia y Protección de Datos Personales en el uso de la Inteligencia Artificial, Disposición AAIP 2/2023 – Recommendations for Reliable Artificial Intelligence, BCRA Comunicación A 7724 (2023), SIGEN Resolución 197/2026 – Guía de Controles Inteligencia Artificial, Régimen de Incentivo para Grandes Inversiones under Law 27.742 (2024) extended by Decreto 105/2026, Decreto 742/2026 of the Province of Buenos Aires – Marco Provincial para el Desarrollo, Uso y Gobernanza de la Inteligencia Artificial (subnational), Bill 3003-D-2024 on responsible AI (pending, majority committee dictamen), Executive bill reforming the Ley General de Sociedades to create AI-operated companies (2026, pending), data-protection reform bills 1751-D-2026 and 3397-D-2026 (pending)",https://www.argentina.gob.ar/normativa/nacional/norma-426859 | https://www.hcdn.gob.ar/prensa/noticia/COMISION-DE-CIENCIA-TECNOLOGIA-E-INNOVACION-PRODUCTIVA-AVANZO-EN-UN-MARCO-REGULATORIO-PARA-LA-IA/ | https://normas.gba.gob.ar/documentos/B11QWLI4.html | https://www.argentina.gob.ar/noticias/programa-de-transparencia-y-proteccion-de-datos-personales-en-el-uso-de-la-inteligencia | https://www.coe.int/en/web/artificial-intelligence/cai,2026-10-06,medium
Armenia,"No domestic AI-specific binding instrument exists; the only binding AI text touching Armenia is the Council of Europe Framework Convention on Artificial Intelligence and Human Rights, Democracy and the Rule of Law (STCE n°225), signed on 27 January 2026 and not yet ratified. AI appears in national law only through the August 2026 amendment to the Law on the Structure and Activities of the Government, which renamed the Ministry of High-Tech Industry as the Ministry of High-Tech Industry and Artificial Intelligence and gave it responsibility for AI and cloud computing policy. General instruments such as the Law on Personal Data Protection and the Law on Cybersecurity, in force since 4 January 2026, contain no provision written for AI.","Armenia governs AI through funding and promotion rather than regulation: state subsidies for high-performance computing, the Firebird and Eleveight AI data centres, Law No. HO-498-N on State Support for the High-Tech Sector, the AI Virtual Institute, and an AI literacy framework. The ministry gained a statutory AI remit in August 2026, but it is a policy-development mandate without inspection, approval or sanctioning powers.","Governance is concentrated in a single executive body, the Ministry of High-Tech Industry and Artificial Intelligence, renamed in August 2026 to reflect its AI mandate, with no dedicated AI regulator, no formal inter-agency coordination mechanism and no subnational layer. Independent scrutiny is limited to occasional expert and media commentary on AI infrastructure projects.","Policy-making is dominated by the government and technology industry partners, with universities contributing research capacity and civil society consulted only through occasional forums. International engagement is the strongest channel, anchored by the Council of Europe Framework Convention signature, EU4Digital cooperation and bilateral AI cooperation with the United States.","Enforcement of AI obligations does not exist because no AI-specific duties or penalties have been enacted, leaving only general data protection and cybersecurity powers available.","Council of Europe Framework Convention on Artificial Intelligence and Human Rights, Democracy and the Rule of Law (STCE n°225) (signed 2026), Law on the Structure and Activities of the Government as amended to rename the Ministry of High-Tech Industry and Artificial Intelligence (2026), Law No. HO-498-N on State Support for the High-Tech Sector (2025), Law of the Republic of Armenia on Cybersecurity (in force 2026), Law No. 49-ZR on the Protection of Personal Data (2015), Digital Transformation Strategy (2021-2025)",https://www.coe.int/en/web/artificial-intelligence/-/armenia-signs-the-council-of-europe-s-framework-convention-on-artificial-intelligence-1 | https://armenpress.am/en/article/1258455 | https://hightech.gov.am/en/ | https://practiceguides.chambers.com/practice-guides/cybersecurity-2026/armenia | https://www.loc.gov/item/global-legal-monitor/2025-01-22/armenia-new-law-provides-state-support-for-high-tech-and-it-sectors/,2026-10-06,medium
Australia,"Australia has no AI Act: the National AI Plan of 2 December 2025 confirmed reliance on existing laws and sector regulators instead of the 2024 mandatory guardrails proposal, and the Prime Minister's 15 July 2026 announcement of legislated Australian Standards for AI, endorsed by National Cabinet on 26 August 2026, targets legislation in early 2027 starting with large data centres and model training inputs. Binding AI obligations in force are domain-specific: the eSafety Age-Restricted Material Codes (effective 9 March 2026) impose age-assurance duties on generative AI and AI companion services, and the Digital Transformation Agency's Policy for the responsible use of AI in government binds 94 non-corporate Commonwealth entities. The cross-sector automated decision-making transparency obligation added to Australian Privacy Principle 1 by the Privacy and Other Legislation Amendment Act 2024 commences 10 December 2026.","Policy runs on soft law plus funding: voluntary guardrails, Guidance for AI Adoption, a funded AI Safety Institute working with the Australian Signals Directorate and CSIRO, and a coordinating Office of AI established in the Department of the Prime Minister and Cabinet on 15 July 2026. Binding levers remain confined to the online safety codes, the public-sector AI policy and the forthcoming Privacy Act automated decision-making obligation.",Oversight is dispersed across independent regulators with a new central coordinator in PM&C and shared Commonwealth-state commitments through National Cabinet. States implement national settings and manage their own agency AI use; courts and tribunals intervene case by case.,"Government consults industry, creators, civil society and researchers through published processes such as the data centre and frontier AI consultation paper and the OAIC automated decision-making consultation, with no standing statutory advisory body. International engagement is extensive, spanning the OECD, GPAI, the AI safety institute network and international standards development.","Enforcement is carried out by existing regulators using penalty-backed powers, with eSafety taking published action against generative AI services and OAIC preparing to enforce the December 2026 automated decision-making obligation.","Privacy Act 1988 as amended by the Privacy and Other Legislation Amendment Act 2024 (automated decision-making transparency obligation commencing 10 December 2026), Online Safety Act 2021 and the Age-Restricted Material (Phase 2) Industry Codes (2025, in force 9 March 2026), Australian Consumer Law (Competition and Consumer Act 2010), Copyright Act 1968, National AI Plan (2025), Voluntary AI Safety Standard (2024), Guidance for AI Adoption (2025), Policy for the responsible use of AI in government version 2.0 (2025)",https://www.pmc.gov.au/domestic-policy/office-ai | https://www.industry.gov.au/science-technology-and-innovation/technology/artificial-intelligence | https://www.oaic.gov.au/engage-with-us/consultations/consultation-on-guidance-for-transparency-in-automated-decision-making | https://www.esafety.gov.au/newsroom/media-releases/esafety-takes-action-against-another-major-nudify-service-for-failing-to-protect-australian-children | https://architecture.digital.gov.au/policy/responsible-use-of-ai-in-government,2026-10-06,medium
Austria,"Austria regulates AI through the directly applicable EU AI Act, amended by the Digital Omnibus on AI that entered into force on 24 July 2026 and moved Annex III high-risk obligations to 2 December 2027 and Annex I embedded systems to 2 August 2028; prohibitions, AI literacy, GPAI duties and Article 50 transparency apply today. Nationally, the Nationalrat adopted an amendment to the Allgemeines Verwaltungsverfahrensgesetz and the Verwaltungsstrafgesetz on 23 September 2026 creating the legal basis for chatbots, fully automated decisions and no-stop procedures in administrative proceedings. National execution lags: no implementing act exists, and the notifying and market surveillance authorities required by Article 70 remain undesignated.","The binding layer is the EU AI Act plus two national AI-specific statutes (the KI-Servicestelle provisions in the KommAustria-Gesetz and TKG 2021, and the 2026 AVG/VStG amendment), complemented by RTR and Datenschutzbehörde guidance and by funding and public-sector AI programmes such as aws AI Adoption, AIM AT 2030 funding, Digital Überall Plus and Public AI. Institutional capacity is advisory: the KI-Servicestelle and the eleven-member KI-Beirat advise, and no body holds AI Act compliance powers.","AI governance is federal and centred on the RTR KI-Servicestelle as information hub, with the Datenschutzbehörde and sectoral regulators applying their own remits and the Bundeskanzleramt digitalisation section leading AI Act implementation. Coordination runs through the inter-ministerial AI Policy Forum, the KI-Beirat, the AI Stakeholder Forum and the Public AI Initiative, which also links the Länder and municipalities; courts and the Datenschutzbehörde review individual AI uses.","Structured consultation runs through the AI Stakeholder Forum and ministerial Begutachtung procedures, with the KI-Beirat giving academic and legal experts a standing advisory seat; industry and civil society participate as consultees rather than as permanent members. Internationally, Austria acts through the European AI Board, the OECD and the G7 Hiroshima AI Process.","AI Act penalties are legally available but unenforceable in practice because Austria has designated no market surveillance authority and passed no penalties regime, leaving data protection law as the only route under which AI decisions have been taken.","EU AI Act / Regulation (EU) 2024/1689 (2024), Digital Omnibus on AI amending Regulation (EU) 2024/1689 (2026), AVG and VStG amendment on digitalisation and AI in administrative procedures (2026), KommAustria-Gesetz amendment establishing KI-Servicestelle / BGBl. I Nr. 6/2024 (2024), TKG 2021 §194a (2024 amendment), Digital Austria Act 2.0 (2025), Public AI Initiative (2026), KI-Maßnahmenpaket (2025), AIM AT 2030 / Artificial Intelligence Mission Austria 2030 (2021), KI-Umsetzungsplan 2024 (2024), Austrian Data Protection Act / DSG (2018, amended), GDPR / Regulation (EU) 2016/679 (2016)",https://www.digitalaustria.gv.at/themen/kuenstliche-intelligenz/ai-act.html | https://www.rtr.at/rtr/service/ki-servicestelle/faq/FAQ.de.html | https://www.oesterreich.gv.at/de/Gesetzliche-Neuerungen/Beschluss-des-Nationalrates/allgemeines-verwaltungsverfahrensgesetz-ua | https://dsb.gv.at/aktuelles/informationen-der-datenschutzbehoerde-zum-verhaeltnis-zwischen-der-dsgvo-und-der-verordnung-eu-ueber-kuenstliche-intelligenz-ki-vo-fuer-verantwortliche-des-privaten-bereichs | https://www.bundeskanzleramt.gv.at/bundeskanzleramt/nachrichten-der-bundesregierung/2026/03/5-konkrete-ki-anwendungen-fuer-oesterreichs-bundesverwaltung.html,2026-10-06,medium
Azerbaijan,"Azerbaijan's primary AI governance instrument remains the AI Strategy 2025–2028 (Presidential Decree No. 530, March 2025), which is non-binding but mandates establishing a dedicated AI legal framework by 2027. The April 2026 Criminal Code amendments (Articles 148-2 and 242-1) introduced the first binding AI-specific criminal penalties—targeting deepfakes and non-consensual AI-generated content—but these are narrow, use-case-specific provisions rather than horizontal AI regulation. No comprehensive binding AI law is in force or in active parliamentary process.","Policy relies on presidential strategies (AI Strategy 2025–2028, Digital Economy Strategy 2026–2029) and targeted criminal code amendments; there is one binding instrument (the April 2026 criminal penalties) limited to specific AI misuse. The strategy mentions preferential loans and a planned AI innovation hub, but no operational sandbox or mature suite of guidance exists, and AI oversight capacity sits within the Ministry of Digital Development and Transport without dedicated AI staffing.","Governance is highly centralized: the Presidential Administration drives AI strategy via decree, with the Ministry of Digital Development and Transport as the lead implementing body and no independent AI regulator. Azerbaijan is a unitary state with no subnational AI role; courts may apply the new criminal provisions but no standing independent review mechanism for AI exists.","Industry and academia have limited structured input, mainly through working groups referenced in strategy documentation, while domestic civil society engagement is minimal given Azerbaijan's constrained NGO environment. Internationally, Azerbaijan participates in Turkic States AI cooperation frameworks, maintains bilateral AI partnerships with Turkey and Israel, and is a Council of Europe member engaged in digital governance discussions, though it has not signed the CoE AI Convention (CETS 225).","A narrow sanctions framework exists via the April 2026 criminal code amendments (imprisonment up to three years for AI-generated deepfakes/non-consensual content), but no dedicated AI enforcement authority exists, no AI-specific enforcement actions have been recorded, and no routine monitoring or public AI compliance reporting is in place.","Artificial Intelligence Strategy of the Republic of Azerbaijan for 2025–2028 (Presidential Decree No. 530, 2025), Digital Economy Development Strategy 2026–2029 (Presidential Decree, 2025), Criminal Code amendments introducing Articles 148-2 and 242-1 on illegal AI use (2026), Action Plan for Accelerating Digital Development 2026–2028 (2026)",https://www.caspianlegalcenter.az/news/more/ai-use-crime|https://www.lexmundi.com/guides/ai-legislative-guide/jurisdictions/middle-east/azerbaijan/|https://dig.watch/resource/the-artificial-intelligence-strategy-of-the-republic-of-azerbaijan-for-2025-2028|https://news.az/news/azerbaijan-approves-penalties-for-ai-generated-fake-non-consensual-content|https://www.deloitte.com/az/en/services/legal/perspectives/legislative-tracking.html,2026-06-13,medium
Bahamas,"AI obligations in The Bahamas sit inside sectoral and general instruments: clause 2.8 of URCA's Code of Practice for Content Regulation (Revised 2024) requires licensed broadcasters to maintain internal policies on AI and synthetic media, section 18 of the Electricity Act, 2024 empowers URCA to make AI regulations for the electricity sector on stated principles, and the Data Protection Act, 2025 defines profiling to include artificial intelligence and restricts decisions based solely on automated processing. The Speech from the Throne of May 2026 committed the government to an Artificial Intelligence Governance Act establishing a national AI commission, and the Ministry of Innovation and National Development announced in June 2026 a national AI Committee to draft that legislation, which has not been tabled. Coverage therefore remains narrow and content-specific rather than horizontal.","Policy levers are thin: a single binding AI provision in URCA's broadcasting content code, an unused regulation-making power for AI in the electricity sector, announced AI literacy and skills funding financed by an IDB loan, and a national AI Committee tasked with drafting the first AI legislation. No national AI strategy, guidance suite, regulatory sandbox or AI procurement rule has been published.","Governance is sectorally fragmented: URCA regulates AI use by communications and broadcasting licensees and may regulate it in electricity, while the Data Protection Commissioner oversees automated processing and profiling. Coordination is informal pending the promised national AI commission, there is no subnational tier, and judicial or tribunal review of AI matters has not been exercised.","Structured domestic input on AI has come through regulator consultations, notably URCA's 2024 content code consultation with broadcast licensees and the Office of the Data Protection Commissioner's 2025 consultation on the draft Data Protection Bill. Internationally the country participates in CARICOM and UNESCO Caribbean AI processes and ILO discussions, without treaty-level AI commitments.","Enforcement of the few AI provisions rests on URCA's general licensing powers, and no AI-related sanction, decision or audit has been published.","Electricity Act (2024), URCA Code of Practice for Content Regulation (Revised 2024, ECS 78/2024), Data Protection Act (2025), Data Protection (Privacy of Personal Information) Act (2003), Artificial Intelligence Governance Act (announced in the Speech from the Throne, 2026, not yet tabled)",https://www.bahamas.gov.bs/news-press-release/innovation-ministry-to-establish-a-national-ai-committee-to-draft-the-country-s-first-ai-legislation | https://urcabahamas.bs/wp-content/uploads/2024/12/URCA-ECS-78-2024-Code-of-Practice-for-Content-Regulation-Revised.pdf | https://urcabahamas.bs/wp-content/uploads/2024/06/Electricity-Act-2024.pdf | https://laws.bahamas.gov.bs/cms/images/LEGISLATION/PRINCIPAL/2025/2025-0074/2025-0074_1.pdf | https://www.oag.gov.bs/news-press-release/public-consultation-on-the-draft-data-protection-bill-2025,2026-10-06,medium
Bahrain,"Bahrain's standalone 38-article Artificial Intelligence Regulation Law, unanimously approved by the Shura Council in April 2024, was returned by the Cabinet with objections and was still not enacted when the Shura Legislative and Legal Affairs Committee described continued drafting on an EU- and Arab-model basis in June 2026. The instrument that applies today is the Information & eGovernment Authority's General Policy for the Use of Artificial Intelligence (Version 1.0, 30 July 2025), an AI-specific directive limited to government entities, alongside the Personal Data Protection Law (2018) and the Information Technology Crimes Law (2014), which contain no provisions written for AI.","Bahrain relies on an administrative public-sector directive plus guidance — the General Policy for the Use of Artificial Intelligence, the GCC Guiding Manual on the Ethics of AI Use, and World Economic Forum-developed AI procurement guidelines — combined with funded skills and talent programmes run by Tamkeen, the iGA and Bahrain Polytechnic. The regulatory sandbox the government proposed as an alternative to the draft AI law has not been established, and no body holds a statutory AI compliance mandate.","Governance is centralised in the Information & eGovernment Authority under the Ministerial Committee for Information Technology and Communication, with sectoral authorities such as the Central Bank of Bahrain and the Personal Data Protection Authority touching AI only through existing remits. Governorates play no role, and no court or independent body has shaped AI rules.","Policy development draws on government bodies, state-linked institutions, industry-facing agencies such as Tamkeen and academic input from Bahrain Polytechnic, with no standing advisory body for non-governmental actors. Domestic civil society has no documented role, while international engagement runs through the GCC Ministerial Committee for eGovernment and UNESCO's ethics and readiness work.","Enforcement is confined to general data protection and cybercrime powers, as the penalty regime of the draft AI Regulation Law is not in force and no AI oversight unit has been established.","Draft Artificial Intelligence Regulation Law (38 articles, Shura Council approved April 2024, pending in the Council of Representatives), General Policy for the Use of Artificial Intelligence Version 1.0 (2025), GCC Guiding Manual on the Ethics of Artificial Intelligence Use (adopted 2025), Personal Data Protection Law No. 30 of 2018, Information Technology Crimes Law No. 60 of 2014",https://www.iga.gov.bh/Media/Publications/National%20Digital%20Policies/General%20Policy%20for%20the%20Use%20of%20AI%20-%20%20Final%2030%20Jul%202025.pdf | https://www.iga.gov.bh/Media/Agencies/Kingdom%20of%20Bahrain%20AI%20RAM%20Report.pdf | https://www.gdnonline.com/Details/1398122 | https://www.ipu.org/impact/democracy-and-strong-parliaments/artificial-intelligence/parliamentary-actions-ai-policy | https://www.newsofbahrain.com/bahrain/105401.html,2026-10-06,medium
Bangladesh,"Bangladesh has no AI-specific statute; the Cyber Security (Amendment) Act 2026, passed on 30 June 2026, inserts obligations on removal of harmful and defamatory AI-generated content and platform response timeframes, giving the country one narrow binding AI rule. The National AI Policy 2026-2030 (Draft v2, 9 February 2026) completed public consultation on 8 February 2026 and remains unadopted, while the Law, Justice and Parliamentary Affairs Ministry said on 2 September 2026 that a draft AI law will go to parliament after expert review. Personal Data Protection Ordinance 2025 and National Data Governance Ordinance 2025, gazetted on 9 November 2025, touch AI only incidentally.","Policy runs through a drafting ministry rather than statutory levers: the ICT Division steers the draft National AI Policy 2026-2030, and the single binding AI measure sits inside cyber security law enforced by the Bangladesh Telecommunication Regulatory Commission and the National Cyber Security Agency. Proposed sandboxes, an AI cloud and research funding remain on paper.","AI governance is centralized in the ICT Division of the Ministry of Posts, Telecommunications and Information Technology, supported by a cross-ministry National AI Policy Steering Committee and, for AI-generated content, the Bangladesh Telecommunication Regulatory Commission and National Cyber Security Agency. No subnational tier and no independent review body shapes AI rules.","Industry, academia and civil society entered the process through a time-limited public consultation on the draft National AI Policy and through the UNESCO-supported readiness assessment, in consultative rather than standing roles. International engagement runs through UNESCO and UN digital governance forums.","Enforcement reaches AI only through cyber security content powers exercised by the Bangladesh Telecommunication Regulatory Commission and National Cyber Security Agency, with no published decisions or audits under the new AI-content provisions.","Cyber Security (Amendment) Act (2026), Cyber Security Ordinance (2025), Personal Data Protection Ordinance (2025), National Data Governance Ordinance (2025), National AI Policy 2026-2030 (Draft v2, 2026), National Strategy for Artificial Intelligence (2020)",https://aipolicy.gov.bd/docs/national-ai-policy-bangladesh-2026-2030-draft-v2.0.pdf | https://ictd.gov.bd/pages/notices/national-ai-policy-bangladesh-2026-2030-draft-v11-6966e23b8c8a196928d558b4 | https://www.bssnews.net/js-session/401310 | https://www.tbsnews.net/bangladesh/law-ai-use-be-enacted-after-expert-review-minister-1531836 | https://www.bssnews.net/news-flash/330104,2026-10-06,medium
Barbados,"Barbados governs AI through general law only: the Data Protection Act, 2019-29 covers automated processing and profiling and requires data protection impact assessments for decisions based on automated processing, but contains nothing written for AI systems. No AI bill has been laid before Parliament, and the Cybercrime Bill, 2024 debate concerned online speech rather than AI. Government activity in 2026 consisted of ministerial statements, skills programmes and international advocacy rather than legislation.","Policy action is confined to capacity-building and rhetoric: the National Digital Skills Empowerment Campaign launched in July 2026 and a deep tech fellowship programme address digital and AI skills, while an announced assessment of AI's impact on the Barbadian workforce was made in October 2026. No AI-specific binding instrument, national guidance document, sandbox or dedicated body exists.","Governance is centralised in a single ministry, with the Data Protection Commissioner the only regulator whose remit reaches automated processing. Independent review exists on paper through the Data Protection Tribunal and the courts, and no subnational tier plays any role.","Engagement is led by government and directed outward: Barbados advocates inclusive global AI rules at the United Nations, hosts the UN Independent International Scientific Panel on AI, and takes part in CARICOM and Caribbean Telecommunications Union AI work including the Caribbean AI Task Force. Domestic involvement of industry, unions and academia is occasional and event-based rather than structured.","Enforcement reaching AI is limited to the general powers of the Data Protection Commissioner under the Data Protection Act, 2019-29, and no AI-related action or audit has been taken.","Data Protection Act, 2019-29 (2019)",https://www.lexmundi.com/guides/data-privacy-guide/jurisdictions/caribbean/barbados/ | https://barbadostoday.bb/2026/09/25/barbados-to-host-un-ai-panel-as-global-concern-over-safeguards-grows/ | https://www.cbc.bb/main-stories/government-to-assess-ais-impact-on-barbadian-workforce/ | https://ctu.int/ctu-caribbean-ai-task-force-issues-interim-report-calling-for-harmonised-regional-ai-governance/,2026-10-06,medium
Belarus,"Belarus has no enacted AI-specific legislation. A national law on AI technologies, drafted by the United Institute of Informatics Problems of the National Academy of Sciences on the basis of the CIS Model Law on Artificial Intelligence Technologies and worked on by a 42-member cross-ministerial group, remains at the preparatory stage; on 6 September 2026 the Council of the Republic's expert advisory council confirmed that legislative work continues without a bill before parliament. The only AI-specific binding text in preparation is a July 2026 draft amendment to Law No. 99-Z on Personal Data Protection requiring notification and consent where AI is used for legally significant decisions.","Belarus governs AI through programs, standards and tax incentives rather than binding rules: the State Program ""Digital Belarus"" 2026–2030 and the State Program ""Belarus Intellectual"" 2026–2030 fund AI deployment, Gosstandart builds a national AI standards base, and the High-Tech Park regime under Decree No. 8 provides sector-wide tax benefits. No body holds a legal AI compliance mandate.","Governance is centralized and executive-led: the National Academy of Sciences drafts AI legislation and is slated to become the sectoral AI regulator, while the Ministry of Communications and Informatization runs the Digital Belarus program and Gosstandart issues AI standards. Coordination occurs through temporary working groups and presidential advisory councils, with no subnational tier and no independent judicial or ombudsman oversight.","Policy-making is driven by state institutions, with the National Academy of Sciences as the lead expert body and industry engaged through the High-Tech Park and UNDP-supported forums in Minsk. Domestic civil society is excluded, and international engagement is confined to CIS, EAEU and Union State channels plus UNDP technical cooperation.","No AI-specific obligations, penalties or enforcement body exist, leaving only general personal data and administrative law available against AI-related conduct.","State Program ""Digital Belarus"" for 2026–2030 (Council of Ministers Resolution No. 793 of 30 December 2025), State Program ""Belarus Intellectual"" for 2026–2030 (Council of Ministers Resolution No. 796 of 30 December 2025), Law of the Republic of Belarus No. 99-Z on Personal Data Protection (2021) and its draft 2026 amendments on decisions taken with artificial intelligence, Decree No. 8 on the Development of the Digital Economy (2017), CIS Model Law on Artificial Intelligence Technologies (2025, drafted by the National Academy of Sciences of Belarus and adopted by the CIS Interparliamentary Assembly)",https://eng.belta.by/economics/view/ai-applications-in-economy-branches-discussed-by-belarus-government-186719-2026/ | https://pravo.by/document/?guid=3871&p0=C22500793 | https://www.belarus.by/en/government/events/belarus-plans-to-start-drawing-up-ai-bill-in-2026_i_196192.html | https://pravo.by/novosti/obshchestvenno-politicheskie-i-v-oblasti-prava/2026/maj/93598/ | https://eng.belta.by/society/view/belarus-to-introduce-20-25-new-ai-standards-in-2026-180910-2026/,2026-10-06,medium
Belgium,"Belgium is governed by the directly applicable EU AI Act (Regulation 2024/1689): prohibited practices and AI-literacy duties since 2 February 2025, general-purpose AI model and penalty provisions since 2 August 2025, and Article 50 transparency duties since 2 August 2026, while Annex III high-risk obligations now fall on 2 December 2027 under Digital Omnibus Regulation (EU) 2026/1744. No national AI statute has been enacted; BIPT's role rests on the Government Declaration of 31 January 2025 and the 2025-2029 Federal Government Agreement rather than legislation. A Royal Decree of 20 July 2026 approving the Professional Institute of Real Estate Agents code of ethics, in force 1 October 2026, adds a binding AI chapter for one profession.","The binding layer is the EU AI Act plus a narrow Royal Decree AI chapter for real-estate agents, supplemented by soft law from BIPT, FPS Economy and the APD/GBA and by a new federal AI strategy presented by Minister Vanessa Matz in September 2026. Funding runs through TRAIL, regional programmes and EuroHPC, but no regulatory sandbox operates and no authority yet holds statutory AI compliance powers.","Governance is dispersed across a politically designated lead regulator (BIPT), sectoral supervisors, the APD/GBA and 21 fundamental-rights bodies under Article 77, coordinated by FPS Economy and an AI Steering Committee created by Royal Decree. Regions hold their own AI strategies and budgets, while independent review of AI reaches courts and the data protection authority only occasionally.","Industry and academia hold seats in the AI Steering Committee and the Data and AI Ethics Advisory Committee, and AI4Belgium channels broader stakeholder input, while civil society participates through consultation rather than standing roles. Internationally Belgium acts through the EU AI Board, EuroHPC JU and OECD work on the EU coordinated plan.","The AI Act penalty ceilings apply in principle, but Belgium has no enabling statute, no resourced AI supervisor and no published AI-specific enforcement decision.","EU AI Act / Regulation (EU) 2024/1689 (2024), Digital Omnibus on AI / Regulation (EU) 2026/1744 (2026), Royal Decree of 20 July 2026 approving the code of ethics of the Professional Institute of Real Estate Agents, including its artificial intelligence chapter (2026), Royal Decree establishing the AI Steering Committee (2024), Royal Decree establishing the Data and AI Ethics Advisory Committee (2023/2024), Federal Government Agreement 2025-2029 (2025), Government Declaration of 31 January 2025 designating BIPT (2025), National Convergence Plan for the Development of Artificial Intelligence (2019), Federal AI strategy presented September 2026 (2026), Flanders AI Policy Plan 2024-2028 (2024), GDPR / Regulation (EU) 2016/679 (2016)",https://www.bipt.be/operators/application-of-the-ai-act | https://cms.law/en/int/expert-guides/ai-regulation-scanner/belgium | https://www.glacis.io/guide-eu-ai-act-belgium | https://www.rtbf.be/article/garder-la-maitrise-de-l-intelligence-artificielle-la-belgique-se-dote-d-une-nouvelle-strategie-ia-11785830 | https://www.autoriteprotectiondonnees.be/publications/l-impact-de-l-intelligence-artificielle-sur-la-vie-privee.pdf,2026-10-06,medium
Belize,"Belize has no AI statute and no national AI strategy; the Data Protection Act 2021, Digital Government Act 2022 and Telecommunications Act (Cap. 229) contain no AI-specific provisions. The single binding AI-specific instrument is Practice Direction No. 18 of 2025, Ethical Use of Generative Artificial Intelligence in Court Proceedings, in force in the Senior Courts since 12 August 2025, which sets disclosure and verification duties for judges, attorneys and court staff. Economy-wide AI activity remains confined to policy documents such as the Global Digital Services Investment Policy and Strategy (2025) and the National Digital Infrastructure Plan (2025), which impose no obligations.","Belize relies on one narrow binding instrument for the courts plus judiciary-level guidance and training workshops, with no national AI principles document, funding scheme, sandbox or AI procurement rules. Institutional capacity sits with the Ministry of E-Governance and the Data Protection Commissioner, neither of which holds an AI-specific legal mandate.","AI governance is fragmented across central-government bodies with no designated AI regulator and no formal coordination structure, while the independent judiciary is the only institution to have issued binding AI rules. Local government plays no role.","Domestic engagement on AI is limited to sectoral workshops with industry and informal academic contributions from the University of Belize, with civil society absent from any AI policy process. Belize's most substantive involvement is regional, through the Caribbean Telecommunications Union AI work and its 2026 presidency of the SICA regional digital strategy group.","Enforcement is confined to judges applying Practice Direction No. 18 of 2025 within court proceedings, with no AI-specific penalties, decisions or routine monitoring elsewhere.","Practice Direction No. 18 of 2025 (Ethical Use of Generative Artificial Intelligence in Court Proceedings), Senior Courts Act (2022), Digital Government Act (2022), Data Protection Act (2021), Telecommunications Act (Cap. 229), National Digital Agenda 2022-2025, Global Digital Services Investment Policy and Strategy (2025), National Digital Infrastructure Plan (2025)",https://www.belizejudiciary.org/wp-content/uploads/2025/11/Practice-Direction-No.-18-of-2025-Ethical-Use-of-Generative-Artificial-Intelligence-in-Court-Proceedings.pdf | https://www.unodc.org/dohadeclaration/en/news/2025/safeguarding-judicial-integrity-in-the-age-of-social-media-and-artificial-intelligence_a-perspective-from-belize.html | https://www.pressoffice.gov.bz/wp-content/uploads/2025/12/Ministry-of-E-Governance-Annual-Technical-Report_2025-compressed.pdf | https://egov.gov.bz/2026/07/03/cyber-security-in-the-age-of-ai-may-13-2026/ | https://www.nationalassembly.gov.bz/wp-content/uploads/2021/12/Act-No-45-of-2021-Data-Protection-Act.pdf,2026-10-06,medium
Benin,"Benin regulates AI through a strategy rather than law: the SNIAM 2023-2027, approved by the Council of Ministers on 18 January 2023, sets objectives and four programmes but imposes no obligations. Binding rules touching AI come only from general instruments, the Code du Numérique (Loi No. 2017-20 of 2018, amended by Loi No. 2020-35 of 2021) and Loi No. 2009-09 on personal data, neither of which contains provisions written for AI systems. Creation in May 2026 of a Ministry of Digital Transformation and Innovation explicitly charged with the national AI strategy did not add any binding instrument.","Policy runs through strategy, skills and ecosystem funding rather than regulation, with the Ministry of Digital Transformation and Innovation steering SNIAM implementation and the Agence des Systèmes d'Information et du Numérique executing state digital projects. The only binding levers reaching AI are the general digital code and data protection law enforced by the APDP.","AI governance is centralized in the Ministry of Digital Transformation and Innovation, which since May 2026 carries explicit responsibility for the national AI strategy, supported operationally by the Agence des Systèmes d'Information et du Numérique. Independent oversight is limited to the general data protection authority, and local governments and courts play no AI-specific role.","Domestic involvement is consultative and project-based: industry, startups and universities contributed to the SNIAM and to training and innovation programmes, while civil society participation has not been institutionalised. Internationally Benin aligns with African Union and Smart Africa frameworks and pursues bilateral digital cooperation, without treaty-level AI commitments.","Enforcement touching AI occurs only through general data protection and digital code powers held by the APDP, with no AI-specific sanctions, authority or published decisions.","Stratégie Nationale d'Intelligence Artificielle et des Mégadonnées (SNIAM) 2023-2027, Code du Numérique (Loi No. 2017-20 of 2018, amended by Loi No. 2020-35 of 2021), Loi No. 2009-09 of 2009 on Protection of Personally Identifiable Information",https://oecd.ai/en/dashboards/policy-initiatives/national-artificial-intelligence-and-big-data-strategy-2023-2027 | https://numerique.gouv.bj/publications/documents | https://innovation.gouv.bj/le-ministere/le-ministre | https://council.science/wp-content/uploads/2025/02/AI-Paper-Case-Study-Benin_V1.pdf | https://www.oecd.org/en/publications/oecd-artificial-intelligence-case-studies_c517fcf5-en/ai-governance-in-africa_1ff55135-en.html,2026-10-06,medium
Bhutan,"Bhutan governs AI through soft instruments: the National AI Strategy (NAIS) 2025, the Guideline for Generative Artificial Intelligence Usage in the Civil Service 2024 issued by the Royal Civil Service Commission with GovTech, and the Bhutan AI Readiness Assessment (AIRA) 2024. The National Assembly's June 2025 motion called for a regulatory framework, but no AI bill has reached the legislature and Bhutan also lacks a general data protection statute. Coverage of AI obligations extends only to civil servants, on a non-binding basis.","Policy runs on soft guidance and capacity-building: NAIS 2025, the 2024 civil-service generative AI guideline, and GovTech's AI Startup Program and AI Lab Program. No binding AI rule, regulatory sandbox or AI procurement requirement is in place, and GovTech holds no statutory AI mandate.","AI policy is centralized in GovTech, with the Prime Minister-chaired GovTech Commission providing general digital oversight and the GNH Commission supplying values framing. Local governments have no AI function and no independent or judicial body reviews AI decisions.","Participation is consultative and episodic: industry, universities and development partners contributed to AIRA 2024 and the NAIS 2025 drafting, but no standing formal role exists for industry, civil society or academia. International engagement runs through UNDP, UNESCO and the 50-in-5 campaign rather than binding instruments.","Bhutan has no AI enforcement machinery, penalties or audit regime, and oversight consists of one-off readiness studies.","National AI Strategy (NAIS) 2025, Guideline for Generative Artificial Intelligence Usage in the Civil Service (2024), Bhutan AI Readiness Assessment (AIRA) Report (2024), Digital Strategy: Intelligent Bhutan (2024), National Digital Identity Act of Bhutan (2023)",https://tech.gov.bt/wp-content/uploads/2025/10/National-AI-Strategy-2025.pdf | https://tech.gov.bt/guideline-for-generative-artificial-intelligence-usage-in-the-civil-service-2024/ | https://tech.gov.bt/publications/ | https://tech.gov.bt/ai-startup/ | https://www.ipu.org/impact/democracy-and-strong-parliaments/artificial-intelligence/parliamentary-actions-ai-policy,2026-10-06,medium
Bolivia,"Bolivia has no enacted AI law. The only AI-specific legislative instrument, Proyecto de Ley 178/2024-2025 on the promotion, management and use of artificial intelligence, was passed by the Senate on 22 October 2025 with 31 articles creating an AI regulatory authority, prohibited practices and fines, and awaits treatment in the Chamber of Deputies. Regional commitments under the Santiago Declaration (2023) and Cartagena Declaration (2024) remain non-binding.","Policy action consists of state projects and international cooperation rather than rules: the sovereign BolivIA platform presented by the Ministry of Planning, Development and Environment in August 2026, and the AGETIC-UNESCO agreement of 27 August 2026 to run the Readiness Assessment Methodology. No AI guidance, sandbox, funding line or legally mandated AI body exists.","AI-related activity is concentrated in central executive bodies, chiefly AGETIC under the Ministry of the Presidency and the Ministry of Planning, Development and Environment, with the general ICT council CTIC-EPB as the only standing coordination forum. Departments and municipalities play no role, and courts and independent bodies have not intervened in AI matters.","Engagement is overwhelmingly external: regional declarations, the UNESCO readiness assessment agreed with AGETIC in August 2026, and the Vice-President's attendance at a regional AI meeting in Asunción in September 2026. Domestic industry and civil society have no structured channel into AI policy, and academic involvement is limited to commentary and expert participation.","No AI obligations, penalties or enforcement authority are in force, and the only oversight activity is the one-off UNESCO readiness assessment begun in August 2026.","Proyecto de Ley 178/2024-2025, Promoción, Gestión y Uso de la Inteligencia Artificial (approved by the Senate 22 October 2025, pending in the Chamber of Deputies), Santiago Declaration on Artificial Intelligence (2023), Cartagena Declaration on Artificial Intelligence (2024)",https://agetic.gob.bo/comunicacion/noticias/notas-de-prensa | https://eldeber.com.bo/pais/senado-aprueba-proyecto-ley-uso-inteligencia-artificial-da-prerrogativas-agetic_1761265348 | https://larazon.bo/sociedad/2025/10/23/senado-aprueba-ley-pionera-para-regular-la-inteligencia-artificial/,2026-10-06,medium
Bosnia and Herz.,"There is no dedicated AI law, no state-level AI strategy and no binding AI-specific rule in force or before the Parliamentary Assembly. The only national commitment to binding AI obligations is the signature of the Council of Europe Framework Convention on Artificial Intelligence and Human Rights, Democracy and the Rule of Law on 9 December 2025, which has not been ratified; AI reaches domestic law only through the automated decision-making provisions of the Law on Personal Data Protection (Official Gazette of BiH 12/25).","Policy action is confined to non-binding internal guidance: recommendations from the General Secretariat of the Council of Ministers for institutional use of AI tools and the Parliamentary Assembly's Roadmap for Artificial Intelligence (2026) governing AI use in its own operations. Funding, procurement rules, sandboxes and a mandated AI institution are all absent, and AI-related capacity building is carried by UNDP, OHCHR and OSCE support.","Authority over AI is dispersed by the constitutional structure: the state level has no lead AI body, while the Federation of Bosnia and Herzegovina, Republika Srpska and Brčko District retain the legislative powers that would carry AI rules and have produced only development strategies mentioning AI. Inter-institutional contact occurs through one-off conferences rather than a formal coordination mechanism, and no judicial or independent-review body has engaged with AI.","Domestic engagement is limited to donor-organised events, notably the 26-27 November 2025 conference convened by the Ministry of Human Rights and Refugees and the Ministry of Communications and Transport with UNDP, OHCHR and OSCE, which brought in academia, civil society and industry without creating any standing role. International exposure is the most developed strand: signature of the Council of Europe Framework Convention on Artificial Intelligence and EU candidate status driving alignment expectations with Regulation (EU) 2024/1689.","Nothing AI-specific is enforced: sanctions and supervision reach AI only through data protection and criminal law, no AI case has been decided, and oversight consists of one-off donor-supported surveys.","Council of Europe Framework Convention on Artificial Intelligence and Human Rights, Democracy and the Rule of Law (CETS No. 225, signed 9 December 2025, not ratified), Law on Personal Data Protection of Bosnia and Herzegovina (2025, Official Gazette of BiH 12/25), Roadmap for Artificial Intelligence of the Parliamentary Assembly of Bosnia and Herzegovina (2026), Development Strategy of the Federation of Bosnia and Herzegovina 2021-2027 (entity-level, mentions artificial intelligence)",https://www.undp.org/bosnia-herzegovina/news/parliamentary-assembly-bosnia-and-herzegovina-lays-foundation-responsible-use-artificial-intelligence | https://cms.law/en/int/expert-guides/ai-regulation-scanner/bosnia-and-herzegovina | https://www.coe.int/en/web/artificial-intelligence/countries | https://www.dlapiperdataprotection.com/?t=law&c=BA | https://www.undp.org/bosnia-herzegovina/news/safeguarding-rights-digital-age-joint-efforts-guide-responsible-ai-use-bosnia-and-herzegovina,2026-10-06,medium
Botswana,"Botswana has no AI-specific legislation in force or before Parliament; the first National Artificial Intelligence Policy, informed by the UNESCO Readiness Assessment Methodology completed in 2024-2025, is still at drafting stage. AI is reached only incidentally by general digital law: the Data Protection Act, 2024 (Act No. 18 of 2024, effective 14 January 2025) regulates solely automated decision-making and profiling and requires impact assessments for automated processing, while the Digital Services Act, 2025 and Cybersecurity Act, 2025 carry no AI provisions.","Policy action consists of preparatory work only: a draft National Artificial Intelligence Policy, the UNESCO Readiness Assessment Methodology exercise, and collaboration with Estonia on an AI strategy. Funding flows to general digital transformation under SmartBots and the Digital Delta Data Centre rather than to AI-specific programs, and no sandbox, procurement rule or AI body exists.","AI-adjacent governance is centralised in the Ministry of Communications and Innovation and BOCRA, which also hosts the Information and Data Protection Commission, with the Digital Services Authority and National Cyber Security Authority created in 2025 for adjacent fields. There is no dedicated AI body, no formal coordination mechanism, no subnational competence and no judicial or independent review of AI matters.","AI policy-making is government-led, with occasional industry exposure at summits and academic research feeding analysis rather than formal advisory structures, and no documented domestic civil society participation. International engagement is the strongest channel: the UNESCO readiness assessment, the Estonia partnership, Smart Africa Alliance membership and African Union digital economy frameworks.","No AI-specific obligation, sanction or enforcement authority exists, and oversight is limited to general data protection and cybersecurity powers that have produced no recorded AI-related action.","Data Protection Act, 2024 (Act No. 18 of 2024), Digital Services Act, 2025, Cybersecurity Act, 2025, draft National Artificial Intelligence Policy (2025, not adopted)",https://www.unesco.org/ethics-ai/en/global-hub/botswana | https://www.unesco.org/ethics-ai/en/botswana | https://dailynews.gov.bw/news-detail/88106 | https://dailynews.gov.bw/news-detail/88151 | https://www.trade.gov/country-commercial-guides/botswana-digital-economy,2026-10-06,medium
Brazil,"Brazil regulates AI through a patchwork of sector-specific binding instruments — TSE Resolution 23.755 of 2 March 2026 on synthetic content in electoral propaganda, CFM Resolution 2.454/2026 on AI in medicine, Portaria MGI 3.485 of 24 April 2026 on AI governance in the federal administration, and Lei 15.123/2025 criminalising AI-assisted violence against women — alongside general law (LGPD Law 13.709/2018, Marco Civil Law 12.965/2014, ECA Digital Law 15.211/2025 in force since 17 March 2026). The horizontal AI Legal Framework, PL 2338/2023, was approved by the Senate on 10 December 2024 but remains before the Chamber of Deputies special committee, with the rapporteur confirming on 24 August 2026 that the vote would follow the October 2026 elections. Obligations therefore apply only in defined domains, not economy-wide.","Policy runs through indirect binding law (LGPD, ECA Digital), narrow AI-specific norms in elections, medicine and public administration, and a substantial soft-law and funding layer: PBIA 2024–2028, the ANPD AI regulatory sandbox now in its testing phase, and Lei 15.504/2026 incentives for data centres. The ANPD, upgraded to a regulatory agency by Lei 15.352/2026, publishes AI guidance and priority-themes plans while lacking a statutory AI mandate.","Governance is plural and uncoordinated: the ANPD is the presumptive lead under the pending bill while the TSE, CFM, Banco Central, ANVISA, CADE and SENACON regulate AI inside their own sectors without a formal cross-agency AI body. Courts, particularly the electoral courts and the Supreme Federal Court, actively shape the applicable rules, and states such as Goiás and the Federal District have adopted their own AI policies.","Industry, civil society and academia participate through public hearings, consultations and the ANPD sandbox rather than standing co-governance bodies. Internationally Brazil is a leading actor, shaping G20, UNESCO, BRICS and Latin American regional AI governance instruments.","Enforcement touching AI runs mainly through LGPD sanctions (up to 2% of Brazilian turnover) and ECA Digital fines of up to R$50 million administered by the ANPD, with the electoral courts issuing the only decisions applying AI-specific rules.","Lei Geral de Proteção de Dados - LGPD (Law No. 13,709/2018), Marco Civil da Internet (Law No. 12,965/2014), Estatuto da Criança e do Adolescente Digital - ECA Digital (Law No. 15,211/2025, in force 17 March 2026), Lei No. 15,123/2025 (AI-enabled violence against women - Criminal Code amendment), Lei No. 15,352/2026 (ANPD converted into a regulatory agency), Lei No. 15,504/2026 (data centre tax incentives for AI investment), Resolução TSE No. 23,755/2026 amending Resolução TSE No. 23,610/2019 (AI and synthetic content in electoral propaganda), Resolução CFM No. 2,454/2026 (AI in medicine), Portaria MGI No. 3,485/2026 (AI governance policy for the federal public administration), Plano Brasileiro de Inteligência Artificial - PBIA 2024-2028, Estratégia Brasileira de Inteligência Artificial - EBIA (2021), PL 2338/2023 (AI Legal Framework - pending in the Chamber of Deputies), Goiás State Complementary Laws No. 205/2025 and No. 215/2026, Distrito Federal Decreto No. 48,901/2026, Ceará State Law No. 17,611/2021",https://www.camara.leg.br/proposicoesWeb/fichadetramitacao?idProposicao=2487262 | https://www.tse.jus.br/legislacao/compilada/res/2026/resolucao-no-23-755-de-2-de-marco-de-2026 | https://portal.cfm.org.br/noticias/cfm-normatiza-uso-da-ia-na-medicina/ | https://www12.senado.leg.br/noticias/materias/2026/09/16/sancionada-lei-de-incentivo-para-a-instalacao-de-data-centers | https://www.dataprivacybr.org/eca-digital-entra-em-vigor-o-que-a-lei-preve-e-o-que-ainda-falta-regulamentar/,2026-10-06,medium
Brunei,"Brunei regulates AI through voluntary means: the Guide on Artificial Intelligence Governance and Ethics for Brunei Darussalam, issued by AITI in April 2025 and reissued as a second edition in 2026, carries no legal force. The binding law reaching AI is general: the Personal Data Protection Order 2025, whose substantive provisions commenced on 1 January 2026 and which AITI administers. No AI-specific binding instrument exists or is before the legislature.","Policy runs on soft law and strategy: AITI's two editions of the Guide on AI Governance and Ethics, the Digital Brunei 2030 transformation plan launched 2 June 2026, and the regional ASEAN Guide on AI Governance and Ethics. The only binding lever touching AI is the general Personal Data Protection Order 2025.","Governance is centralised in AITI under the Ministry of Transport and Infocommunications, with cross-ministry coordination through the Digital Brunei Council that issued Digital Brunei 2030. There is no subnational tier and no independent judicial or ombudsman review of AI governance.","Government, industry and academia sit together on AITI's AI Governance and Ethics Working Group, and two public consultation papers (July 2024 and November 2025) drew comment from technology communities and the public. Civil society has no standing role, and international engagement runs through ASEAN instruments rather than treaties or standards bodies.","Compliance with Brunei's AI guide is voluntary and unenforced, with the only applicable penalties coming from the general Personal Data Protection Order 2025.","Guide on Artificial Intelligence Governance and Ethics for Brunei Darussalam, Second Edition (2026), Guide on Artificial Intelligence Governance and Ethics for Brunei Darussalam (2025), Personal Data Protection Order (2025), Digital Brunei 2030: The Digital Brunei Transformation Plan (2026), Digital Economy Masterplan 2025, ASEAN Guide on AI Governance and Ethics (2024)",https://aiti.gov.bn/regulatory/ai-governance-and-ethics/ | https://www.aiti.gov.bn/news/2025/guide-on-artificial-intelligence-governance-and-ethics-for-brunei-darussalam/ | https://oecd.ai/en/dashboards/policy-initiatives/guide-on-artificial-intelligence-ai-governance-and-ethics-for-brunei-darussalam | https://www.dlapiperdataprotection.com/index.html?t=law&c=BN,2026-10-06,medium
Bulgaria,"Bulgaria's binding AI framework is the directly applicable EU AI Act (Regulation (EU) 2024/1689), whose prohibitions, AI-literacy, general-purpose AI and transparency duties apply, while high-risk obligations were pushed to 2 December 2027 by the 2026 Digital Omnibus amendment. No national supplementary law is in force: a government bill was announced as nearing public consultation in September 2026 and an opposition Act on the Use and Development of Artificial Intelligence (bill 52-654-01-151) was tabled in the National Assembly on 24 September 2026 after an earlier version was rejected in committee.","Policy rests almost entirely on the directly applicable EU AI Act plus the 2020 national AI Concept, with institutional work limited to the designation of seven Article 77 fundamental-rights bodies and preparatory drafting by the Ministry of Innovation and Digital Transformation, which absorbed the Ministry of Electronic Governance in May 2026. Economic levers are research and infrastructure funding rather than regulatory tools; the planned AI regulatory sandbox was deprioritised and the EU deadline for one operating sandbox now runs to 2 August 2027.","Governance is ministry-led and only partially plural: the Ministry of Innovation and Digital Transformation coordinates, seven bodies designated in June 2025 cover fundamental rights, and sectoral regulators would take enforcement roles under the pending bills. Coordination remains informal, there is no subnational layer, and independent review of AI decisions has not yet been exercised.","Engagement is strongest at EU level through the European AI Board and AI Act coordination formats, while domestic participation is consultative: industry associations and academic institutions feed into draft legislation and parliamentary hearings without formal standing roles, and civil society is consulted only occasionally.","Enforcement is effectively dormant: no national sanctions regime, no designated AI market surveillance authority, and no AI-specific decisions, leaving only directly applicable EU-level obligations and general-law action.","EU AI Act / Regulation (EU) 2024/1689 (2024), as amended by the Digital Omnibus on AI (2026), Concept for the Development of Artificial Intelligence in Bulgaria until 2030 (2020), Council of Ministers Decision No. 398 (2025), draft Act on the Use and Development of Artificial Intelligence (bill 52-654-01-151, 2026)",https://www.bta.bg/en/news/economy/1040178-bulgaria-still-lacks-oversight-of-high-risk-ai-systems-sanctions-under-ai-act-r | https://www.parliament.bg/bg/bills/ID/167569 | https://cms.law/en/int/expert-guides/ai-regulation-scanner/bulgaria | https://artificialintelligenceact.eu/national-implementation-plans/ | https://www.strategy.bg/strategicdocuments/View.aspx?lang=bg-BG&Id=1338,2026-10-06,medium
Burkina Faso,"Burkina Faso has no dedicated AI law and none before the Assemblée législative du peuple; the only binding provision written for AI is Article 19 of Loi n°001-2021/AN portant protection des données à caractère personnel, which obliges controllers to disclose the criteria and data underlying AI-based processing. The Feuille de route nationale sur l'intelligence artificielle 2026-2030, validated on 17 June 2026 under the Plan RELANCE 2026-2030 and the 'IA pour tous' programme, is a strategy without binding force, and deputies were given an AI briefing on 15 July 2026 to prepare future digital legislation.","Policy runs through strategy and capacity-building rather than regulation: a national AI roadmap for 2026-2030, the 'IA pour tous' programme, awareness campaigns for ministry chiefs of staff in April 2026 and Primature training sessions in May and July 2026. The only binding levers touching AI remain the general data protection and information-systems security laws, and SPIVTEN acts as a ministry unit without compliance powers.","AI governance is concentrated in the Ministry of Digital Transition and its SPIVTEN secretariat under a centralized military transitional authority, with the data protection commission as the only other body whose remit touches AI. Coordination occurs through one-off interministerial and parliamentary sessions, there is no subnational competence, and a pending reform would merge the Commission de l'Informatique et des Libertés with the Conseil supérieur de la communication.","Participation runs through ministry-convened workshops that brought in the private sector, universities, youth and civil society during the preparation and 17 June 2026 validation of the national AI roadmap, without any permanent consultative structure. Internationally, the Minister of Digital Transition championed the UNESCO-supported regional AI guidelines adopted by six francophone West African states in July 2026.","Nothing AI-specific is enforced: oversight rests with the general data protection commission, and no AI audit, investigation or sanction has been recorded.","Feuille de route nationale sur l'intelligence artificielle 2026-2030 (2026), Loi n°001-2021/AN portant protection des données à caractère personnel (2021), Loi portant sécurité des systèmes d'information (2024), Stratégie nationale de développement de l'économie numérique SN@DEN 2018-2027 (2018), Lignes directrices communes ouest-africaines sur la gouvernance de l'intelligence artificielle (2026)",https://www.sidwaya.info/intelligence-artificielle-au-burkina-faso-vers-la-validation-dune-feuille-de-route-nationale/ | https://www.an.bf/793 | https://www.wearetech.africa/fr/fils/actualites/gestion-publique/six-pays-d-afrique-de-l-ouest-adoptent-des-lignes-directrices-communes-sur-l-ia | https://www.droit-afrique.com/uploads/Burkina-Loi-2021-01-protection-personnes-donnees-personnelles.pdf | https://www.presidencedufaso.bf/commission-de-linformatique-de-des-libertes-cil/,2026-10-06,medium
Burundi,"Burundi has no binding AI legislation; its only AI-specific instrument is the Stratégie Nationale de l'Intelligence Artificielle 2026-2030, validated in Bujumbura on 21-22 April 2026 by the Ministry of Finance, Budget and Digital Economy with UNDP support, which is a six-pillar non-binding roadmap promising later regulatory and ethical frameworks. General law reaches AI indirectly through Loi n°1/03 of 10 March 2026 on personal data protection and Loi n°1/10 of 16 March 2022 on cybercrime, neither of which regulates AI systems as such.","Policy action consists of non-binding planning documents, the Stratégie Nationale de l'Intelligence Artificielle 2026-2030 and the Stratégie Nationale de Gouvernance des Données validated 7 November 2025, supported by UNDP. Funding, a sandbox and AI procurement rules are absent, and no body holds a legal AI mandate.","AI governance is concentrated in one ministry, the Ministère des Finances, du Budget et de l'Économie numérique, working with UNDP, with coordination limited to ad hoc workshops. No subnational tier, court or independent oversight body plays any role in AI rules.","Involvement is limited to the UNDP-supported strategy validation workshop of 21-22 April 2026, which drew ministries, the private sector and academics on a one-off basis. International engagement consists of African Union and UNESCO membership and the September 2026 KOAFEC ministerial in Seoul, with no treaty or standards participation.","Enforcement of AI rules is impossible because no AI-specific obligation, supervisory authority or monitoring programme exists, leaving only general data protection and cybercrime penalties.","Stratégie Nationale de l'Intelligence Artificielle 2026-2030 (validated April 2026), Stratégie Nationale de Gouvernance des Données (2025), Loi n°1/03 du 10 mars 2026 portant protection des données à caractère personnel, Loi n°1/10 du 16 mars 2022 portant prévention et répression de la cybercriminalité au Burundi",https://arct.gov.bi/category/decrets-et-lois/ | https://en.abpinfo.bi/ai-a-practical-tool-for-development-in-burundi/ | https://techafricanews.com/2026/04/23/burundi-launches-framework-to-integrate-artificial-intelligence-into-governance-and-economy/ | https://www.digitalbusiness.africa/burundi-la-strategie-nationale-de-lintelligence-artificielle-validee-axes-et-objectifs/ | https://www.wearetech.africa/fr/fils/actualites/tech/intelligence-artificielle-a-seoul-le-burundi-presente-ses-ambitions,2026-10-06,medium
Cambodia,"Cambodia governs AI through general instruments only: Sub-Decree 110 (2017) on the ICT Licensing Regime covers the supply side of AI, and the Law on Anti-Technology Fraud passed on 3 April 2026 criminalises technology-enabled fraud without AI-specific provisions. The Draft National Artificial Intelligence Strategy 2025-2030, the Draft MPTC AI Promotion Strategy and the Draft Law on Personal Data Protection are all still in consultation, and the strategy itself commits to a light-touch, step-by-step approach rather than a comprehensive AI law.","Policy runs entirely through soft instruments: a published UNESCO-supported AI Readiness Assessment, a draft National AI Strategy prepared with UN-ESCAP support, a draft MPTC AI Promotion Strategy, and AI governance and ethics guidelines still being drafted. Government AI deployments such as verify.gov.kh, TranslateKH and the ai.gov.kh platform are service projects rather than funded AI programmes, and no sandbox, AI procurement rule or mandated AI body exists.","The Ministry of Post and Telecommunications is the lead AI policy body, with MISTI and the National Council of Science, Technology and Innovation contributing on the industrial and research side, and implementation of the draft strategy assigned on paper to the Digital Government Committee supported by an Inter-Ministerial Working Group on AI. Coordination is ad hoc and centralised in Phnom Penh, with no provincial role and no independent or judicial oversight of AI.","Participation is consultative and episodic: workshops and a public consultation on the draft strategies drew industry, academic and civil society participants, including roughly 80 attendees at the April 2026 MPTC workshop, but no actor holds a standing formal role. International engagement is the most developed strand, running through ASEAN, UNESCO, UN-ESCAP and multilateral AI governance meetings.","There is no AI-specific obligation to enforce, no designated AI authority and no AI oversight practice beyond one-off readiness studies, leaving general ICT licensing and anti-fraud powers as the only levers that touch AI.","Draft National Artificial Intelligence Strategy 2025-2030 (2025, not yet adopted), Draft MPTC AI Promotion Strategy (2026, not yet adopted), Draft Law on Personal Data Protection (2025, not yet enacted), Sub-Decree 110 on the ICT Licensing Regime (2017), Law on Anti-Technology Fraud (2026), Cambodia Digital Economy and Society Policy Framework 2021-2035 (2021)",https://mptc.gov.kh/en/2026/04/h-e-sam-sethserey-presided-over-the-workshop-to-gather-input-on-the-draft-artificial-intelligence-development-promotion-strategy-of-the-ministry-of-post-and-telecommunications/ | https://ai.gov.kh/press-release-on-process-of-artificial-intelligence-governance/ | https://oecd.ai/en/dashboards/policy-initiatives/national-artificial-intelligence-strategy-2025-2030 | https://www.dlapiperdataprotection.com/index.html?t=law&c=KH | https://www.unesco.org/ethics-ai/en/cambodia,2026-10-06,medium
Cameroon,"Cameroon has no binding AI-specific legislation and no AI bill before the legislature. The National Artificial Intelligence Strategy (SNIA), unveiled in July 2025 by the Minister of Posts and Telecommunications, is a non-binding roadmap whose first pillar proposes a Cameroonian AI Authority, a Presidential Council on AI and a future framework law. Law No. 2024/017 of 23 December 2024 on personal data protection became fully applicable on 24 June 2026 after its eighteen-month compliance period, but it is a general-purpose instrument.","Policy action rests on the non-binding SNIA roadmap plus the general data protection law, with no AI-specific binding instrument, regulatory sandbox or funded AI programme in operation. Institutional capacity is limited to ministerial stewardship; the AI Authority and Presidential Council on AI envisaged by the strategy do not exist.","Governance is centralised in the Ministry of Posts and Telecommunications, with ANTIC and ART active on cybersecurity and telecoms but holding no AI competence. Coordination is occasional and consultative rather than institutionalised, and neither subnational authorities nor independent review bodies play any part.","Stakeholder input has come mainly through the single CONIA national consultation of June 2024, which gathered public bodies, the private sector, civil society and researchers ahead of SNIA, with no permanent advisory structures since. International engagement is limited to continental and multilateral alignment, notably with the African Union Continental Artificial Intelligence Strategy.","Enforcement capacity for AI is absent: no AI obligations, no competent authority and no monitoring, while even the general data protection regime that became fully applicable on 24 June 2026 lacks an operating supervisory authority.","National Artificial Intelligence Strategy - SNIA (2025), Law No. 2024/017 of 23 December 2024 on Personal Data Protection","https://oecd.ai/en/dashboards/policy-initiatives/cameroons-national-artificial-intelligence-strategy-snia | https://www.levellers.ai/what-is/ai-regulation-cameroon | https://www.minpostel.gov.cm/index.php/fr/ | https://www.village-justice.com/articles/%EF%81%9Bcameroun%EF%81%9D-regime-autorisation-inoperant-regime-acountability-irresistible,58041.html | https://techafricanews.com/2025/07/08/cameroon-unveils-2040-ai-roadmap-anchored-on-seven-strategic-pillars",2026-10-06,medium
Canada,"Canada has no binding federal AI statute: AIDA died with Bill C-27 in January 2025 and the June 2026 national strategy AI for All chose targeted legislation over a standalone AI act. Binding federal AI rules exist only inside government through the Treasury Board Directive on Automated Decision-Making, whose 2025 version and Algorithmic Impact Assessment apply to federal automated decision systems including generative AI. Bill C-34, the Safe Social Media Act, which would impose duties on AI chatbot services, and Bill C-36, which adds automated-decision transparency rights, were tabled in June 2026 and remain before the House of Commons.","Federal levers are predominantly soft: the mandatory Directive on Automated Decision-Making for government systems, a layered set of guidance and voluntary codes, and large funding envelopes under AI for All covering compute, the three national AI institutes and the Canadian AI Safety Institute. No federal body holds statutory AI compliance powers; the Ministry of Artificial Intelligence and Digital Innovation leads policy and sponsors Bills C-34 and C-36.","Authority is dispersed: a lead ministry without regulatory powers, independent federal regulators applying general law to AI, and provinces legislating their own AI-adjacent rules. Coordination is practice-based, shown by the joint OPC, Quebec, British Columbia and Alberta investigation of OpenAI, rather than embedded in a statutory mechanism.","Policy development is industry-led through the appointed AI Strategy Task Force with strong academic participation via CIFAR and the national AI institutes, while domestic civil society publicly protested its exclusion and boycotted the 2025 consultation. Internationally Canada is a treaty signatory and standards participant across Council of Europe, OECD, GPAI and the AI safety institute network.","AI-specific enforcement is confined to administrative compliance inside the federal public service, while regulators reach private-sector AI only through general privacy and consumer law, as in the OpenAI findings of May 2026.","Directive on Automated Decision-Making (2019, fourth version in force 24 June 2025), AI for All: Canada's National Artificial Intelligence Strategy (2026), Bill C-34 Safe Social Media Act enacting the Digital Safety Act and Digital Safety Commission of Canada Act (introduced 10 June 2026), Bill C-36 Protecting Privacy and Consumer Data Act (introduced 15 June 2026), AI Strategy for the Federal Public Service 2025-2027, Voluntary Code of Conduct on the Responsible Development and Management of Advanced Generative AI Systems (2023), Council of Europe Framework Convention on Artificial Intelligence and Human Rights, Democracy and the Rule of Law (signed 11 February 2025), Quebec Act to modernize legislative provisions as regards the protection of personal information / Law 25 (2021), Ontario Strengthening Cyber Security and Building Trust in the Public Sector Act / Bill 194 (2024)",https://www.tbs-sct.canada.ca/pol/doc-eng.aspx?id=32592 | https://www.parl.ca/DocumentViewer/en/45-1/bill/C-36/first-reading | https://www.canada.ca/en/innovation-science-economic-development/news/2026/06/government-of-canada-tables-new-legislation-to-protect-childrens-data-strengthen-privacy-and-build-trust-in-the-digital-economy.html | https://www.priv.gc.ca/en/opc-actions-and-decisions/investigations/investigations-into-businesses/2026/pipeda-2026-002/ | https://ised-isde.canada.ca/site/ised/sites/default/files/documents/AiStrategyReport_EN.pdf,2026-10-06,medium
Cape Verde,"Cabo Verde has no AI-specific legislation and none in the legislative process; AI is addressed only through strategy documents, notably the Agenda Digital de Cabo Verde 2035 approved by Resolução n.º 72/2026 and the National Data Strategy developed with World Bank support. General instruments — the personal data protection law as amended by Lei n.º 121/IX/2021, the cybercrime law and the electronic commerce law — reach AI uses without containing any AI-written provision, and the Comissão Nacional de Proteção de Dados has publicly framed AI as a data-governance question rather than applying dedicated rules.","Policy action is limited to strategy and capacity-building: the Agenda Digital de Cabo Verde 2035, the National Data Strategy, and announced plans for a Centro de Excelência Digital e de Inteligência Artificial, alongside training delivered under the Cabo Verde–Nigeria Digital Africa Corridor. No binding AI instrument, published AI guidance, regulatory sandbox or AI procurement rule exists.","Governance is centralised in the executive, with the Secretaria de Estado da Economia Digital and NOSi leading digital policy and no body holding an AI mandate. The independent data protection commission is the only non-governmental-style check active in the AI debate, and sub-national authorities have no role.","Domestic participation in AI policy is informal: business engagement occurs through technology forums and academics contributed to digital governance strategy work, while no civil society organisation holds a consultative role. International engagement is the most developed channel, through the Smart Africa Alliance, African Union frameworks, the Lusophone data protection network and the Cabo Verde–Nigeria Digital Africa Corridor.","Nothing AI-specific is enforced; only general data protection and cybercrime penalties could reach AI uses, and no decision, audit or monitoring programme has been recorded.","Agenda Digital de Cabo Verde 2035 (Resolução n.º 72/2026), Estratégia Nacional de Dados (2025), Lei n.º 121/IX/2021 amending the Personal Data Protection Law (Lei n.º 41/VIII/2013), Estratégia Nacional para a Governação Digital de Cabo Verde",https://www.governo.cv/wp-content/uploads/2026/04/economiadigital.pdf | https://expressodasilhas.cv/politica/2026/05/08/governo-lanca-agenda-digital-2035-para-acelerar-transformacao-tecnologica-do-pais/102653 | https://www.cnpd.cv/wp-content/uploads/2025/03/Lei-121.IX_.2021-alteracao-Lei-41.VIII_.2013.pdf | https://www.data4sdgs.org/news/cabo-verde-charts-bold-new-path-first-national-data-strategy-age-ai | https://www.smartafrica.org,2026-10-06,medium
Central African Rep.,"The Central African Republic has no AI-specific legislation, no draft AI bill and no national AI strategy. The only binding text reaching algorithmic activity is Loi n° 24-001 (2024) on personal data protection, which regulates processing of personal data generally and for which no supervisory authority has been publicly identified. Ongoing conflict and limited state capacity keep AI rulemaking absent from the legislative agenda.","Policy activity consists of announcements rather than instruments: a planned AI centre of excellence with an Indian partner, a Huawei-supported administration digitalisation programme, and presidential meetings on data and AI investment held during the 81st UN General Assembly. No AI guidance, funding programme, sandbox or procurement rule is in operation.","Governance of AI is not organised: no lead authority, sectoral regulator with an AI remit, coordination body or independent review mechanism exists, and the Ministry in charge of the digital economy handles technology matters without an AI mandate. Prefectures have no regulatory role.","Engagement on AI runs through presidential-level bilateral contacts with foreign technology firms and development partners rather than domestic consultation. Industry, civil society and academia have no structured role, and international involvement is confined to passive African Union and United Nations membership.","Nothing specific to AI is enforced or monitored, and documented misuse of AI tools inside the country has drawn political criticism but no regulatory or judicial response.",Loi n° 24-001 portant protection des données à caractère personnel (2024),https://arcep.cf/fr/images/documents/reglementation/lois/Loi_24_001_portant_protection_des_donnes_a_caractere_personnel.PDF | https://www.africadataprotection.org/en/pays/republique-centrafricaine.html | https://www.oecd.org/en/publications/oecd-artificial-intelligence-case-studies_c517fcf5-en/ai-governance-in-africa_1ff55135-en.html | https://www.agenceecofin.com/actualites-numerique/2506-129534-la-republique-centrafricaine-prepare-la-creation-d-un-centre-d-excellence-en-ia,2026-10-06,medium
Chad,"Chad has no AI-specific legislation or regulatory framework. AI activity falls only under general digital law — Loi n°007/PR/2015 on personal data protection and Loi n°009/PR/2015 on cybersecurity and cybercrime, both administered by the Agence Nationale de Sécurité Informatique et de Certification Électronique (ANSICE) — and the draft Code du numérique in preparation since December 2025 adds no AI-specific obligations. The only AI-specific state act is Décret n°2690/PR/PM/MTENDA/2025 of 21 October 2025, which reorganised the Ministry of Telecommunications, Digital Economy and Digitalisation of the Administration and created a Direction générale de l'Intelligence Artificielle without conferring regulatory powers.","Chad's only AI policy lever is institutional: a Direction générale de l'Intelligence Artificielle inside the digital economy ministry, created in October 2025 with a promotional rather than regulatory remit. Activity otherwise consists of donor-supported capacity building — the UNDP-backed AI forum project, the ADETIC training initiative for 2,000 young people, and the UNECA-led AI readiness exercise of May 2026 — with no published AI strategy, guidance, sandbox or procurement rule.","AI governance is concentrated in the executive, specifically the Direction générale de l'Intelligence Artificielle within the Ministry of Telecommunications, Digital Economy and Digitalisation of the Administration, with ANSICE and ARCEP operating general digital remits. Inter-institutional contact occurs only through one-off internationally supported workshops, and neither provinces nor courts play any part.","International organisations drive what AI engagement exists: UNESCO through the completed Readiness Assessment Methodology, UNECA through the May 2026 data governance and AI readiness work in N'Djamena, and UNDP through a planned national AI forum. Domestic industry, civil society and academia take part in forums such as the Chad Internet Governance Forum and the TchadIA research days, but none has a formal role in policy-making.","No AI-specific obligation, sanction or enforcement action exists in Chad, and oversight of AI is confined to general data protection and cybersecurity powers held by ANSICE plus two one-off readiness assessments.","Décret n°2690/PR/PM/MTENDA/2025 portant réorganisation du Ministère des Télécommunications, de l'Économie numérique et de la Digitalisation de l'Administration, créant la Direction générale de l'Intelligence Artificielle (2025), Loi n°007/PR/2015 portant protection des données à caractère personnel (2015), Loi n°006/PR/2015 portant création de l'Agence Nationale de Sécurité Informatique et de Certification Électronique (2015), Loi n°009/PR/2015 sur la cybersécurité et la lutte contre la cybercriminalité (2015), Stratégie nationale de développement du numérique 2020-2030",https://tchadinfos.com/2025/10/21/tchad-creation-dune-direction-generale-de-lintelligence-artificielle-au-ministere-du-numerique/ | https://www.unesco.org/ethics-ai/en/chad | https://uneca.org/stories/chad-joins-africa%E2%80%99s-unified-data-governance-and-ai-readiness-movement-for-a-trusted-digital | https://arcep.td/lois.html | https://tchadinfos.com/2026/07/06/le-tchad-participe-au-premier-dialogue-mondial-sur-la-gouvernance-de-lintelligence-artificielle-a-geneve/,2026-10-06,medium
Chile,"No AI-specific statute binds in Chile: the government AI bill (Boletín 16821-19) is in its second constitutional stage before the Senate Future Challenges Committee, and the Executive announced in May 2026 and reiterated in October 2026 a total substitutive indication that would drop the EU-style risk tiers for an innovation-oriented framework. A separate bill sanctioning AI-generated deepfakes passed the Chamber of Deputies in general on 23 July 2026 and returned to committee. Binding rules reaching AI are general: Law 21.663 on cybersecurity (in force since 2025) and Law 21.719 on personal data protection, which takes effect 1 December 2026 and whose postponement to 2027 is sought by Boletín 18.623-07.","Chile governs AI mainly through soft law and funding: the updated National AI Policy and action plan, the MinCiencia–Segpres instructive on AI in public services, SERNAC consumer guidance, and state-backed research through CENIA and Latam-GPT. The only enforceable instruments are general cybersecurity and, from December 2026, data protection law, and no body holds a legal AI mandate.","A lead ministry (MinCiencia) sets AI policy and coordinates sectoral regulators through the National AI Policy action plan, with the proposed AI authority still contained in a pending bill. Courts have intervened occasionally, notably the Supreme Court's Worldcoin decision, while no subnational tier plays any role.","Industry, civil society and academia feed into AI policy through published consultations, Senate committee hearings and expert reports rather than standing formal seats. Internationally Chile is prominent, leading the regional AI ethics agenda from the Santiago Declaration and participating in OECD, UNESCO and United Nations AI governance processes.","No AI-specific obligations are enforceable, so action is confined to general-law instruments such as ANCI's cybersecurity supervision of 1,154 designated Operators of Vital Importance and occasional court rulings.","AI Systems Regulation Bill (Boletín 16821-19, 2024, second constitutional stage in the Senate; Executive substitutive indication announced 2026), Bill regulating AI-generated content and deepfakes (approved in general by the Chamber of Deputies, 2026), Law 21.719 on Protection of Personal Data (2024, effective 1 December 2026; postponement sought by Boletín 18.623-07, 2026), Law 21.806 amending Law 21.719 (2026), Law 21.663 on Cybersecurity Framework (2024, in force 2025), National AI Policy and Action Plan update (Decreto N° 12 of 2025), MinCiencia–Segpres Oficio N° 711/2023 on AI use in the State, Santiago Declaration on Ethical AI in Latin America and the Caribbean (2023)",https://www.senado.cl/comunicaciones/noticias/senadores-conocen-propuesta-del-ejecutivo-para-ley-marco-de-ia | https://www.senado.cl/comunicaciones/noticias/inteligencia-artificial-especialistas-de-la-industria-la-academia-y-sector | https://www.minciencia.gob.cl/areas/inteligencia-artificial/Inteligencia-Artificial/politica-Nacional-Inteligencia-Artificial-Plan-Accion/ | https://cms.law/en/int/expert-guides/ai-regulation-scanner/chile | https://www.trade.gov/market-intelligence/chile-artificial-intelligence,2026-10-06,medium
China,"China regulates AI through a stack of dedicated binding administrative measures rather than a single statute: algorithmic recommendation, deep synthesis, generative AI services, AI-generated content labeling, and, since 15 July 2026, anthropomorphic AI interaction services, reinforced by the amended Cybersecurity Law in force 1 January 2026. Obligations such as algorithm filing, security assessment and content labeling apply today across online services, finance, education and healthcare platforms, but the generative AI rules exempt non-public-facing systems and the State Council's 2026 Legislative Work Plan still lists comprehensive AI legislation as pending.","Policy combines licensing, filing, pre-launch security assessment, mandatory labeling and data rules with a maintained suite of national standards and TC260 guidance, plus industrial levers such as the AI Plus Action Plan and state AI funds. CAC, MIIT, NDRC and SAMR exercise approval and compliance powers routinely.","Governance is centralized under the CAC, which coordinates national AI policy and shares implementation with sectoral ministries through repeated joint rulemaking; local governments implement national rules and add promotion-oriented local legislation. Courts resolve private AI disputes, but no independent body reviews or shapes AI regulatory decisions.","Domestic participation is channelled through state-run consultations, TC260 technical committees and state-affiliated academic institutes, with independent civil society excluded. Internationally China is a leading actor, hosting the new World Artificial Intelligence Cooperation Organization and pushing the Global AI Governance Initiative and Action Plan alongside ISO, ITU and UN work.","Enforcement is active and visible through registration gatekeeping, periodic nationwide rectification campaigns and published sanctions against non-compliant AI services, though individual decisions are mostly reported in aggregate.","Internet Information Service Algorithmic Recommendation Management Provisions (2022), Internet Information Service Deep Synthesis Management Provisions (2022), Interim Measures for the Management of Generative Artificial Intelligence Services (2023), Measures for Labeling Artificial Intelligence-Generated Synthetic Content and GB 45438-2025 (2025), Cybersecurity Law Amendment with artificial intelligence provisions (effective 1 January 2026), Interim Measures for the Administration of Artificial Intelligence Anthropomorphic Interaction Services (2026), Implementation Opinions on the Standardized Application and Innovative Development of Intelligent Agents (2026), Opinions of the State Council on Deepening Implementation of the Artificial Intelligence Plus Initiative (2025), AI Safety Governance Framework 2.0 (2025), New Generation Artificial Intelligence Development Plan (2017)",https://www.cac.gov.cn/2023-07/13/c_1690898327029107.htm | https://www.cac.gov.cn/2022-01/04/c_1642894606364259.htm | https://www.cac.gov.cn/2025-09/15/c_1759653448369123.htm | https://www.twobirds.com/en/insights/2026/china/china's-new-regulations-on-ai-anthropomorphic-interactive-services | https://www.mofo.com/artificial-intelligence/china,2026-10-06,high
Colombia,"Colombia still has no horizontal AI statute: the government bill PL 043-25/324-25-C was archived on transit of legislature in mid-2026 and replaced by Proyecto de Ley 025 de 2026, which replicates most of the earlier risk-based text and is before Congress. The binding rules that exist are AI provisions inserted into general law—Ley 2502 de 2025 on AI-assisted identity impersonation and SIC External Circular No. 2 of 2024 on personal data in AI systems—while CONPES 4144 de 2025 remains a non-binding policy roadmap.","Policy runs mainly through soft law and spending: CONPES 4144 de 2025 with its COP 479 billion action plan, MinTIC's ethical guide and MSPI AI security lineamientos, and the CRC's regulatory sandbox hosting AI experiments. The only binding levers are SIC External Circular No. 2 of 2024 and the AI aggravation in Ley 2502 de 2025, and no body holds a statutory AI compliance mandate.","Governance is centralised in MinCiencias and MinTIC, with the SIC and CRC applying AI to their sectoral remits and the DNP tracking CONPES 4144 implementation. Subnational authorities implement national programmes without regulating, and judicial review has intervened once, in Constitutional Court judgment T-323 de 2024.","AI policy has been drafted through consultation with industry, academia and civil society rather than through standing bodies, and the CRC sandbox gives firms a structured channel. Internationally Colombia works through the OECD, UNESCO and the Latin American Santiago and Cartagena Declarations without signing a binding AI treaty.","Enforcement reaching AI flows through general data-protection, consumer and criminal powers, with the single AI-specific penalty being the Ley 2502 de 2025 aggravation and no AI audit or monitoring regime.","CONPES 4144 – Política Nacional de Inteligencia Artificial (2025), Ley 2502 de 2025 – Penal Code reform on identity impersonation using artificial intelligence (2025), Ley 1581 de 2012 – Data Protection Law (2012), SIC External Circular No. 2 of 2024 – AI Personal Data Processing Guidelines (2024), Guía Ética para la Implementación, Desarrollo y Uso de Sistemas de Inteligencia Artificial en Entidades Públicas de Colombia (2025), Lineamientos de Seguridad y Privacidad de la Información para Sistemas de Inteligencia Artificial – MSPI update (2026), Proyecto de Ley 025 de 2026 – AI regulation bill (pending)",https://colaboracion.dnp.gov.co/CDT/Conpes/Econ%C3%B3micos/4144.pdf | https://www.mintic.gov.co/portal/715/w3-article-425888.html | https://www.mintic.gov.co/portal/inicio/Sala-de-prensa/Noticias/437197:Ministerio-TIC-publica-lineamientos-de-seguridad-y-privacidad-de-la-informacion-para-sistemas-de-inteligencia-artificial | https://www.semana.com/economia/empresas/articulo/mas-controles-o-mas-innovacion-el-dilema-que-abre-la-nueva-ley-de-ia/202600/ | https://www.crcom.gov.co/es/noticias/comunicado-prensa/crc-autoriza-experimento-con-inteligencia-artificial-para-mejorar,2026-10-06,medium
Comoros,"Comoros has no AI-specific legislation, draft bill or binding rule, and no AI provision within general law. Digital policy rests on the non-binding Stratégie Comores Numérique 2028 (2019), which targets connectivity, e-government and cybersecurity without addressing AI systems. The country signed the African Union Convention on Cyber Security and Personal Data Protection on 29 January 2018 but has not ratified it, and no data protection authority has been appointed.","Comoros deploys no AI policy instrument of any kind, binding or voluntary, and operates no AI funding, sandbox or procurement programme. Institutional capacity is limited to the telecommunications regulator ANRTIC and the digital development agency ANADEN, neither of which holds an AI remit.","AI governance structures are absent: digital matters sit with the Ministry responsible for telecommunications, ANRTIC and ANADEN, none of which has an AI mandate, and there is no coordinating body. The autonomous islands play no role, and no court or independent oversight body has addressed AI.","No domestic industry, civil society or academic actors have been mobilised around AI governance, and no consultation has been held. International involvement is passive membership of the African Union and the United Nations, under which the non-binding Continental Artificial Intelligence Strategy and the Global Digital Compact apply without national follow-up.","Enforcement is non-existent, with no AI obligations, no designated authority, no sanctions and no monitoring of AI systems.","Stratégie Nationale Comores Numérique 2028 (2019), Décret 065/2009 établissant l'ANRTIC (2009)",https://dig.watch/countries/comoros | https://dataprotection.africa/comoros/ | https://anaden.org/uploads/media/5e3969272d9f8/strat-comores-numerique-v2-3-compresse.pdf | https://au.int/sites/default/files/treaties/29560-sl-AFRICAN_UNION_CONVENTION_ON_CYBER_SECURITY_AND_PERSONAL_DATA_PROTECTION_0.pdf,2026-10-06,medium
Congo,"The National Assembly adopted on 8 April 2026 a draft law on the orientation and development of scientific research that introduces an ethical framework for artificial intelligence and institutes a national committee to oversee responsible AI use. Apart from that text, AI is reached only by general law, principally Loi n° 29-2019 du 10 octobre 2019 portant protection des données à caractère personnel. A national AI strategy is under preparation by a technical committee launched on 6 May 2026 with UNDP support, and the Agence de régulation des postes et des communications électroniques held a five-day seminar on digital regulation and AI governance from 12 January 2026.","Congo relies on promotional instruments: a UNECA-backed AI research centre in Brazzaville, UNDP-supported AI training and strategy drafting, and the research law's planned AI ethics committee. No AI-specific binding instrument, published national AI guidance, regulatory sandbox or AI procurement rule exists.","AI governance is executive-led, centred on the Ministry of Posts, Telecommunications and the Digital Economy, the ARPCE and the Ministry of Scientific Research and Technological Innovation, coordinated through a temporary technical committee rather than standing institutions. Departments play no part and no judicial or independent oversight of AI has occurred.","Participation is concentrated in government, academia and international partners (UNECA, UNDP, UNESCO), with industry drawn into ARPCE-convened consultations. Domestic civil society has no documented standing role in AI policy-making.","No AI obligation is enforceable today, no authority owns AI supervision, and no AI-related sanction or audit has been recorded.","Loi portant orientation et développement de la recherche scientifique (adopted by the National Assembly, 2026), Loi n° 29-2019 du 10 octobre 2019 portant protection des données à caractère personnel, Loi n° 11-2009 du 25 novembre 2009 creating the Agence de régulation des postes et des communications électroniques, Stratégie nationale de l'intelligence artificielle (under preparation since 2026), Vision Congo Digital 2025","https://www.aci.cg/congo-recherche-scientifique-une-nouvelle-loi-pour-structurer-le-secteur-et-encadrer-lia/ | https://www.adiac-congo.com/content/intelligence-artificielle-et-langues-nationales-le-congo-lance-les-travaux-de-sa-strategie | https://techafricanews.com/2026/01/09/congo-hosts-strategic-seminar-on-digital-regulation-and-ai-governance/ | https://www.sgg.cg/JO/2019/congo-jo-2019-45.pdf | https://www.uneca.org/dite-for-africa/ai-research-center,-congo-brazaville",2026-10-06,medium
Costa Rica,"Costa Rica governs AI through the non-binding National Artificial Intelligence Strategy (ENIA) 2024-2027, its August 2025 Action Plan and the voluntary INTE/ISO/IEC 42001:2026 technical standard formalized in March 2026. Three AI bills (Expedientes 23771, 23919, 24484) remain pending in the Legislative Assembly, with 23771 carrying an affirmative majority committee report and sitting on the plenary agenda, and a privately drafted AI-and-digital-assets mega-bill was circulated by the Cámara Blockchain e IA in September 2026. The only binding law applied to AI is the general data-protection Law No. 8968.","Policy runs on soft-law levers: the ENIA strategy and Action Plan, the voluntary INTE/ISO/IEC 42001:2026 standard, and capacity-building programs run with UNESCO, UNDP, Cisco and a 2026 cooperation agreement with Google. MICITT leads without a legal AI mandate, and the sandbox foreseen in the ENIA has not been established.","AI policy is concentrated in MICITT, with PRODHAB enforcing the general data-protection regime and no sectoral AI regulators or sub-national competence. Interaction between bodies is organized through the ENIA Action Plan rather than a formal coordination mechanism, and independent review has been limited to university opinions on pending bills.","The ENIA was drafted through structured consultation with the private sector, civil society and academia, with European Union support, and Costa Rica convened a UN-backed National Dialogue on AI Ethics and Governance. Internationally it works through the OECD, UNESCO and UNDP and leads Central American AI governance dialogue, without having signed a binding AI treaty.","Enforcement is limited to general data-protection powers held by PRODHAB, with no AI-specific sanctions, supervisory authority or routine auditing.","National Artificial Intelligence Strategy ENIA 2024-2027 (2024), ENIA Action Plan (2025), INTE/ISO/IEC 42001:2026 (2026), Law No. 8968 – Protection in the Handling of Personal Data (2011), Bill 23771 – Ley de Regulación de la Inteligencia Artificial en Costa Rica (pending), Bill 23919 – Ley para la Promoción Responsable de la Inteligencia Artificial en Costa Rica (pending), Bill 24484 – Ley para la Implementación de Sistemas de Inteligencia Artificial (pending)",https://www.micitt.go.cr/gobierno_digital/inteligencia_artificial | https://delfino.cr/2026/03/costa-rica-oficializa-norma-tecnica-para-la-gestion-y-gobernanza-de-la-inteligencia-artificial | https://ticotimes.net/2026/09/27/costa-rica-ai-blockchain-digital-assets-law-proposal | https://delfino.cr/2026/09/costa-rica-tiene-bases-para-adoptar-ia-pero-enfrenta-brechas-en-datos-talento-y-regulacion-segun-evaluacion-del-pnud | https://inplp.com/latest-news/article/legal-update-on-privacy-and-artificial-intelligence-costa-rica/,2026-10-06,medium
Croatia,"Croatia's binding AI framework is the directly applicable EU AI Act (Regulation (EU) 2024/1689), whose prohibitions, general-purpose AI duties and Article 50 transparency obligations apply, while Regulation (EU) 2026/1744 (Digital Omnibus on AI), in force since 27 July 2026, moved high-risk obligations to 2 December 2027 and 2 August 2028. The national Act on Implementation of Regulation (EU) 2024/1689 remains a draft scheduled for public consultation by the Ministry of Justice, Administration and Digital Transformation, and no market surveillance or notifying authority has been designated. Croatia has designated seven fundamental-rights authorities under Article 77, including the Personal Data Protection Agency, the Ombudswoman and the Agency for Electronic Media.","Croatia relies on the EU AI Act as its single binding lever, supplemented by Personal Data Protection Agency guidance on AI and data protection and on AI system development, and by compute and digital-transition funding under the National Recovery and Resilience Plan, the Digital Croatia Strategy 2032 and EuroHPC projects. Institutional capacity rests on an inter-ministerial working group chaired by the Ministry of Justice, Administration and Digital Transformation and on bodies that lack an AI-specific enforcement mandate, and the required national AI regulatory sandbox is not operating.","Governance is a lead-ministry-plus-sectoral-bodies model: the Ministry of Justice, Administration and Digital Transformation drafts policy and the implementing law, seven designated authorities cover fundamental-rights oversight, and coordination occurs in an inter-ministerial working group rather than a statutory mechanism. No subnational tier regulates AI, while the ombudsperson offices and courts provide periodic independent scrutiny.","Ministries, the Personal Data Protection Agency, ombudsperson offices, academia, industry and civil society are represented in the working groups preparing the national implementing law and the National Plan for the Development of Artificial Intelligence, but these roles are project-based rather than standing. Internationally Croatia acts through the European AI Board, the European Data Protection Board where its agency holds the deputy chair, and EU digital policy coordination.","The AI Act's penalty ceilings apply in Croatia, yet no market surveillance authority is designated, no AI-specific decision has been taken, and oversight is limited to data-protection questionnaires on AI systems.","EU AI Act / Regulation (EU) 2024/1689 (2024), Digital Omnibus on AI / Regulation (EU) 2026/1744 (2026), Draft Act on Implementation of Regulation (EU) 2024/1689 (2026), Digital Croatia Strategy 2032, National Roadmap for Digital Decade Policy, Act on Implementation of the Digital Services Act (2025), National Plan for the Development of Artificial Intelligence to 2032 with Action Plan 2026-2028 (draft)",https://azop.hr/uredba-umjetna-inteligencija/ | https://azop.hr/umjetna-inteligencija-i-zastita-osobnih-podataka/ | https://mpudt.gov.hr/vijesti-8/sjednica-vlade-pri-izradi-planova-kojima-ce-se-regulirati-umjetna-inteligencija-u-fokusu-sigurnost-gradjana-i-njihovih-podataka/30074?lang=hr | https://eur-lex.europa.eu/legal-content/HR/ALL/?uri=CELEX:32024R1689 | https://www.oecd.org/en/publications/progress-in-implementing-the-european-union-coordinated-plan-on-artificial-intelligence-volume-1_6d530a88-en/croatia_38d8145c-en.html,2026-10-06,medium
Cuba,"Cuba governs AI through the Estrategia para el Desarrollo y Uso de la Inteligencia Artificial, approved in May 2024 as part of the Política para la Transformación Digital y Agenda Digital, a policy document without binding force. Obligations touching AI arise only from general law, notably the automated-processing provisions of Ley 149 de Protección de Datos Personales and Decreto-Ley 35 on telecommunications. No AI bill is before the Asamblea Nacional del Poder Popular.","Policy runs through the 2024 AI Strategy and its six axes (ethics, human capital, applications, public administration, innovation, communication), coordinated by MINCOM, with the Consorcio de Inteligencia Artificial de Cuba as the main delivery vehicle since November 2025. The Ley General de Ciencia, Tecnología e Innovación, approved on 18 December 2025, frames science and innovation generally rather than creating AI obligations or funding lines.","AI governance is centralized in MINCOM under a Council of Ministers policy, with inter-ministerial responsibilities named in the digital transformation policy and the AI Consortium coordinated by the Parque Científico Tecnológico de La Habana and the Academia de Ciencias de Cuba. No subnational tier and no independent judicial or oversight body shapes AI rules.","Participation is structured but state-channelled: universities, state enterprises, ministries and the Unión de Informáticos de Cuba sit in the AI Consortium, while independent civil society is absent. Internationally Cuba acts at declaratory level through UNESCO, CELAC and the Santiago Declaration rather than through binding treaties or standards bodies.","No AI-specific enforcement framework, sanction or monitoring programme exists, and oversight is limited to general data-protection and telecommunications powers plus one-off strategy monitoring.","Política para la Transformación Digital, Agenda Digital Cubana y Estrategia para el Desarrollo y Uso de la Inteligencia Artificial (2024), Ley 149 de Protección de Datos Personales (2022, in force 2023), Resolución 58 de 2022 del Ministerio de Comunicaciones, Decreto Ley 35 de Telecomunicaciones (2021), Ley General de Ciencia, Tecnología e Innovación (2025)",https://oecd.ai/en/dashboards/policy-initiatives/strategy-for-the-development-of-artificial-intelligence-in-cuba | https://www.unesco.org/ethics-ai/en/cuba | http://media.cubadebate.cu/wp-content/uploads/2024/06/Politica_de_Transformacion_Digital_de_Cuba_Agenda_Digital_y_Estrategia.pdf | https://www.ecured.cu/Consorcio_de_Inteligencia_Artificial_de_Cuba | https://misiones.cubaminrex.cu/es/articulo/aprueba-el-parlamento-cubano-historica-ley-general-de-ciencia-tecnologia-e-innovacion,2026-10-06,medium
Cyprus,"Cyprus is governed by the directly applicable EU AI Act, whose prohibitions, AI literacy duty, general-purpose AI rules and Article 50 transparency obligations bind today, while high-risk system obligations were pushed back to December 2027 and August 2028 by the Digital Omnibus on AI. Nationally, Council of Ministers decisions of January 2025 designated competent authorities, and the Artificial Intelligence Law of 2026 — which would set the supervision framework, authority powers, penalties and an AI regulatory sandbox — completed public consultation on 16 September 2026 without yet being passed.","Policy runs through the directly applicable AI Act plus EU-funded capacity building: the Pharos-CY AI Factory Antenna, an 'AI for Government' scheme, and access to EuroHPC resources. National soft law is confined to the ai.cy information portal and the National AI Strategy 2032 consulted in July–August 2026, while the regulatory sandbox foreseen in the draft Artificial Intelligence Law of 2026 is not yet operating.","Cyprus uses a compact, centralised structure: the Commissioner of Communications is notifying authority, lead market surveillance authority and single point of contact, the Commissioner for Personal Data Protection supervises within her competence, and the Deputy Ministry of Research, Innovation and Digital Policy coordinates nationally and in the European AI Board. The National AI Strategy 2032 proposes a National AI Authority and an Interministerial AI Council, neither of which exists yet, and there is no sub-national tier.","Engagement is consultative rather than institutionalised: the National AI Taskforce supplies advisory input from academia, industry and law, and open e-consultations on both the Artificial Intelligence Law of 2026 and the National AI Strategy 2032 drew comments from employer federations and disability groups. International involvement runs through the European AI Board and EU-funded programmes rather than independent treaty or standards activity.","Enforcement is latent: EU-level penalty ceilings apply and authorities are named, but national penalty rules, inspection procedures and monitoring remain in the draft Artificial Intelligence Law of 2026 and no action has been taken.","EU AI Act / Regulation (EU) 2024/1689 (2024), Digital Omnibus on AI / Regulation (EU) 2026/1744 (2026), Artificial Intelligence Law of 2026 (draft, public consultation closed 16 September 2026), Council of Ministers decisions designating AI Act competent authorities (January 2025), National AI Strategy of Cyprus 2032 (2026), Cyprus National AI Strategy (2020), GDPR / Regulation (EU) 2016/679 (2016), Processing of Personal Data (Protection of the Individual) Law 125(I)/2018",https://ai.cy/ | https://e-consultation.gov.cy/wp-content/uploads/2026/07/National_AI_Strategy_Cyprus_2032_Final.pdf | https://cyprus-mail.com/2026/08/18/violators-of-proposed-ai-laws-could-face-fines-of-e35-million | https://artificialintelligenceact.eu/national-implementation-plans/ | https://ai-act-service-desk.ec.europa.eu/en/national-resources,2026-10-06,medium
Czechia,"Czechia regulates AI chiefly through the directly applicable EU AI Act, whose prohibitions, AI literacy, general-purpose AI and Article 50 transparency duties apply, while Annex III high-risk obligations were postponed to 2 December 2027 by the Digital Omnibus Regulation (EU) 2026/1744. The national adaptation Act on Artificial Intelligence prepared by the Ministry of Industry and Trade, which would designate market surveillance authorities, create a sandbox and set administrative offences, has not been enacted. Sector statutes written for specific AI applications are in force: the amendment to Act No. 273/2008 Coll. on the Police allowing biometric identification and the amendment to Act No. 361/2000 Coll. permitting SAE Level 3 automated driving.","The binding layer is the EU AI Act plus narrow national statutes on police biometric identification and automated driving, supported by the National Artificial Intelligence Strategy 2030, the AI Implementation Plan approved by Government Resolution No. 394 of 28 May 2025 and CZK 207 million of implementation funding for 2026–2028. The Czech Standardisation Agency is to run the regulatory sandbox foreseen in the draft Act, which is not yet operating, and the Czech Telecommunication Office's new AI unit awaits its legal powers.","Governance is centred on the Ministry of Industry and Trade as coordinator with the Czech Telecommunication Office as prospective lead market surveillance authority and single point of contact, flanked by sectoral bodies for data protection, finance, standardisation and conformity assessment. Coordination runs through the inter-ministerial Committee for Artificial Intelligence; there is no sub-national regulatory tier, and independent scrutiny rests with the courts and, once the draft Act passes, the Public Defender of Rights.","Policy development runs through the Committee for Artificial Intelligence, which seats ministries, regulators, industry bodies such as the Czech AI Association and the Confederation of Industry, and academic institutions, with non-profits and social partners drawn into the National AI Strategy 2030 update and the inter-ministerial comment procedure on the draft Act. Externally Czechia acts through the EU AI Board and European standardisation bodies and participates in OECD AI governance.","Enforcement is still preparatory: the EU penalty ceilings apply but national procedural and sanctioning rules are unadopted, the designated supervisor has a small new unit without statutory powers, and no AI-specific decision has been issued.","EU AI Act – Regulation (EU) 2024/1689 (2024), Digital Omnibus on AI – Regulation (EU) 2026/1744 (2026), National Artificial Intelligence Strategy of the Czech Republic 2030 (2024), AI Implementation Plan of the EU AI Act in the Czech Republic – Government Resolution No. 394 (2025), Czech Cybersecurity Act No. 265/2025 Coll. (2025), Amendment to Act on Police of the Czech Republic No. 273/2008 Coll. – biometric identification (2025), Amendment to Road Traffic Act No. 361/2000 Coll. – SAE Level 3 automated driving (in force January 2026), Draft Act on Artificial Intelligence and amending Act No. 87/2023 Coll. on market surveillance (draft, 2025)",https://ctu.gov.cz/tiskova-zprava-2.-srpna-2026-jako-klicove-datum-pro-pravidla-transparentnosti-podle-aktu-o-umele | https://ctu.gov.cz/tiskove-zpravy | https://mpo.gov.cz/cz/rozcestnik/pro-media/tiskove-zpravy/mpo-pripravilo-navrh-zakona-o-umele-inteligenci--cilem-je-vytvorit-co-nejlepsi-prostredi-pro-rozvoj-ai-v-cesku--289653/ | https://mpo.gov.cz/cz/rozcestnik/pro-media/tiskove-zpravy/dalsi-krok-k-rozvoji-umele-inteligence-v-cesku--vlada-schvalila-navrh-na-zajisteni-implementace-ai-aktu--novym-gestorem-je-mpo--287763/ | https://cms.law/en/int/expert-guides/ai-regulation-scanner/czech-republic,2026-10-06,medium
Côte d'Ivoire,"Côte d'Ivoire has no binding AI-specific legislation. Governance rests on the Stratégie Nationale de l'Intelligence Artificielle (SNIA 2030), launched 13 March 2025, the Stratégie Nationale de Gouvernance des Données (SNGD 2030, April 2025) and the digital roadmap to 2035 presented on 1 June 2026, all non-binding strategic documents, while general instruments such as Loi 2013-450 on personal data protection touch AI only incidentally. Parliament opened its October 2026 session with AI on the agenda for member training rather than a bill.","Policy levers are entirely soft: the SNIA 2030 and SNGD 2030 strategies, a proposed 'Safe AI Côte d'Ivoire' label, a public-private AI pact signed with CGECI and CCI-CI on 11 September 2026, and large announced but undisbursed investment envelopes. Institutional capacity rests on a ministry unit and the telecom/data regulator ARTCI, neither holding a statutory AI mandate.","Governance is centralised in the Ministère de la Transition numérique et de l'Innovation technologique, which drafted and owns SNIA 2030, with ARTCI and the Agence Nationale de la Sécurité des Systèmes d'Information acting within pre-existing digital remits. The planned national AI committee and national AI agency remain unestablished, and neither subnational authorities nor courts play any role in AI rule-making.","The SNIA 2030 was prepared through a participatory process involving public administration, private sector, academia and civil society, and industry engagement was formalised in the September 2026 AI pact with CGECI and CCI-CI, though none of these actors holds a standing statutory role. Internationally, the country works with UNESCO on AI ethics readiness and aligns with the African Union Continental AI Strategy and Smart Africa, without participation in AI standards bodies.","Nothing AI-specific is enforceable, so supervision is confined to general data protection and cybersecurity powers held by ARTCI and ANSSI, with no AI case, audit or sanction on record.","Stratégie Nationale de l'Intelligence Artificielle (SNIA 2030, 2025), Stratégie Nationale de Gouvernance des Données (SNGD 2030, 2025), Stratégie numérique à l'horizon 2035 (2026), Loi 2013-450 relative à la protection des données à caractère personnel (2013), Loi 2017-803 sur l'orientation de la société de l'information (2017)",https://telecom.gouv.ci/new/uploads/publications/174196670372.pdf | https://www.unesco.org/ethics-ai/en/cotedivoire | https://artci.ci/en/data-protection/ | https://www.agenceecofin.com/actualites-numerique/0406-139008-la-cote-d-ivoire-developpe-une-strategie-numerique-autour-de-7-piliers-et-40-projets-a-l-horizon-2035 | https://au.int/en/pressreleases/20250517/communique-high-level-policy-dialogue-ai-africa,2026-10-06,medium
Dem. Rep. Congo,"The Democratic Republic of the Congo has no AI-specific legislation or bill; AI reaches the statute book only through the Ordonnance-loi n° 23/010 du 13 mars 2023 portant Code du numérique, which covers personal data, cybersecurity and digital services and mentions artificial intelligence among the ethics matters a national digital body must watch over. Policy direction now rests on the Stratégie nationale de l'intelligence artificielle (SNIA) and the Politique sectorielle de l'économie numérique (PSEN), both presented and validated by the government in Kinshasa on 4 August 2026, which carry no binding force. UNESCO's Readiness Assessment Methodology report for the country records the absence of a dedicated AI legal framework, coordination organ or national ethics commission.","Policy action is limited to strategy and announced spending: the SNIA and PSEN of August 2026, the Plan national du numérique 2026-2030 with its roughly USD 1.5 billion envelope, and a planned national AI academy. Institutional responsibility is shared between the Ministry of Posts, Telecommunications and Digital Economy, the Ministry of Scientific Research and Technological Innovation and the Agence de développement du numérique, none of which holds a statutory AI mandate.","Governance is centralised in the executive: the Ministry of Digital Economy drives AI strategy, with the research ministry and the Agence de développement du numérique holding adjacent responsibilities and the telecoms regulator ARPTC provisionally exercising the Code du numérique's digital-regulation and data-protection functions. Coordination happens through one-off drafting and validation committees, provinces play no part, and no judicial or independent review of AI has taken place.","Engagement is project-based and donor-driven: UNESCO supported the RAM assessment and the drafting of the SNIA, and public bodies, technical and financial partners and sector experts attended the validation ceremony of 4 August 2026. Domestic industry, civil society and universities contribute through these one-off processes rather than standing bodies, and international involvement runs through UNESCO and African Union membership rather than treaty or standards work.","No AI obligations exist to enforce, no authority is designated for AI oversight, and scrutiny has consisted of a single UNESCO readiness assessment.","Ordonnance-loi n° 23/010 du 13 mars 2023 portant Code du numérique, Stratégie nationale de l'intelligence artificielle (2026), Politique sectorielle de l'économie numérique (2026), Plan national du numérique 2026-2030 (2026), Loi n° 20/017 du 25 novembre 2020 relative aux télécommunications et aux technologies de l'information et de la communication",https://www.unesco.org/ethics-ai/en/drc | https://www.unesco.org/fr/articles/la-rdc-se-dote-dune-strategie-nationale-pour-une-intelligence-artificielle-ethique-et-inclusive | https://droitnumerique.cd/wp-content/uploads/2024/08/Code-du-numerique-I-RD-Congo.pdf | https://www.unesco.org/en/articles/drc-has-its-national-report-artificial-intelligence-readiness-ram | https://www.ecofinagency.com/news-digital/1210-49482-drc-launches-1-5b-national-plan-to-build-a-digital-and-ai-economy,2026-10-06,medium
Denmark,"Denmark applies the EU AI Act directly, supplemented by Law No. 467 of 14 May 2025 (Act on Supplementary Provisions to the Regulation on Artificial Intelligence), in force from 2 August 2025, which designates Digitaliseringsstyrelsen, Datatilsynet and Domstolsstyrelsen as national competent authorities and sets national fine powers. Prohibited-practice rules have applied since 2 February 2025, general-purpose AI rules since 2 August 2025 and most remaining provisions since 2 August 2026, while Regulation (EU) 2026/1744 (Digital Omnibus on AI) pushed Annex III high-risk obligations to 2 December 2027 and Annex I to 2 August 2028. A bill amending the Copyright Act to protect against realistic digitally generated imitations of personal characteristics follows the June 2025 cross-party agreement and has not entered into force.","Denmark pairs the directly applicable EU AI Act with national enforcement powers under Law No. 467 of 14 May 2025, a maintained body of regulator guidance on prohibited practices and GDPR-AI interaction, and an operating AI regulatory sandbox run jointly by Datatilsynet and Digitaliseringsstyrelsen. Funding flows through the national digitalisation strategy allocation, the AI-Boost European Digital Innovation Hub and the public-sector AI taskforce.","Governance is concentrated in Digitaliseringsstyrelsen as notifying authority, lead market surveillance authority and single point of contact, sharing Article 5 supervision with Datatilsynet and Domstolsstyrelsen under a statutory split. Local government implements rather than regulates, and independent review runs through the courts and the Ombudsman since administrative appeal is excluded.","Industry, civil society organisations and researchers contribute through public hearings, the Data Ethics Council and the regulatory sandbox, without standing seats in AI rule-making. Denmark is highly active internationally, holding the EU Council Presidency during the Digital Omnibus negotiations and sitting on the EU AI Board.","Denmark has a complete national penalty framework and has begun published sectoral inspections of prohibited AI practices, but no infringement decision or sanction under AI-specific law has been issued.","EU AI Act / Regulation (EU) 2024/1689 (2024), Digital Omnibus on AI / Regulation (EU) 2026/1744 (2026), Act on Supplementary Provisions to the Regulation on Artificial Intelligence / Lov nr. 467 af 14. maj 2025 (2025), Danish Data Protection Act (2018), Joint Government Digital Strategy 2026-2029 / Den fællesoffentlige digitaliseringsstrategi 2026-2029 (2025), Bill amending the Copyright Act on protection against digitally generated imitations of personal characteristics (2025, pending)",https://digst.dk/nyheder/nyhedsarkiv/2026/september/foerste-tilsyn-med-forbudt-ai-praksis-er-afsluttet/ | https://digst.dk/tilsyn/ai-forordningen/reglerne-i-ai-forordningen/ | https://en.digst.dk/digital-governance/new-technologies/danish-strategies-for-artificial-intelligence/ | https://www.datatilsynet.dk/presse-og-nyheder/nyhedsarkiv/2026/jan/datatilsynets-fokusomraader-for-tilsyn-i-2026 | https://www.twobirds.com/en/capabilities/artificial-intelligence/ai-legal-services/ai-regulatory-horizon-tracker/denmark,2026-10-06,high
Djibouti,"Djibouti governs AI through general digital law rather than AI-specific rules: the Code du numérique, in force since 2023 and extended in June 2025 with a 156-article personal data regime, plus Loi n°195/AN/25/9ème L creating the Autorité Nationale de Cybersécurité. The first Stratégie Nationale d'Intelligence Artificielle (SNIA) 2026-2030 was presented at the national AI forum on 3 September 2026 as a non-binding roadmap, and the UNESCO readiness assessment accompanying it places the country at an ""emerging"" stage with regulation as the weakest area.","Policy action rests on the SNIA 2026-2030 strategy, UNESCO- and ESCWA-supported diagnostics, skills programmes such as E-SKILLS, and a national AI prototyping competition, none of which carries legal obligations. Instruments that bind AI developers are general-purpose, and no body has a statutory AI mandate.","AI governance is concentrated in one ministry working with the General Secretariat of the Government, with inter-ministerial focal points convened case by case for the strategy and forum. Regions have no role, and no independent body or court has reviewed AI matters, the data protection commission created by the Code du numérique still awaiting establishment.","Strategy development drew industry, academia, youth innovators and some civil society representatives into UNESCO- and ESCWA-facilitated consultations in January 2026 and the national forum in September 2026, without any permanent consultative body. Internationally, the country engages through UNESCO, ESCWA, the ITU, Smart Africa and the African Union continental framework.","Nothing AI-specific is enforced: sanctions exist only in general digital and data law, no authority supervises AI, and oversight amounts to a single readiness study.","Stratégie Nationale d'Intelligence Artificielle (SNIA) 2026-2030, Code du numérique (Loi n°19/AN/23/9ème L, 2023, personal data protection provisions 2025), Loi n°195/AN/25/9ème L portant création de l'Autorité Nationale de Cybersécurité (2025), Stratégie Nationale de Cybersécurité 2024-2030, Loi n°18/AN/23/9ème L portant ratification de la Convention de l'Union Africaine sur la Cybersécurité et la Protection des données à caractère personnel (2024)",https://www.unesco.org/fr/articles/djibouti-sengage-dans-lelaboration-dune-strategie-nationale-en-matiere-dia-alignee-aux-directives | https://www.adi.dj/article/138866 | https://www.lanation.dj/premier-forum-national-sur-lintelligence-artificielle-djibouti-devoile-sa-strategie-nationale-2026-2030/ | https://www.journalofficiel.dj/texte-juridique/loi-n195-an-25-9eme-l-portant-creation-de-lautorite-nationale-de-cybersecurite/ | https://www.wearetech.africa/fr/fils/actualites/tech/djibouti-se-dote-d-une-strategie-d-ia-sur-fond-de-preparation-encore-limitee,2026-10-06,medium
Dominica,"Dominica has no dedicated AI legislation, no binding AI rules and no national AI strategy; the September 2026 Cullen International review of the Caribbean lists only Cuba and the Dominican Republic as having adopted national AI strategies. The only adjacent national instrument is the National Digital Transformation Strategy 2022-2026, which sets digital-government and connectivity goals rather than AI obligations, and the country has not enacted comprehensive data protection legislation that regulators could apply to AI.","Dominica uses no AI-specific policy levers: there are no binding instruments, no published guidance, no sandbox or AI procurement rules, and no body with an AI mandate. Digital policy runs through the National Digital Transformation Strategy 2022-2026, delivered with UNDP support, which contains no AI-specific measures.","AI governance in Dominica is undefined: no ministry, regulator or oversight body has been assigned responsibility for AI, and no coordination, subnational or independent-review mechanism touches it. Engagement happens through regional structures, notably the Caribbean Telecommunications Union and CARICOM, rather than any domestic institution.","Dominica runs no domestic stakeholder process on AI, so industry, civil society and academia have no structured input. Its involvement is collective and regional, as a CARICOM and Caribbean Telecommunications Union member associated with the UNESCO Caribbean Artificial Intelligence Policy Roadmap and the Caribbean Artificial Intelligence Task Force process concluded at the first Caribbean AI Forum in July 2026.","Dominica has no AI-specific obligations, penalties, supervisory authority or monitoring programme, so nothing is enforced.",Dominica National Digital Transformation Strategy 2022-2026 (not AI-specific),https://www.cullen-international.com/news/2026/09/Artificial-intelligence-regulation-and-policy-are-at-an-early-stage-in-the-Caribbean.html | https://caribbean.un.org/sites/default/files/2025-06/caribbea-artificial-intelligence-ai-united-nations-study.pdf | https://ctu.int/wp-content/uploads/2025/12/CCAITF-Draft-Interim-Report-MASTER.pdf | https://www.unesco.org/en/articles/unescos-caribbean-ai-roadmap-wins-regional-backing | https://www.uwi.edu/data-protection/?q=resources-external-dominica,2026-10-06,medium
Dominican Republic,"The only binding AI rules are the articles of the new Penal Code (Ley 74-25), effective 3 August 2026, that criminalise the use of artificial intelligence to fabricate and disseminate false or intimate content. Governance otherwise rests on Decreto 498-23, which approved the Estrategia Nacional de Inteligencia Artificial (ENIA) and its action plan to 31 December 2030 and obliges executive entities to coordinate AI projects with the Gabinete de Innovación y Desarrollo Digital. Two Senate AI bills were merged into a single text in committee on 15 September 2026 and no AI statute has been enacted.","Levers are executive and promotional: Decreto 498-23 and Decreto 338-23 assign AI coordination to OGTIC and the Gabinete de Innovación y Desarrollo Digital, the ENIA sets priorities to 2030, and investment runs through the NVIDIA-supported Centro de Excelencia en Inteligencia Artificial (CEIA-RD) and public-sector AI training. The draft National AI Ethics Code and the merged Senate AI bill are the pending additions.","AI governance is centralised in OGTIC under the Gabinete de Innovación y Desarrollo Digital, with the Ministerio de Administración Pública and DIGEIG contributing public-sector ethics and interoperability work and the Chamber of Deputies running a Permanent AI Commission. Sub-national bodies hold no regulatory role, and judicial or independent review of AI has not occurred.","Participation is consultative and episodic: industry, academia and civil society were drawn into the ENIA, the draft National AI Ethics Code and committee hearings on the AI bills, without standing statutory roles. Internationally the country is highly active through UNESCO ethics processes, the Santiago and Cartagena declarations, PARLATINO model-law work and the Red GEALC presidency.","Enforcement capacity is limited to criminal prosecution of AI-generated harmful content under Ley 74-25, with no AI regulator, administrative sanctions or published cases.","Ley 74-25 Código Penal (2025, in force 3 August 2026, AI-generated content offences), Decreto 498-23 approving the Estrategia Nacional de Inteligencia Artificial – ENIA and its action plan (2023), Decreto 338-23 creating the Gabinete de Innovación y Desarrollo Digital (2023), Draft National Artificial Intelligence Ethics Code for the public administration (DIGEIG, 2026), Merged Senate bill on the ethical and safe use of artificial intelligence (in committee, merged September 2026), National Innovation Policy 2030 (2022), Ley 172-13 on Personal Data Protection (2013)",https://www.senadord.gob.do/comision-de-senadores-acuerda-fusionar-proyectos-de-ley-que-buscan-regular-el-uso-de-la-inteligencia-artificial/ | https://digeig.gob.do/wp-content/uploads/2026/02/Borrador-de-Codigo-de-Etica-de-la-IA-de-la-Republica-Dominicana_Texto-Final.pdf | https://elnacional.com.do/nacionales/si-alteras-videos-o-imagenes-con-ia-sin-concentimiento-podrias-ir-10-anos-preso-a-partir-de-agosto_574125.html | https://oecd.ai/en/dashboards/policy-initiatives/national-artificial-intelligence-strategy-enia | https://minpre.gob.do/comunicacion/notas-de-prensa/gobierno-construye-centro-de-excelencia-en-inteligencia-artificial-con-apoyo-de-nvidia/,2026-10-06,medium
East Timor,"Timor-Leste has no AI-specific legislation, and the UNESCO Readiness Assessment Methodology country report completed in 2025 with the Ministry of Transport and Communications confirms the absence of AI provisions in existing ICT and data-privacy law. Governance activity is confined to the Timor Digital 2032 national digital strategy, which is being revised to incorporate AI, and to foundational connectivity and cybersecurity work. Constitutional data-protection rights and general telecommunications and electronic-commerce rules apply without any provision written for AI.","Policy action consists of soft commitments: endorsement of the UNESCO Recommendation on the Ethics of Artificial Intelligence, the 2025 UNESCO AI Readiness Assessment delivered with the Ministry of Transport and Communications, TIC Timor and Catalpa International, and the planned revision of Timor Digital 2032. No binding instrument, funded AI programme, sandbox or dedicated institution backs these commitments.","AI matters sit with central government, principally the Ministry of Transport and Communications and TIC Timor, with the Presidency of the Council of Ministers convening a Government Dialogue on Artificial Intelligence in August 2026. Coordination occurs through one-off projects and events rather than a standing mechanism, and neither municipalities nor independent review bodies play any part.","Domestic stakeholder involvement has been limited to the UNESCO-led readiness workshops of April and May 2025, which convened ministries, academia, civil society and development partners on a one-off basis. International engagement is the more active channel, through the UNESCO Recommendation on the Ethics of Artificial Intelligence, observer participation at the ASEAN AI Summit 2025 and accession to ASEAN and its non-binding AI governance instruments.","Nothing is enforced because no AI obligation, penalty or competent authority exists, and the sole oversight output is the one-off 2025 UNESCO readiness assessment.","Timor Digital 2032 National Digital Strategy (2023-2032), UNESCO AI Readiness Assessment Methodology country report for Timor-Leste (2025)",https://www.unesco.org/ethics-ai/en/timor-leste | https://www.unesco.org/en/articles/preparing-timor-leste-embrace-artificial-intelligence | https://timor-leste.gov.tl/?p=44825&lang=en&n=1 | https://en.tatoli.tl/2026/08/21/timor-leste-to-host-government-dialogue-on-artificial-intelligence/15/ | https://catalpa.io/projects/ai-readiness-in-timor-leste-designing-the-future-responsibly/,2026-10-06,medium
Ecuador,"Ecuador regulates AI through subordinate rules of the data protection authority: the Norma General para la Garantía del Derecho de Protección de Datos Personales en el Uso de Sistemas de Inteligencia Artificial (Resolución SPDP-SPD-2026-0009-R), reformed in September 2026, which imposes risk management, impact assessment, transparency and security duties on anyone using AI to process personal data, alongside the biometric-data norm that bans mass facial recognition. No statutory AI law exists: the Asamblea Nacional archived the Proyecto de Ley Orgánica de Regulación y Promoción de la Inteligencia Artificial in September 2026, and the Proyecto de Ley Orgánica para el Desarrollo, Uso Ético y Gobernanza de la Inteligencia Artificial is before the Comisión de Educación.","Ecuador combines one binding AI instrument issued by the data protection authority with a ministerial AI strategy and an advisory Comité de Inteligencia Artificial created by Acuerdo MINTEL-MINTEL-2023-0019. Funding is decentralised, and no sandbox or AI-specific procurement rules exist.","Governance splits between the Superintendencia de Protección de Datos Personales, which issues and supervises the binding AI rules, and the digital-transformation ministry that owns the national AI strategy, linked by the advisory Comité de Inteligencia Artificial. Courts and the judiciary address AI only through general constitutional standards and an unfinished internal protocol.","Industry, academia and civil society feed into AI policy through the Comité de Inteligencia Artificial and public consultations on the Superintendencia's resolutions, with no standing formal decision role. International engagement runs through UNESCO and UNDP assistance and bilateral AI cooperation with the United Arab Emirates.","Enforcement rests with the Superintendencia de Protección de Datos Personales using the sanction powers of the Ley Orgánica de Protección de Datos Personales, and no decision under the AI norm has been published.","Resolución SPDP-SPD-2026-0009-R, Norma General para la Garantía del Derecho de Protección de Datos Personales en el Uso de Sistemas de Inteligencia Artificial (2026), Resolución SPDP-SPD-2026-0037-R reforming that norm (2026), Resolución SPDP-SPD-2026-0039-R, Norma General para el Tratamiento de Datos Biométricos (2026), Resolución SPDP-SPD-2026-0007-R, Política para el Desarrollo y Uso de la Inteligencia Artificial en Procesos Administrativos de la SPDP (2026), Acuerdo Ministerial MINTEL-MINTEL-2025-0030, Estrategia para el Fomento del Desarrollo y Uso Ético y Responsable de la Inteligencia Artificial en el Ecuador 2025-2029 (2026), Acuerdo Ministerial MINTEL-MINTEL-2023-0019 creating the Comité de Inteligencia Artificial (2023), Ley Orgánica de Protección de Datos Personales (2021), Ley Orgánica para la Transformación Digital y Audiovisual (2023), Ley Orgánica para el Fortalecimiento de la Ciberseguridad (2026), Política Pública de Transformación Digital 2025-2030 (2025)",https://spdp.gob.ec/resoluciones2/ | https://observatorioecuadordigital.mintel.gob.ec/acerca-comite-ia/ | https://www.lexis.com.ec/noticias/registro-oficial-del-dia-ecuador-aprueba-estrategia-nacional-para-el-desarrollo-y-uso-etico-de-la-inteligencia-artificial | https://www.asambleanacional.gob.ec/es/noticia/118939-cecilia-baltazar-presenta-proyecto-de-ley-sobre-el-uso | https://www.unesco.org/es/articles/ecuador-presenta-su-estrategia-nacional-para-el-desarrollo-y-uso-etico-de-ia-unesco-presenta-la-ram,2026-10-06,high
Egypt,"Egypt governs AI through dedicated non-binding instruments: the Egyptian Charter for Responsible AI (2023), the National AI Strategy Second Edition (2025-2030), and the March 2026 suite comprising the Guide to Egypt's National AI Governance Framework (edition 2.0), the National Guidelines for Trustworthy and Responsible AI (edition 2.0) and the National Generative AI Guidelines, which set a four-tier risk classification and compliance pathways without legal force. The only binding instruments reaching AI are general: Personal Data Protection Law No. 151/2020 with Executive Regulations No. 816/2025 (in force 2 November 2025, compliance deadline 1 November 2026), the Fintech Law No. 5 of 2022, and the cybercrime amendments passed in February 2026, which parliament deliberately kept technology-neutral. The Draft Artificial Intelligence Law has not reached enactment.","Egypt's toolkit is soft law plus capacity building: a March 2026 package of governance framework, responsible-AI guidelines and generative-AI guidelines, backed by training programmes, the Applied Innovation Center and the Egyptian AI Institute. Institutions are designated rather than empowered, and the planned AI sandbox under the July 2026 UNDP agreement has not begun operating.","Authority is centralised in MCIT, with the National Council for Artificial Intelligence, Quantum Computing and Emerging Technologies, renamed by Cabinet in January 2026, as apex coordinator and ECRAI operationalising the framework alongside ITIDA for technical evaluation, verification and validation. Sectoral regulators have assigned but largely dormant roles, governorates have none, and independent review of AI is limited to general court jurisdiction.","Policy development runs through MCIT with standing industry representation on the NCAI and heavy academic involvement in ECRAI's drafting committees, while domestic civil society contributes only through external commentary. International engagement is extensive, spanning the OECD, UNESCO, ITU and UNDP, without accession to a binding AI treaty.","Enforcement rests on general data protection and cybercrime law, since ECRAI's certification and audit functions under the March 2026 framework lack statutory backing and have produced no decisions.","National AI Strategy First Edition (2021), Egyptian Charter for Responsible AI (2023), National AI Strategy Second Edition (2025-2030), Guide to Egypt's National AI Governance Framework (2026), Egypt National Guidelines for Trustworthy and Responsible AI (2026), Egypt's National Generative AI Guidelines (2026), Personal Data Protection Law No. 151/2020, Personal Data Protection Law Executive Regulations issued by Minister of Communications and Information Technology Decree No. 816 of 2025, Fintech Law No. 5 of 2022, Cloud First Policy (2024), Draft Artificial Intelligence Law (2024, pending)",https://ai.gov.eg/SynchedFiles/ar/Resources/Guide%20to%20Egypt%E2%80%99s%20National%20AI%20Governance%20Framework%2015-3-2026.pdf | https://ai.gov.eg/SynchedFiles/ar/Resources/Egypt%20National%20Guidelines%20for%20Trustworthy%20and%20Responsible%20AI.pdf | https://mcit.gov.eg/en/Artificial_Intelligence | https://mped.gov.eg/adminpanel/sharedFiles/OECD_Artificial_Intelligence_Review_of_Egypt_c9a.pdf | https://www.ipu.org/impact/democracy-and-strong-parliaments/artificial-intelligence/parliamentary-actions-ai-policy,2026-10-06,medium
El Salvador,"El Salvador governs AI through a dedicated statute, the Ley de Fomento a Inteligencia Artificial y Tecnologías (Decreto Legislativo 234 of 26 February 2025), reformed by Decreto 363 (2025), and operative secondary rules in ANIA Resolución 0001/2025, applicable since 2 September 2025, which define 'consequential decisions' and require registration in six domains spanning health, credit and insurance, biometrics, public powers, employment and education. Duties also include disclosure that a decision was AI-driven and a route to contest it before a human reviewer. Obligations apply across sectors today, but there is no penalty regime and compliance rests on self-certification and evidence requests.","Policy runs through binding instruments concentrated in ANIA: Decreto 234 and its Decreto 363 reform, Resolución 0001/2025 setting registration and verification rules, and the September 2026 special provisions declaring national AI and robotics projects of public utility with direct contracting and fast-tracked permits and visas. Soft-law output is limited to ANIA's National AI Strategy Report 2026 and the UNESCO–ANIA readiness assessment; the statutory sandbox is a compliance pathway rather than a documented operating programme.","Authority is centralized in ANIA, a presidential agency given technical and administrative autonomy by Decreto 363, with the Agencia de Ciberseguridad del Estado handling adjacent data protection and cybersecurity duties. There is no formal multi-regulator coordination mechanism, no subnational role, and independent review is confined to internal contestation rights and Corte de Cuentas audits of AI procurement.","Policy-making is executive-led, with industry involved through ANIA advisers, summits and vendor partnerships rather than published consultation, and domestic civil society and universities holding no formal role. International engagement is prominent: co-chairing the UN Global Dialogue on AI Governance, the UNESCO readiness assessment, and accession to the US-led Pax Silica initiative.","Supervision is designed to be supportive rather than punitive: ANIA verifies that registered entities hold controls, no AI-specific penalties are defined, and no enforcement decision has been published.","Ley de Fomento a Inteligencia Artificial y Tecnologías, Decreto Legislativo No. 234 (2025), Reformas a la Ley de Fomento a Inteligencia Artificial y Tecnologías, Decreto Legislativo No. 363 (2025), Resolución No. 0001/2025 de la Agencia Nacional de Inteligencia Artificial (2025), Disposiciones Especiales para la Ejecución de los Proyectos Nacionales de Inteligencia Artificial, Robótica y Otras Tecnologías Similares (2026), Ley para la Protección de Datos Personales (2024), Ley de Ciberseguridad (2024)",https://www.asamblea.gob.sv/sites/default/files/documents/decretos/277EFC88-1C8D-4ACD-BE44-9DAFD64C6797.pdf | https://www.jurisprudencia.gob.sv/DocumentosBoveda/D/2/2020-2029/2025/08/10D107.PDF | https://www.asamblea.gob.sv/sites/default/files/documents/decretos/FAA85F30-F97C-436B-8101-D3E93549D622.pdf | https://www.unesco.org/en/articles/el-salvador-moving-toward-human-centered-artificial-intelligence | https://diarioelsalvador.com/depais/congreso-avala-marco-legal-para-regular-la-innovacion-tecnologica/857102,2026-10-06,medium
Equatorial Guinea,"Equatorial Guinea has no AI-specific law in force and no published national AI strategy. The Ministry of Transport, Telecommunications and Artificial Intelligence Systems has run drafting sessions in Malabo on terms of reference for a future AI law, including a proposed national AI and data authority, but no text has been published, tabled or enacted. The nearest binding instrument, Ley 1/2016 de Protección de Datos de Carácter Personal, says nothing about AI and its supervisory body remains unappointed.","Policy activity consists of preparatory drafting work by the Ministry of Transport, Telecommunications and Artificial Intelligence Systems through its Directorate General for Artificial Intelligence Systems, listed among the government's 2025 digital regulation actions. There is no AI guidance, funding programme, sandbox or procurement rule.","AI governance is concentrated in one central ministry with no coordinating mechanism, no provincial involvement and no independent review. The data protection supervisory body foreseen by Ley 1/2016 remains unappointed, so no institution outside the executive touches AI.","Participation is ministry-led and episodic: sector technicians joined closed drafting sessions, and universities joined a national AI forum sponsored by Deep Learning Indaba. Domestic civil society is absent, and international engagement is limited to African Union membership and bilateral training cooperation with China and Russia.","Nothing AI-specific is enforceable, no authority is responsible, and the one adjacent regime, Ley 1/2016, has never been enforced because its supervisory body was never appointed.","Ley 1/2016 de Protección de Datos de Carácter Personal (2016), Agenda Digital para Guinea Ecuatorial (ADIGE) 2019-2025, Anteproyecto de Ley reguladora de la Inteligencia Artificial (draft, 2025)",https://guinea24.com/lectura.php?id=678&i= | https://realequatorialguinea.com/tecnologia/guinea-ecuatorial-da-los-primeros-pasos-para-disponer-de-una-ley-de-inteligencia-artificial/ | https://ahoraeg.com/tecnologia/2026/05/15/aauca-concluye-el-ii-foro-nacional-de-inteligencia-artificial-un-espacio-de-innovacion-para-el-futuro-tecnologico-de-guinea-ecuatorial/ | https://dataprotection.africa/equatorial-guinea/ | https://dig.watch/countries/equatorial-guinea,2026-10-06,medium
Eritrea,"Eritrea has no AI-specific legislation, no draft AI bill and no AI provision inside general law. The only relevant legal anchors are the Communications Proclamation No. 102/1998, administered by the Ministry of Transport and Communications, and the privacy guarantee of the 1997 Constitution, which has never entered into force; neither mentions artificial intelligence. There is also no data protection law or authority to which AI governance could attach.","Eritrea deploys no policy levers for AI: neither binding rules nor guidance, funding, sandboxes or procurement requirements, and no body carries an AI mandate. Government activity in the digital domain is limited to state control of telecommunications through EriTel and the Ministry of Transport and Communications.","Governance is fully centralized in the one-party state: a single ministry oversees communications, regional administrations have no regulatory competence, and no independent court or oversight institution reviews executive decisions. Nothing in that structure is directed at AI.","Policy-making is closed to industry, civil society and academia, all of which are either state-controlled or absent. International exposure is nominal: Eritrea falls within the African Union's Continental Artificial Intelligence Strategy (2024) by virtue of membership, without national follow-up, declarations or standards work.","There is no AI enforcement in Eritrea: no obligations, no penalties, no designated authority and no monitoring.",,https://www.levellers.ai/what-is/ai-regulation-eritrea | https://dig.watch/countries/eritrea | https://www.whitecase.com/insight-our-thinking/ai-watch-global-regulatory-tracker-african-union | https://shabait.com/,2026-10-06,medium
Estonia,"Estonia enacted no standalone national AI statute and relies on the directly applicable EU AI Act, whose prohibitions, AI literacy duty, GPAI rules and Article 50 transparency obligations apply while Annex III high-risk duties were postponed to 2 December 2027 by the Digital Omnibus on AI, Regulation (EU) 2026/1744. National implementation consists of authority designations published on kratid.ee and TTJA guidance, with the amendment to the General Part of the Economic Activities Code Act and the State Fees Act creating the AI regulatory sandbox and the penalty regime still in the legislative pipeline. Domestic soft-law instruments, the AI and Data Action Plan (Kratt) 2024–2026 and the Data and AI White Paper 2024–2030, carry no binding force.","Estonia leans on the EU AI Act as its single binding lever and layers domestic guidance, the AI and Data Action Plan (Kratt) 2024–2026 and the Data and AI White Paper 2024–2030 on top. Funding runs through Eesti.ai and the AI Leap programme, while the regulatory sandbox and penalty provisions awaited adoption of the amendment to the General Part of the Economic Activities Code Act.","AI governance is split between a lead market surveillance body, TTJA, and sectoral bodies including the Data Protection Inspectorate, the Gender Equality and Equal Treatment Commissioner and RIA, coordinated by the Ministry of Justice and Digital Affairs and the Ministry of Economic Affairs and Communications. There is no sub-national layer, and independent review of AI decisions has not yet materialised in case law, although the Riigikogu State Budget Control Select Committee examined public-sector AI use in April 2026.","Industry sits at the centre of Estonian AI policy through the Eesti.ai advisory board and corporate partnerships in the AI Leap programme, while domestic civil society has no structured role. Academic input is advisory and project-based, and international engagement runs through the EU AI Board and OECD channels.","The EU penalty framework applies directly and TTJA is designated to supervise, but no enforcement action has been taken and monitoring is limited to occasional studies and parliamentary scrutiny.","EU AI Act / Regulation (EU) 2024/1689 (2024), Digital Omnibus on AI / Regulation (EU) 2026/1744 (2026), AI and Data Action Plan (Kratt) 2024–2026 (2024), Data and AI White Paper 2024–2030 (2024), Draft Act amending the General Part of the Economic Activities Code Act and the State Fees Act establishing the AI regulatory sandbox (2025), GDPR / Regulation (EU) 2016/679 (2016), Personal Data Protection Act (2018), AI Action Plan (Kratt) 2022–2023 (2022), National AI Strategy (Kratt 1.0) (2019)",https://www.kratid.ee/tehisintellektimaarus | https://ttja.ee/ariklient/ohutus/tooted-teenused/tehisintellektisusteemid | https://riigikantselei.ee/en/eestiai-initiative | https://artificialintelligenceact.eu/national-implementation-plans/,2026-10-06,medium
Ethiopia,"Ethiopia governs AI through the non-binding National Artificial Intelligence Policy adopted by the Council of Ministers in June 2024, supported by Artificial Intelligence Institute Establishment Council of Ministers Regulation No. 510/2022, which creates the Ethiopian Artificial Intelligence Institute and gives it evaluation and certification functions over imported AI systems. Binding obligations on AI developers and deployers come only from general law, chiefly the Personal Data Protection Proclamation No. 1321/2024, and the draft National Data Governance Proclamation referred to the House of Peoples' Representatives on 28 September 2026 regulates data use for AI rather than AI systems. No cross-sector AI statute has been tabled.","Ethiopia relies on institutional and promotional levers: EAII under Regulation No. 510/2022, the 2024 National Artificial Intelligence Policy, an AI Startup Center with incubation cohorts, and the general regulatory sandbox created by Startup Proclamation No. 1396/2025. No AI-specific standards, codes or procurement rules have been issued, and no compliance powers over AI systems have been exercised.","Governance is centralized on the Ethiopian Artificial Intelligence Institute, an autonomous federal body reporting to the Prime Minister's Office, with the Ethiopian Communications Authority enforcing data protection, the Ministry of Innovation and Technology providing policy oversight and INSA covering cybersecurity. Coordination remains informal, regional states play no role, and independent or judicial scrutiny of AI governance is absent.","The National Artificial Intelligence Policy emerged from a multi-year consultative process with industry, academia and civil society, but participation is episodic rather than institutionalized in standing bodies. Internationally Ethiopia is highly active, hosting continental AI governance dialogues in Addis Ababa, completing the UNESCO Readiness Assessment Methodology, endorsing the Paris AI Action Summit statement and working within the African Union Continental AI Strategy and Smart Africa Alliance.","No AI-specific penalties, enforcement decisions or audits exist, and even the general data-protection regime under Proclamation No. 1321/2024 has yet to produce published enforcement action.","National Artificial Intelligence Policy (2024), Artificial Intelligence Institute Establishment Council of Ministers Regulation No. 510/2022, Personal Data Protection Proclamation No. 1321/2024, Startup Proclamation No. 1396/2025, Cybersecurity Policy (2024), Digital Ethiopia 2025 Strategy, draft National Data Governance Proclamation (2026)",https://www.unesco.org/ethics-ai/en/ethiopia | https://regulations.ai/regulations/RAI-ET-NA-AIIECXX-2022 | https://www.telecompaper.com/news/ethiopia-cabinet-approves-draft-data-governance-law--1584167 | https://www.mondaq.com/privacy-protection/1766200/ethiopian-personal-data-protection-law-proclamation-13212024-business-compliance-guide | https://au.int/en/pressreleases/20250517/communique-high-level-policy-dialogue-ai-africa,2026-10-06,medium
Fiji,"Fiji has no binding AI-specific legislation; AI governance commitments sit in the Cabinet-approved National Digital Strategy 2025-2030, a non-binding planning document, alongside a 2024 ministerial announcement of a framework to protect users from AI threats. Oversight of AI-related harms falls back on the Online Safety Act 2018 and the Cybercrime Act 2021, which contain no AI-written provisions, and the Ministry of Education's AI policy for schools was still at consultation stage in September 2026.","Policy levers are non-binding: the National Digital Strategy 2025-2030, a draft Ministry of Education AI policy, and the Cabinet-endorsed national privacy and personal data protection policy of October 2025. Practical activity is concentrated in donor-supported capacity programmes such as the AI Hub launched in 2024, rather than in regulatory instruments or a mandated institution.","AI policy is centralised in the Ministry of Communications, with the Ministries of Education and Trade pursuing sector initiatives and no regulator holding an explicit AI mandate. Coordination is informal, there is no subnational tier of AI rule-making, and courts have not addressed AI.","Industry and academic actors feed into AI policy through digital strategy consultations and the AI Hub, while domestic civil-society involvement on AI is occasional rather than structured. Internationally Fiji works through the Pacific Islands Forum, endorsing the region's first collective AI position in September 2026 and bilateral digital cooperation with Australia and India.","With no AI-specific obligations in force and no designated authority, enforcement is limited to whatever general online safety and cybercrime provisions happen to capture AI-related conduct.","National Digital Strategy 2025-2030, Online Safety Act (2018), Cybercrime Act (2021), National Privacy and Personal Data Protection Policy (2025), Pacific Digital and Artificial Intelligence Technology Principles (2026)",https://council.science/wp-content/uploads/2026/02/Fiji-AI.pdf | https://www.trade.gov/country-commercial-guides/fiji-digital-economy | https://pina.com.fj/2026/09/06/pacific-leaders-set-ai-rules-push-stronger-digital-connectivity/ | https://fijisun.com.fj/news/nation/ministry-drafts-ai-policy-to-guide-usage-in-schools | https://www.fijitimes.com.fj/plans-to-protect-ai-users/,2026-10-06,medium
Finland,"Finland is governed by the directly applicable EU AI Act, supplemented by the national Act on the Supervision of Certain Artificial Intelligence Systems (1377/2025) and amendments to market surveillance, Financial Supervisory Authority and Energy Authority legislation in force since 1 January 2026. Prohibited-practice, general-purpose AI and Article 50 transparency obligations bind actors today, with Traficom supervising transparency since 2 August 2026, while high-risk system duties were postponed to 2 December 2027 by the Digital Omnibus on AI. The second national implementing act, covering the regulatory sandbox and the register of high-risk AI used in critical infrastructure, remains in preparation.","Finland combines binding EU and national AI instruments with regulator guidance from Traficom and the Data Protection Ombudsman, public AI literacy work including the Ministry of Education and Culture citizens' AI competence framework (2026), and innovation funding through Business Finland. Supervisory bodies are repurposed sectoral authorities with legal AI mandates; the statutory regulatory sandbox is not yet operating.","Governance is highly decentralised: fifteen sectoral authorities supervise the AI Act under Traficom's statutory coordination and single-point-of-contact role, with ministries steering legislative preparation. There is no subnational regulatory layer, and judicial and ombudsman review operates on general grounds rather than through established AI case law.","Industry, civil society and academia engage through published consultations, the ministry implementation working group and stakeholder events rather than standing institutional roles. Internationally Finland is an active participant in EU AI Act governance, EU digital consortia and OECD AI cooperation.","Finland has full penalty powers and designated supervisors in place since 1 January 2026, but enforcement so far consists of guidance, complaint handling and transparency monitoring with no published AI Act decisions.","EU AI Regulation (2024/1689), Digital Omnibus on AI amending Regulation (EU) 2024/1689 (2026), Act on the Supervision of Certain Artificial Intelligence Systems (1377/2025), Amendments to Market Surveillance of Products Act (2025), Finland's Digital Compass (2022), Artificial Intelligence 4.0 Programme (2020-2022), Finland AI Strategy (2017)",https://valtioneuvosto.fi/en/-/1410877/national-supervision-of-eu-artificial-intelligence-act-to-begin-laws-on-powers-of-authorities-to-take-effect-at-start-of-the-year | https://traficom.fi/fi/tekoalyn-saantely | https://traficom.fi/fi/uutiset/tekoalyn-kaytosta-nyt-kerrottava-aiempaa-avoimemmin-traficom-julkaisi-ohjeet-uusiin-velvoitteisiin | https://tietosuoja.fi/-/uudet-saannot-vahvistavat-luottamusta-tekoalyyn-tekoalyasetusta-valvovien-viranomaisten-toimivaltuudet-tulivat-voimaan-1.1 | https://tem.fi/en/ai-regulation,2026-10-06,high
France,"France applies the EU AI Act directly: prohibitions and AI literacy since 2 February 2025, GPAI obligations since 2 August 2025 and Article 50 transparency since 2 August 2026, with high-risk obligations postponed to 2 December 2027 and 2 August 2028 by the Digital Omnibus Regulation (EU) 2026/1744. Domestic AI-specific rules exist for deepfakes (loi SREN of 21 May 2024), algorithmic video surveillance (loi of 19 May 2023, experiment extended to 1 March 2027) and patient information on medical AI (Article L.4001-3 of the Code de la santé publique). The national designation of competent authorities and penalty rules remains in the DDADUE bill before the Assemblée nationale, leaving implementation incomplete.","France relies on directly applicable EU rules plus domestic AI-specific statutes, a maintained body of CNIL, ANSSI and HAS guidance, and France 2030 funding channelled through Bpifrance and the national AI strategy. Institutional capacity rests on CNIL's AI department, PEReN's technical expertise and INESIA's evaluation work, none of which yet exercise statutory AI Act powers.","AI oversight is distributed across about fifteen sectoral regulators under a Ministry of the Economy-led scheme, with DGCCRF as single point of contact and CNIL slated to become the reference and coordinating authority once the DDADUE bill passes. Sub-national bodies have no regulatory role, while courts, the Défenseur des droits and the independent CNIL act as external checks.","Consultation is real but discretionary: industry and civil society respond to CNIL and ministry consultations, academia is embedded in INESIA and CNIL's audit methodology work, and no stakeholder group holds a standing statutory role. Internationally France is among the most active states, hosting the AI Action Summit and participating in Council of Europe, OECD and European standardisation processes.","Enforcement against AI in France is carried out under the GDPR by CNIL, with AI Act sanctioning powers not yet conferred on any authority by national statute.","EU AI Act (Regulation 2024/1689, 2024), Digital Omnibus Regulation (EU) 2026/1744 amending the AI Act (2026), General Data Protection Regulation (Regulation 2016/679), Loi n° 2024-449 du 21 mai 2024 visant à sécuriser et réguler l'espace numérique (SREN), Loi n° 2023-380 du 19 mai 2023 relative aux Jeux Olympiques et Paralympiques de 2024 (algorithmic video surveillance, extended to 1 March 2027), Loi n° 78-17 Informatique et Libertés (1978, amended), Code de la santé publique Article L.4001-3 (2021), National AI Strategy under France 2030 (2021, updated 2025), National Strategy on Data and AI in Healthcare 2025-2028, INESIA Roadmap 2026-2027 (2026), Projet de loi DDADUE n° 118 (2025-2026) designating AI Act competent authorities (pending), Proposition de loi relative à l'instauration d'une présomption d'utilisation des contenus culturels par les fournisseurs d'intelligence artificielle (adopted by the Senate 8 April 2026, pending)",https://www.entreprises.gouv.fr/priorites-et-actions/transition-numerique/soutenir-le-developpement-de-lia-au-service-de-0 | https://www.economie.gouv.fr/dgccrf/actualites-dgccrf/ia-la-dgccrf-coordonnera-laction-des-autorites-de-surveillance-en-france | https://www.senat.fr/lessentiel/pjl25-118.pdf | https://www.sgdsn.gouv.fr/files/files/Nos_missions/Feuille%20de%20route%20INESIA%202026-2027.pdf | https://www.cnil.fr/en/ai-cnil-finalises-its-recommendations-development-artificial-intelligence-systems,2026-10-06,medium
Gabon,"Gabon's binding AI rules sit inside Ordonnance n°0011/PR/2026 du 26 février 2026 on the use of social networks via digital platforms, which defines AI systems and AI-generated content, prohibits non-consensual deepfakes and false-attribution deepfakes, imposes labelling of synthetic content and a 24-hour takedown right, and gives the Haute Autorité de la Communication audit powers over detection systems. Loi n°025/2023 du 12 juillet 2023 amending the personal data protection law adds AI definitions and rules on automated decision-making and profiling. Coverage is confined to online content and personal data, and operators have a twelve-month period to come into conformity.;","Policy runs through one binding ordinance on AI-generated content, an institutional build-out (Direction Générale des Technologies Émergentes, Comité Technique National sur l'IA), and preparatory work: the UNESCO readiness assessment of 2024 and the national AI strategy drafting launched with UNDP on 28 September 2026. Economic levers remain generic innovation measures, with no AI sandbox or AI procurement rules.","AI governance is centralised in the executive: the Ministry of Digital Economy and its Direction Générale des Technologies Émergentes set policy, the Haute Autorité de la Communication regulates AI-generated content under powers enlarged by Ordonnance n°0013/PR/2026, and the Comité Technique National sur l'IA coordinates. The rules were made by presidential ordinance, and judicial or independent review of AI measures has so far been limited to a pending constitutional challenge over platform suspension.","Industry, academia and civil society were convened by the Ministry of Digital Economy and UNDP for the national AI strategy diagnostic in Libreville from 28 September to 2 October 2026, and sit on the Comité Technique National sur l'IA, but these are episodic consultations rather than standing roles; the February 2026 ordinances were issued without such consultation. Internationally Gabon works through UNESCO, UNDP, UNECA, ITU and African Union frameworks.","AI-related penalties exist on paper, including imprisonment and fines up to 50,000,000 FCFA and AI use as an aggravating circumstance, but the Haute Autorité de la Communication has issued no published decision under the AI provisions and operators remain within a twelve-month compliance window.","Ordonnance n°0011/PR/2026 du 26 février 2026 portant réglementation de l'usage des réseaux sociaux via les plateformes numériques en République Gabonaise (2026), Ordonnance n°0012/PR/2026 du 26 février 2026 modifiant le Code de la communication (2026), Ordonnance n°0013/PR/2026 du 26 février 2026 modifiant la loi n°014/2023 relative à la Haute Autorité de la Communication (2026), Loi n°025/2023 du 12 juillet 2023 portant modification de la loi n°001/2011 du 25 septembre 2011 relative à la protection des données à caractère personnel (2023), Loi n°027/2023 du 12 juillet 2023 portant réglementation de la cybersécurité et de la lutte contre la cybercriminalité (2023), Décret portant création, attributions et organisation de la Direction Générale des Technologies Émergentes (2026), Stratégie nationale d'intelligence artificielle (in preparation, 2026)",https://droit-et-politique-en-afrique.info/wp-content/uploads/2026/04/Ordonnance-du-26-fevrier-2026-reglementation-de-lusage-des-reseaux-sociaux-Journal-Officiel-n%C2%B0110-du-8-au-15-avril-2026.pdf | https://www.unesco.org/ethics-ai/en/gabon | https://unesdoc.unesco.org/ark:/48223/pf0000390429 | https://gabonmediatime.com/gabon-communique-final-du-conseil-des-ministres-du-22-mai-2026/ | https://www.gabonreview.com/intelligence-artificielle-le-gabon-ouvre-le-chantier-dune-strategie-nationale-inclusive-et-souveraine/,2026-10-06,medium
Gambia,"Gambia has no dedicated AI legislation, strategy, or binding regulatory instrument as of mid-2026. Existing ICT and data protection frameworks do not directly address artificial intelligence, and no AI-specific bills have been introduced into the National Assembly.","No AI-specific policy mechanisms exist; Gambia relies on general ICT governance overseen by GICIA with no AI-targeted provisions, funding programs, sandboxes, or dedicated institutional capacity for AI.","Technology governance is handled centrally by the Ministry of Communication and Digital Economy and GICIA with no AI-specific remit, no inter-agency coordination mechanisms for AI, no subnational role, and no independent or judicial review of AI matters.","No structured domestic consultations with industry, civil society, or academia on AI policy have been recorded; Gambia holds AU membership and is nominally covered by the African Union AI Continental Strategy but has not actively participated in international AI governance forums or signed AI-specific declarations.","No AI enforcement framework, dedicated authority, or monitoring practice exists; there are no defined sanctions or recorded enforcement actions related to AI.","Information and Communications Act (2009), Gambia Information and Communications Infrastructure Authority Act",https://www.gicia.gm|https://oecd.ai/en/dashboards/countries/Gambia|https://au.int/en/documents/20201209/continental-ai-strategy,2026-09-01,low
Georgia,"Georgia has no cross-sector AI law and no adopted national AI strategy; the UNESCO Readiness Assessment Methodology country report delivered in February 2026 and the June 2026 UNESCO roadmap article describe the country as at a foundational stage and propose a phased path to regulation. The one binding AI-specific instrument is the National Bank of Georgia Regulation on Managing Risks for Data-based Statistical, Artificial Intelligence and Machine Learning Models, which applies to financial institutions. The Law on Personal Data Protection No. 3144/2023, in force since March 2024, covers profiling and automated decision-making, and the Council of Europe Framework Convention on Artificial Intelligence (CETS No. 225), signed in September 2024, is not ratified.","Policy is driven by funding and donor-supported assessment rather than regulation: the 2026 State Budget earmarks AI research money, GITA supports startups, and the EU/UNESCO/PMCG readiness assessment produced the analytical base for a first national AI strategy that has not been adopted. The single binding lever is the National Bank of Georgia model risk regulation; institutional responsibility remains fragmented and thinly resourced.","AI-relevant authority is dispersed informally across GITA, the Ministry of Economy and Sustainable Development, the Digital Governance Agency, the Personal Data Protection Service and the National Bank of Georgia, without a lead body or formal coordination mechanism. Oversight from outside government is limited to analytical output such as the Public Defender's 2025 special report on AI.","Participation is project-based: industry, civil society and academia were consulted through the EU-funded UNESCO/PMCG readiness assessment and its April 2026 Tbilisi forum, but no standing advisory structure exists. Internationally Georgia is a Council of Europe AI Convention signatory, a UNESCO Recommendation adherent and a participant in EU4Digital and Eastern Partnership digital cooperation.","Enforcement rests on general data protection powers and banking supervision, with no AI-specific penalties, no published AI enforcement decisions and no routine AI auditing.","Law on Personal Data Protection No. 3144/2023 (in force March 2024), National Bank of Georgia Regulation on Managing Risks for Data-based Statistical, Artificial Intelligence and Machine Learning Models (2022), Council of Europe Framework Convention on Artificial Intelligence CETS No. 225 (signed September 2024, not ratified), Digital Governance Strategy of Georgia 2024-2029",https://www.unesco.org/ethics-ai/en/articles/readiness-action-phased-roadmap-developing-ai-regulation-and-governance-georgia | https://nbg.gov.ge/en/page/model-risk | https://pmcg-i.com/advancing-ethical-ai-readiness-in-georgia/ | https://www.unesco.org/ethics-ai/en/georgia | https://idfi.ge/en/council-of-europe-framework-convention-on-ai,2026-10-06,medium
Germany,"Germany applies the directly binding EU AI Act and executes it nationally through the Gesetz zur Marktüberwachung und Innovationsförderung von künstlicher Intelligenz (KI-MIG), in force since 29 July 2026, which designates competent authorities, sets the national penalty framework and creates an AI regulatory sandbox. Prohibitions, general-purpose AI duties and transparency obligations apply, and penalties became applicable on 2 August 2026, but Annex III high-risk obligations were postponed to 2 December 2027 by the Digital Omnibus Regulation (EU) 2026/1744, leaving the regime horizontal in design yet incomplete in application.","Germany combines directly applicable EU binding law with a national execution statute, a dense standards and guidance layer (DIN Normungsroadmap KI, BSI, Datenschutzkonferenz, federal administration guidelines) and economic levers including Hightech Agenda Deutschland KI funding, AI compute investment and a statutory AI regulatory sandbox at the Bundesnetzagentur. The supervisory machinery is designated and resourced but has not yet exercised compliance powers.","Germany runs a hybrid model: one designated central authority, the Bundesnetzagentur, with a statutory coordination function and complaints office, sitting on top of retained sectoral regulators and Länder data protection authorities, plus an instruction-free market surveillance chamber for biometric applications. Courts actively shape AI-related duties, particularly on copyright and automated data analysis, and the agency reports annually to the Bundestag.","Industry associations and research institutes have repeated, institutionalised roles in German AI policy-making and in the Hightech Agenda roadmaps, while civil society is consulted through ordinary legislative and consultation channels without a permanent seat. Germany is a frontline actor in EU law-making, Council of Europe treaty work and international AI standardisation.","A comprehensive statutory penalty and supervision framework with a designated authority and complaints channel is in force, but active enforcement began only on 2 August 2026 and no decisions, sanctions or audit results have been published.","Gesetz zur Marktüberwachung und Innovationsförderung von künstlicher Intelligenz (KI-MIG, 2026), EU AI Act - Regulation (EU) 2024/1689 (2024), Digital Omnibus on AI - Regulation (EU) 2026/1744 (2026), Hightech Agenda Deutschland and KI-Roadmap (2025/2026), Bundesdatenschutzgesetz (2018), Federal guidelines for AI use in public administration (2025), Normungsroadmap Künstliche Intelligenz (2023), Council of Europe Framework Convention on Artificial Intelligence (2024)",https://www.bundesnetzagentur.de/SharedDocs/Pressemitteilungen/EN/2026/20260729_KI_VO.html | https://www.bundesnetzagentur.de/DE/Fachthemen/Digitales/KI/18_Beschwerdestelle/start.html | https://www.bundesnetzagentur.de/SharedDocs/Pressemitteilungen/EN/2026/20260507_KI_Reallabore.html | https://www.bmftr.bund.de/SharedDocs/Kurzmeldungen/DE/2026/07/300726-1-jahr-htad.html | https://www.justiz.bayern.de/gerichte-und-behoerden/landgericht/muenchen-1/presse/2025/11.php,2026-10-06,high
Ghana,"Ghana has no binding AI legislation; the National Artificial Intelligence Strategy 2025-2035, launched by President Mahama on 24 April 2026, is a policy roadmap, while the Emerging Technologies Bill, 2025 (proposing an Emerging Technologies Agency) sits in public consultation and the Data Protection Bill, 2025, which would regulate AI systems, automated decision-making and deepfakes, has not been enacted. Operative rules reaching AI are the general Data Protection Act, 2012 (Act 843) and Cybersecurity Act, 2020 (Act 1038), applied by the Data Protection Commission and Cyber Security Authority without AI-specific provisions.","Ghana relies on non-binding levers: the National AI Strategy 2025-2035, a UNESCO-supported readiness assessment, and funding commitments including USD 250 million for an AI Computing Centre and USD 20 million for strategy implementation. No AI-specific binding instrument, AI procurement rule or AI regulatory sandbox is in operation, and institutional capacity rests in a ministry directorate and a university lab.","AI governance is centralised in the Ministry of Communication, Digital Technology and Innovations, with the Data Protection Commission, Cyber Security Authority and National Communications Authority applying sectoral mandates and KNUST's Responsible AI Lab providing technical leadership. Inter-agency coordination is ad hoc through consultations and validation workshops, subnational bodies have no role, and courts have not reviewed AI matters.","Strategy development and the UNESCO readiness assessment were run by the Ministry with KNUST's Responsible AI Lab, supported by UNESCO, Smart Africa, GIZ FAIR Forward and The Future Society, and validated in separate academic, private-sector and civil-society sessions. Industry and civil society are consulted episodically rather than holding standing roles in AI policy-making.","Enforcement touching AI is confined to the Data Protection Commission's general compliance drive, which moved from education to spot checks and sanctions on 5 October 2026, with no AI-specific penalties, authority or audits.","Data Protection Act, 2012 (Act 843), Cybersecurity Act, 2020 (Act 1038), National Artificial Intelligence Strategy 2025-2035 (launched 2026), Emerging Technologies Bill, 2025 (proposed), Data Protection Bill, 2025 (proposed)",https://moc.gov.gh/2026/04/24/ghana-launches-national-ai-strategy-to-drive-digital-transformation-and-economic-growth/ | https://rail.knust.edu.gh/ghana-launches-national-ai-strategy-with-rail-at-the-helm-of-a-responsible-ai-future/ | https://gna.org.gh/2026/03/govt-to-introduce-new-data-protection-bill-to-regulate-ai-cross-border-data-flows/ | https://www.businessghana.com/site/news/politics/337819/Gov-t-to-lay-Emerging-Technologies-Bill-before-Parliament-in-2026 | https://www.ghanabusinessnews.com/2026/10/05/dpc-begins-checks-on-data-protection-compliance/,2026-10-06,medium
Greece,"Greece is covered by the directly applicable EU AI Act (Regulation (EU) 2024/1689) and has enacted Law 5321/2026 on measures implementing it, published in Government Gazette A' 114 of 20 July 2026, which designates competent authorities, creates complaint and sanction procedures, a public-sector AI registry, an AI Observatory and deepfake transparency duties, and repeals the AI chapter of Law 4961/2022. Prohibited practices, general-purpose AI duties and Article 50 transparency obligations apply today, while the Annex III high-risk regime was deferred to 2 December 2027 and the Annex I regime to 2 August 2028 by the Digital Omnibus on AI (Regulation (EU) 2026/1744). Implementation is advanced on institutions but incomplete on deadlines, standards and the regulatory sandbox.","Greece combines the binding EU AI Act with national Law 5321/2026, a Special Secretariat for AI and Data Governance in the Ministry of Digital Governance and AI, literacy guidance such as the 'Artificial Intelligence for All' guide, and funded compute programmes (Pharos AI Factory, DAEDALUS supercomputer). The statutory AI regulatory sandbox and real-world testing regime exist in law but are not yet in operation.","Governance is decentralised across the Ministry of Digital Governance and AI with its Special Secretariat for AI and Data Governance, the HDPA as lead market surveillance authority and single point of contact, EETT as notifying authority, and sectoral regulators, with statutory coordination introduced by Law 5321/2026. Independent bodies with fundamental-rights powers and judicial remedies provide external checks; no subnational tier regulates AI.","Policy-making draws on an academic-led High-Level Advisory Committee, public consultations and two AI Act Consultation Forums attended by industry and the digital-rights NGO Homo Digitalis, with academic partnerships such as the Athena Research Center MoU. Internationally, Greece acts through the EU AI Board, EuroHPC, OECD and UNESCO-linked initiatives rather than through ratified AI treaties.","A complete national sanctions and complaints framework has existed only since Law 5321/2026 took effect in July 2026, and no AI-specific enforcement decision has been published.","Law 5321/2026 on Measures Implementing Regulation (EU) 2024/1689 (Artificial Intelligence Act) (2026), EU AI Act / Regulation (EU) 2024/1689 (2024), Digital Omnibus on AI amending the AI Act, Regulation (EU) 2026/1744 (2026), Law 4961/2022 on Emerging Information and Communication Technologies and Digital Governance (2022, AI provisions repealed by Law 5321/2026), A Blueprint for Greece's AI Transformation (2024), Law 5188/2025 implementing the Data Governance Act (2025)",https://www.mindigital.gr/archives/8792 | https://ai.gov.gr/en/secretariat/ | https://www.ey.com/en_gr/technical/tax/tax-alerts/ai-act-greek-legal-framework-for-the-supervision-of-artificial-intelligence-systems | https://intelligence.dlapiper.com/artificial-intelligence/?t=02-regulatory-guidance&c=GR | https://www.legal500.com/guides/chapter/greece-artificial-intelligence/,2026-10-06,high
Grenada,"Grenada has no AI-specific legislation, draft bill or regulatory proposal, and the September 2026 Caribbean regulatory review confirms no Caribbean state covered, including Grenada, has adopted an AI-specific framework. The closest adjacent instrument, the Data Protection Act, No. 1 of 2023, was assented to on 9 May 2023 but has not been brought into force and contains no provision written for AI. Government AI activity is confined to adoption of tools in Parliament and the public service rather than regulation.","Policy activity consists of public-sector AI adoption — AI tools for parliamentarians and AI-enabled government services under the Division of ICT — rather than governance instruments. No national AI strategy, guidance document, sandbox or dedicated institution has been established, and the regional UNESCO Caribbean AI Policy Roadmap endorsed through CARICOM is the only AI policy text Grenada has signed on to.","AI-related work is concentrated in a single ministry with no statutory mandate, no coordination body and no independent review. External engagement runs through CARICOM, the OECS, the Caribbean Telecommunications Union and UNESCO rather than domestic institutions.","Domestic stakeholder engagement on AI is absent, with industry contact limited to regional technology events hosted in Grenada such as the Caribbean Internet Governance Forum. International involvement is the strongest strand: Grenada endorses UNESCO's regional AI roadmap through CARICOM and raises AI responsibly-use themes in United Nations fora.","There is nothing to enforce: no AI obligations, penalties, competent authority or monitoring programme exist in Grenada.","Data Protection Act, No. 1 of 2023 (assented 9 May 2023, not yet in force)",https://www.cullen-international.com/news/2026/09/Artificial-intelligence-regulation-and-policy-are-at-an-early-stage-in-the-Caribbean.html | https://www.unesco.org/en/articles/unescos-caribbean-ai-roadmap-wins-regional-backing | https://nowgrenada.com/2025/06/financial-institutions-must-brace-for-banking-data-protection-demands/ | https://dig.watch/countries/grenada | https://www.gov.gd,2026-10-06,medium
Guatemala,"Guatemala has no AI-specific law in force and relies on general frameworks such as the Law on Access to Public Information, Decree 57-2008. Two tracks are open in Congress: Iniciativa 6657 (2025), which would criminalise malicious AI-generated content, and competing personal data protection bills (Iniciativas 6105, 6572 and 6626), none of which has been reported out of committee. A government AI strategy led by the Secretaría Nacional de Ciencia y Tecnología is due to be finalised at the end of 2026, with a multisectoral national strategy scheduled for the first quarter of 2027.","Policy action consists of diagnostics and strategy drafting: the UNDP-supported AI Landscape Assessment, the UNESCO Readiness Assessment Methodology report delivered to the Superintendencia de Telecomunicaciones in July 2026, and the HumanIA forum convened by the Vice-Presidency and Senacyt. No binding instrument, national AI guidance, sandbox or funded national programme is in place.","AI governance is embryonic and executive-centred: Senacyt drafts the government strategy, the Comisión Presidencial de Gobierno Abierto y Electrónico remains the registered convenor of the Estrategia Nacional de Inteligencia Artificial, and the Superintendencia de Telecomunicaciones received the UNESCO ethics diagnostic. Which institution will lead AI governance is explicitly unresolved and postponed to the multisectoral process beginning in 2027.","Engagement is driven by the executive with international partners, principally UNDP and UNESCO, through assessments and the HumanIA dialogue forum. Domestic industry, civil society and academic participation is consultative and occasional rather than institutionalised; the broad multisectoral process is planned for 2027.","Guatemala enforces nothing on AI: no sanctions, authority or supervisory practice exists, and oversight to date consists of two external diagnostic studies.","Law on Access to Public Information, Decree 57-2008 (incidentally touches personal data); Iniciativa 6657, bill penalising malicious use of artificial intelligence and deepfakes (2025, pending); Iniciativa 6626, Personal Data Protection Bill (2025, pending); Iniciativa 6572, Personal Data Protection Bill (2025, pending); Data Protection Bill No. 6,105 (2022, pending); UNESCO Readiness Assessment Methodology report on AI ethics (2026); Estrategia Nacional de Inteligencia Artificial (in preparation)",https://www.undp.org/es/guatemala/blog/guatemala-avanza-hacia-un-uso-inclusivo-responsable-y-transformador-de-la-inteligencia-artificial | https://guatemala.un.org/es/311127-evaluaci%C3%B3n-de-ia-en-guatemala | https://www.prensalibre.com/guatemala/guatemala-prepara-su-estrategia-de-inteligencia-artificial-pero-aun-debe-definir-quien-la-dirigira/ | https://senacyt.gob.gt/component/content/article/humania | https://www.soy502.com/articulo/proponen-multas-alteracion-fotos-videos-ia-101772,2026-10-06,medium
Guinea,"Guinea regulates AI through strategy rather than law: the Ministry in charge of Posts, Telecommunications and the Digital Economy validated a National Artificial Intelligence Roadmap for 2026-2035 on 20 December 2025, built on the UNDP Artificial Intelligence Landscape Assessment completed in October 2025. The roadmap sets out development, governance and deployment orientations but creates no obligations, and the general framework law Loi L/2016/037/AN on cybersecurity and personal data protection says nothing about AI systems.","Policy action consists of a validated ten-year AI roadmap, donor-supported capacity projects with the United Nations Development Programme, and the private-sector AI Xcelerate training programme launched on 8 April 2026 by the Confédération Générale des Entreprises de Guinée. Institutional ownership rests with the ICT ministry and a presidential adviser on new technologies and AI, neither vested with regulatory powers.","Governance is centralised in the executive, combining the ICT ministry with a presidential adviser charged with new technologies and artificial intelligence, and coordination with other ministries happens through one-off strategy workshops. No subnational tier and no independent review body plays any role.","Stakeholder participation has been consultative and event-based: government, business, universities and civil society were convened for the AILA assessment and the roadmap validation, while the academic DounIA initiative supplies independent analysis. Externally, Guinea works mainly with the United Nations Development Programme and attends international AI fora as an African Union member.","Nothing about AI is enforceable in Guinea, and oversight extends only to the one-off national AI landscape diagnostic.","National Artificial Intelligence Roadmap 2026-2035 (validated December 2025), Loi L/2016/037/AN relative à la cybersécurité et à la protection des données à caractère personnel (2016), Loi Plan 2026-2040 and Loi-Programme 2026-2030 for the Simandou 2040 programme (2026)",https://www.ecofinagency.com/news-digital/2212-51603-guinea-validates-10-year-national-ai-roadmap | https://presidence.gov.gn/presidence-de-la-republique-installation-des-nouveaux-conseillers-du-chef-de-letat/ | https://guineenews.org/2025/10/18/la-guinee-trace-sa-feuille-de-route-de-lia-latelier-aila-debouche-sur-une-strategie-nationale-ambitieuse/ | https://www.dounia.org/ | https://anssi.gov.gn/nproject/loi-l037-2016-relative-a-la-cybersecurite-et-la-protection-des-donnees-a-caractere-personnel/,2026-10-06,medium
Guinea-Bissau,"Guinea-Bissau has no AI-specific legislation, draft bill or binding instrument. The main digital-policy act is Decreto n.º 10/2025, which approved the Estratégia Nacional para a Transformação Digital (ENTD.GW), launched on 29 January 2025 and focused on connectivity, public-sector digitalisation and cybersecurity rather than AI obligations. Governance capacity has been further disrupted by the military takeover of 26 November 2025 and the transitional administration that followed.","Guinea-Bissau deploys no AI policy levers of any kind, binding or non-binding. Digital policy effort is concentrated in the ENTD.GW strategy and donor-funded connectivity and e-government work supported by UNDP and UNU-EGOV.","There is no institutional architecture for AI governance: no lead body, no sectoral AI mandates, no coordination mechanism and no independent review. Digital policy ownership sits with the government ministry responsible for the digital transformation agenda and with ARN for telecommunications.","No domestic stakeholder group participates in AI policy, because no such policy process exists. International engagement is limited to development partners—UNDP and UNU-EGOV—supporting the ENTD.GW digital transformation strategy, with no AI-specific international commitment.","No AI enforcement framework, sanction, competent authority or monitoring activity exists in Guinea-Bissau.","Estratégia Nacional para a Transformação Digital (ENTD.GW), approved by Decreto n.º 10/2025; Lei n.º 5/2010, Lei de Base das Tecnologias de Informação e Comunicação (2010)",https://faolex.fao.org/docs/pdf/gbs235634.pdf | https://www.undp.org/pt/guinea-bissau/news/lancamento-da-estrategia-nacional-para-transformacao-digital | https://unu.edu/egov/project/national-strategy-digital-transformation-guinea-bissau | https://arn.gw/ | https://www.coe.int/en/web/octopus/-/guinea-bissau,2026-10-06,medium
Guyana,"Guyana has no dedicated AI legislation, no adopted national AI strategy and no AI bill before the National Assembly; AI-relevant rules rest entirely on general instruments, namely the Data Protection Act 2023, the Electronic Communications and Transactions Act 2023 and the Open Data Act 2024, none of which mention AI systems. Government activity is concentrated on AI deployment (health diagnostics with Mount Sinai, AI-backed digitisation of the National Insurance Scheme, the Cerebras sovereign AI data centre at Wales) rather than on regulation, and Minister Kwame McCoy told the 152nd Inter-Parliamentary Union Assembly in April 2026 that legislative frameworks still need to be built.","Policy levers are limited to general legislation plus deployment and infrastructure deals, with no AI guidance, code of practice, regulatory sandbox or AI procurement rule issued. The nascent Data Protection Office is the only institution whose work touches AI-adjacent automated data processing, and its statutory remit does not mention AI.","AI governance is centralised in the executive, with the President and the Minister within the Office of the Prime Minister driving adoption and international engagement. There is no dedicated regulator, no formal coordination structure, no subnational competence and no judicial or independent-review involvement in AI rules.","Domestic AI policy is made within government, with industry present only as a technology supplier and civil society and academia confined to awareness events. International engagement is the most developed channel, through the Santiago Declaration, the UNESCO Caribbean AI Policy Roadmap, CARICOM and Caribbean Telecommunications Union processes, the UN Global Dialogue on AI Governance and the Inter-Parliamentary Union.","Nothing AI-specific is enforced: the only applicable penalties come from the Data Protection Act 2023, whose Data Protection Office is still being set up and has taken no AI-related action.","Data Protection Act 2023 (No. 18 of 2023), Electronic Communications and Transactions Act 2023 (No. 12 of 2023), Open Data Act 2024",https://www.parliament.gov.gy/media-centre/press-releases/guyana-advocates-parliamentary-action-on-artificial-intelligence-at-ipu-assembly | https://dpi.gov.gy/data-protection-bill-passed-in-national-assembly/ | https://guyanachronicle.com/2026/07/12/guyana-backs-responsible-ai-governance-at-un-dialogue/ | https://dig.watch/countries/guyana | https://guyanachronicle.com/2026/05/15/guyanas-digital-future-being-built-on-trust-transparency-and-accountability/,2026-10-06,medium
Haiti,"Haiti has no AI-specific law, decree or regulation, and no AI bill in any legislative process; the Parliament is non-functional and the transitional executive has issued no AI decree. The only texts reaching AI indirectly are the Arrêté of 15 May 2018 on personal data protection and the cyber-offence provisions of the 2020 Penal Code. A national roadmap for responsible AI adoption is being drafted outside government by Banj, the Internet Society Haiti Chapter, the École Supérieure d'Infotronique d'Haïti and the Association for Responsible AI under the Inter-American Development Bank-financed ProAI programme.","Policy activity consists of funded capacity-building rather than rule-making: the IDB-financed ProAI programme run by the incubator Banj, the ProAI network launched 22 August 2026, and a Banque de la République d'Haïti research fund cohort listing AI as a priority theme. No guidance, standard, sandbox, procurement rule or AI-mandated public body exists.","There is no state AI governance architecture: no lead body, no interministerial coordination, no subnational competence and no judicial or independent oversight of AI. What coordination exists is private and donor-driven, through the four-party ProAI protocol and the ProAI network.","AI policy discussion in Haiti is carried by a private incubator, a civil-society internet body, a university and an AI association under an IDB-financed programme, not by a government consultation process. Internationally, Haiti participates through ITU and WSIS events and IDB cooperation, and has not joined the Council of Europe Framework Convention on Artificial Intelligence.",Nothing is enforced because nothing binding exists; oversight is limited to a single central bank study of AI risks published in July 2026.,"No AI-specific law, decree or national strategy has been adopted; Arrêté fixant les règles relatives à la protection des données à caractère personnel (2018) and the Code Pénal (2020) cyber-offence provisions are the only general texts touching automated systems, and a national AI roadmap is in preparation under the Programme de création d'opportunités numériques en Haïti par l'intelligence artificielle (ProAI, 2026)",https://www.iadb.org/en/project/HA-T1339 | https://lenouvelliste.com/article/270840/vers-une-feuille-de-route-nationale-sur-lia-signature-dun-protocole-de-collaboration-entre-quatre-institutions | https://conatel.gouv.ht/actualites | https://www.itu.int/itu-d/meetings/gsr-26/wp-content/uploads/sites/45/2026/05/GSR-26_Contribution_Haiti-Conatel_F.pdf | https://www.haitilibre.com/en/news-48192-haiti-technology-roadmap-for-the-responsible-adoption-of-artificial-intelligence-in-haiti.html,2026-10-06,medium
Honduras,"Honduras has no AI-specific legislation in force and no comprehensive AI bill before the Congreso Nacional; the Plan Nacional de Gobierno Digital 2023-2026 names AI challenges without creating obligations. The only legislative activity touching AI is a June 2026 proposal to reform the Ley Contra el Acoso Escolar so that AI-generated intimate montages and digital impersonation are punishable, which remains a narrow, unadopted use-case measure.","Policy action is confined to soft instruments and projects: the Plan Nacional de Gobierno Digital 2023-2026, participation in the SICA regional digital strategy, a CONATEL-ITU cybersecurity project announced in April 2026 citing AI risks, and an IDB-backed digitalisation exercise using AI tooling. No funding programme, sandbox, procurement rule or institution with an AI mandate exists.","Governance of AI is effectively vacant: digital policy sits with DIGER and telecoms with CONATEL, neither with an AI mandate, and no coordinating body, subnational competence or independent review channel addresses AI.","Domestic stakeholders have no structured channel into AI policy; academic contributions come through UNAH legal research rather than any advisory body. International engagement is declaratory, through the Santiago Declaration and the SICA Estrategia Regional Digital work on AI.","Nothing is enforced because no AI obligation, penalty, supervisory authority or monitoring practice exists in Honduras.","Plan Nacional de Gobierno Digital 2023-2026, Política Nacional de la República Digital 2022-2025, proposed reform to the Ley Contra el Acoso Escolar (Decreto 96-2014) penalising AI-generated content and digital impersonation (bill, 2026)",https://www.trade.gov/country-commercial-guides/honduras-digital-economy | https://consortiumlegal.com/2026/02/23/panorama-regulatorio-de-la-inteligencia-artificial-en-centroamericana/ | https://www.diger.gob.hn/sites/default/files/2024-02/Plan%20de%20Gobierno%20Digital%20Honduras.pdf | https://www.elheraldo.hn/honduras/congreso-nacional-busca-penalizar-ciberacoso-inteligencia-artificial-suplantacion-identidad-digital-GI30924516 | https://www.sica.int/erdi/proyectos,2026-10-06,medium
Hungary,"AI regulation rests on the directly applicable EU AI Act (Regulation 2024/1689), implemented nationally by Act LXXV of 2025 and Government Decree 344/2025 (X.31.), in force since 1 December 2025, which designate the AI notifying and market surveillance authorities, fix fine levels in forint and create the Hungarian Artificial Intelligence Council. Coverage is horizontal and the prohibitions, general-purpose AI rules and Article 50 transparency duties apply, but Regulation (EU) 2026/1744 (Digital Omnibus on AI, in force 27 July 2026) pushed Annex III high-risk obligations to 2 December 2027 and Annex I systems to 2 August 2028. The regulatory sandbox provisions of Act LXXV entered into force on 2 August 2026 without a published operating sandbox.","Hungary relies on binding EU-derived instruments plus national designation and procedural rules, with the National Artificial Intelligence Strategy 2025–2030 as the soft-law layer and the Artificial Intelligence Coalition as a consultation platform. Economic support runs through EuroHPC compute projects (Komondor, LEVENTE), while the statutory AI regulatory sandbox under Section 10 of Act LXXV of 2025 has no published operation and the market surveillance function sits inside a ministry rather than a standalone resourced agency.","Governance is centralised in the executive: the AI market surveillance authority, transferred to the Minister of Science and Technology by Government Decree 139/2026 (VIII.31.), acts as general authority and single point of contact, with the National Accreditation Authority notifying, the Magyar Nemzeti Bank covering AI in financial services and sectoral market surveillance authorities retaining their remits. Coordination is statutory through the Hungarian Artificial Intelligence Council and the Government Commissioner for AI, with judicial review available but no AI case law and no subnational role.","Industry and academic actors have standing advisory seats on the Hungarian Artificial Intelligence Council and contributed through the Artificial Intelligence Coalition to the 2025–2030 strategy, while domestic civil society has no institutionalised role. International engagement runs mainly through EU channels, including the EU AI Board and EuroHPC projects.","Penalties up to HUF 13.3 billion are defined and the authority holds inspection and fining powers, but no AI-specific enforcement decision or monitoring report has been published since the framework took effect on 1 December 2025.","EU AI Act / Regulation (EU) 2024/1689 (2024), Regulation (EU) 2026/1744 (Digital Omnibus on AI) (2026), Act LXXV of 2025 on the Implementation in Hungary of the European Union Regulation on Artificial Intelligence (2025), Government Decree 344/2025 (X.31.) on the Implementation of Act LXXV of 2025 (2025), Government Decree 139/2026 (VIII.31.) amending Government Decree 90/2026 (V.13.) on the Duties and Powers of the Members of the Government (2026), National Artificial Intelligence Strategy 2025–2030 (2025)",https://net.jogtar.hu/jogszabaly?docid=a2500075.tv | https://cms.law/en/hun/legal-updates/hungary-implements-institutional-framework-for-eu-ai-act | https://gdpr.blog.hu/2026/09/02/new_set-up_in_the_supervision_of_ai_systems_in_hungary | https://cdn.kormany.hu/uploads/document/c/c0/c0d/c0dfdbd37cfa520ae37361a168d244c85e7295af.pdf | https://www.twobirds.com/en/capabilities/artificial-intelligence/ai-legal-services/ai-regulatory-horizon-tracker/hungary,2026-10-06,medium
Iceland,"Iceland has no AI-specific binding law: the EU AI Act remains under scrutiny for EEA incorporation with a draft Joint Committee Decision pending, so AI is governed by the Act on Data Protection and Processing of Personal Data No. 90/2018 plus the non-binding AI Action Plan 2025-2027. The legislative programme for the 158th session of Althingi (2026-2027) lists a Bill on Deepfakes, banning certain uses of AI in line with European rules, scheduled for November 2026, and the Minister of Culture, Innovation and Higher Education announced consultation on AI legislation in autumn 2026. A draft justice-ministry bill on police use of AI facial recognition was in public discussion in September 2026.","Iceland governs AI through soft law and funding: the AI Policy 2021 and successive AI Action Plans, Persónuvernd guidance, and AI infrastructure and skills measures in the Industrial Policy action plan 2026-2027. Binding levers are limited to general data protection law, and no regulatory sandbox or AI procurement rules operate.","AI oversight is concentrated in Persónuvernd and the Ministry of Culture, Innovation and Higher Education, coordinated case by case through implementation of the AI Action Plan 2025-2027. Municipalities have no regulatory role, and independent review of AI decisions has not yet occurred.","Industry, academia and civil society feed in through open Samráðsgátt consultations on the AI Action Plans and regulator-industry meetings, not through standing bodies. Internationally Iceland acts through the EEA EFTA incorporation process, observer status on the EU AI Board, and Nordic and OECD cooperation.","Enforcement touching AI rests entirely on data protection powers exercised by Persónuvernd, with no AI-specific sanctions, designated AI authority or AI audit programme.","Act on Data Protection and Processing of Personal Data No. 90/2018, AI Policy 2021, AI Action Plan 2024-2026 (2025), AI Action Plan 2025-2027 (2025), Bill on Deepfakes announced in the legislative programme of the 158th session of Althingi (2026), Industrial Policy of Iceland action plan 2026-2027 (2026)",https://www.efta.int/eea-lex/32024r1689 | https://www.stjornarradid.is/rikisstjorn/thingmalaskra/ | https://island.is/samradsgatt/mal/3862 | https://island.is/s/personuvernd | https://artificialintelligenceact.eu/national-implementation-plans/,2026-10-06,medium
India,"India's first binding AI-specific obligations took effect on 20 February 2026 through the Information Technology (Intermediary Guidelines and Digital Media Ethics Code) Amendment Rules, 2026, which define synthetically generated information and impose labelling, provenance metadata, user declaration and two-to-three-hour takedown duties on intermediaries. Everything beyond synthetic media remains governed by the non-binding India AI Governance Guidelines (November 2025) with their seven Sutras and by general law including the Information Technology Act, 2000 and the Digital Personal Data Protection Act, 2023. MeitY began consultations in July 2026 on a possible dedicated AI law, and the AI (Ethics and Accountability) Bill, 2025 is an unenacted private member's bill.","Policy runs mainly through soft law and money: the seven-Sutra Guidelines, the RBI FREE-AI framework and sectoral guidance from SEBI and IRDAI sit alongside the IndiaAI Mission's compute, dataset and startup funding. Binding leverage rests on a single AI-specific instrument, the 2026 IT Amendment Rules, administered by MeitY, while the IndiaAI Safety Institute and the AI Governance and Economic Group remain coordination bodies without enforcement mandates.","MeitY is the lead body, now supported by the inter-ministerial AI Governance and Economic Group created in April 2026 and by the IndiaAI Safety Institute's hub-and-spoke network, with sectoral regulators acting inside their remits. Courts have shaped the agenda through deepfake and personality-rights rulings, while state governments confine themselves to AI promotion rather than regulation.","Consultation is real but episodic: industry, academic and civil-society comments shaped the 2025 Guidelines and the synthetic-media rules, with academics holding the most durable roles through the drafting committee and the IndiaAI Safety Institute's research network. Internationally India is at the frontier, hosting the February 2026 AI Impact Summit and the resulting New Delhi Declaration on AI Impact alongside GPAI, G20 and AI safety institute network participation.","Enforcement so far consists of ministry notices and compliance demands to platforms under general intermediary law, with the February 2026 synthetic-media duties backed by loss of safe harbour rather than by published AI-specific sanctions decisions.","Information Technology (Intermediary Guidelines and Digital Media Ethics Code) Amendment Rules (2026), Information Technology Act (2000), Digital Personal Data Protection Act (2023), Digital Personal Data Protection Rules (2025), India AI Governance Guidelines – Seven Sutras (2025), IndiaAI Mission (2024), New Delhi Declaration on AI Impact (2026), AI Governance and Economic Group (2026)",https://www.pib.gov.in/PressReleasePage.aspx?PRID=2186639 | https://www.pib.gov.in/PressReleasePage.aspx?PRID=2231208 | https://cms.law/en/int/expert-guides/ai-regulation-scanner/india | https://www.medianama.com/2026/02/223-meity-amendments-it-rules-synthetic-media-deepfakes/ | https://indiaai.gov.in,2026-10-06,medium
Indonesia,"Indonesia has no enacted binding AI-specific instrument: the two Presidential Regulations on AI Ethics and on the 2026-2029 National AI Roadmap, listed among 46 priority Perpres for 2026, were finalised in draft and sent to the State Secretariat but remained unsigned through September 2026. Governance rests on the non-binding Stranas KA 2020-2045, Komdigi's AI ethics circular and 2025 guidance, OJK's 2025 banking AI governance guidance, and general law on electronic systems and personal data. Derivative rules such as mandatory labelling of AI-generated content are drafted but conditional on the Perpres being issued.","Indonesia governs AI through soft instruments — the national strategy, Komdigi ethics guidance and OJK banking AI governance guidance — combined with capability-building programs such as the AI Center of Excellence and university AI centers. No AI-specific binding instrument, AI procurement rule or statutorily mandated AI body is in force.","AI governance is centralised in Komdigi as orchestrator, with OJK covering banking AI through guidance and BRIN providing technical advice; inter-ministerial coordination occurs case by case during Perpres drafting. Sub-national governments have no regulatory role and independent review bodies have not engaged with AI rules.","Industry and academia feed into AI policy through consultations, working groups and research partnerships, while civil society input is occasional and unstructured. Internationally Indonesia works through ASEAN AI governance instruments, the International AI Safety Report panel and bilateral AI partnerships.","Enforcement touching AI runs entirely through general electronic information and data protection law, with no AI-specific penalties, decisions, authority or audit regime.","Indonesian Artificial Intelligence National Strategy 2020–2045 (Stranas KA, 2020), Circular Letter of the Minister of Communication and Informatics No. 9/2023 on Artificial Intelligence Ethics, Komdigi Artificial Intelligence Guidelines (2025), Indonesian Banking Artificial Intelligence Governance guidance (OJK, 2025), Government Regulation No. 71/2019 on Electronic Systems and Transactions, Law No. 27/2022 on Personal Data Protection, Law No. 1/2024 on the Second Amendment to the Electronic Information and Transactions Law, Draft Presidential Regulation on Artificial Intelligence Ethics (pending 2026), Draft Presidential Regulation on the National Artificial Intelligence Roadmap 2026–2029 (pending 2026)",https://eastasiaforum.org/2026/09/04/indonesias-ai-regulations-leave-state-repression-unchecked/ | https://govinsider.asia/indo-id/article/indonesia-prepares-presidential-regulations-to-guide-ai-adoption-in-government | https://www.hsfkramer.com/insights/reports/ai-tracker/indonesia | https://ojk.go.id/id/publikasi/roadmap-dan-pedoman/perbankan/default.aspx | https://selular.id/2026/09/dua-perpres-ai-tunggu-tanda-tangan-presiden-prabowo/,2026-10-06,medium
Iran,"The National AI Development Law, approved by the Majlis on 19 August 2026, confirmed by the Guardian Council on 26 August 2026 and promulgated by Speaker Ghalibaf on 13 September 2026, is Iran's first binding AI-specific statute; it establishes the National AI Organization under the President, a four-tier risk classification of AI systems, and an AI Security Evaluation and Certification Centre. Operative obligations depend on secondary rules that do not yet exist: the organization's statute is still to be submitted to the Council of Ministers, risk-level criteria and cybersecurity directives are unissued, and Article 12 carves out security and defence bodies. Earlier instruments, the National Artificial Intelligence Document (2024) and the National AI Roadmap (2025), remain policy documents.","Iran's dominant levers are state financing and institution-building: a statutory National AI Development Fund of 10,000 billion tomans, sovereign compute and data-centre programmes, and the creation of the National AI Organization as secretariat of the National AI Steering Council. Regulatory sandboxes and national AI standards are mandated by Article 7 of the National AI Development Law but are not yet operating, and no AI procurement rules or published technical guidance have been issued.","Governance is centralized in the presidency through the National AI Organization and the National AI Steering Council, with the Supreme Council of Cyberspace and security institutions shaping digital policy and the Ministry of ICT and Vice Presidency for Science executing parts of the roadmap. There is no provincial role and no independent judicial, ombudsman or civil oversight of AI; the Administrative Justice Court has intervened in internet-access disputes but not in AI matters.","AI policy is formulated by the state, with input channelled through government research institutes and the Supreme Council of the Cultural Revolution rather than structured consultation of industry or civil society. International engagement runs through bilateral technology cooperation with China and Russia and BRICS membership, with no participation in binding multilateral AI governance instruments.",No AI-specific penalty or enforcement decision exists; state action against AI services runs through the general filtering and computer-crimes regime while the statutory evaluation and certification machinery is not yet operating.,"National AI Development Law (2026), National Artificial Intelligence Document of the Islamic Republic of Iran (2024), National AI Roadmap (2025), Computer Crimes Law (2009)",https://www.zoomit.ir/iran-news/467113-iran-national-ai-development-law-explained/ | https://hooshio.com/what-is-iran-national-ai-development-law/ | https://en.mehrnews.com/news/238085/Iran-to-launch-national-artificial-intelligence-organization | https://filter.watch/english/2025/09/30/investigative-report-september-2025-control-over-innovation/ | https://www.recordedfuture.com/research/irans-ai-ambitions-balancing-economic-isolation-national-security-imperatives,2026-10-06,medium
Iraq,"Iraq has no enacted AI legislation and no AI-specific binding instrument in force. The Communications and Media Commission opened a 30-day public consultation on 23 September 2026 on a draft Regulatory Framework for Artificial Intelligence Services in the Republic of Iraq, issued under Legislative Order No. 65 of 2004, which proposes risk-tiered licensing, data localisation, user-protection duties and fines up to IQD 200 million. The Iraqi National Strategy for Artificial Intelligence (INSAIN) 2024-2030, reviewed by the Prime Minister-chaired Higher Committee for Artificial Intelligence on 21 August 2024, remains a policy instrument without legal force.","Iraq relies on executive coordination and a national strategy rather than binding instruments, with the Communications and Media Commission exercising its general telecommunications and IT powers over AI services. Economic levers are limited to AI education and workforce programmes; no regulatory sandbox or AI procurement rule exists.","AI policy is set top-down by the Prime Minister's Office through the Higher Committee for Artificial Intelligence, with the Communications and Media Commission acting as the sector regulator drafting AI service rules. Subnational and independent-review roles are negligible, with only a Kurdistan Region draft AI law in preparation.","The first structured AI consultation is the CMC's open 30-day comment period on the draft AI services regulation, which admits industry, specialists and other stakeholders without creating standing roles. Internationally Iraq works with UNESCO on AI ethics capacity-building and the Minister of Communications has proposed an international framework for AI and social media at the United Nations.","Enforcement touching AI occurs only through the CMC's general licensing and digital content powers, and the penalties and supervision proposed in the draft AI services regulation have no legal effect.","Draft Regulatory Framework for Artificial Intelligence Services in the Republic of Iraq (2026, in public consultation), Iraqi National Strategy for Artificial Intelligence (INSAIN) 2024-2030, Regulation for Organizing Digital Content in Iraq (2023), Legislative Order No. 65 of 2004 establishing the Communications and Media Commission, Electronic Signature and Electronic Transactions Law No. 78 of 2012",https://cmc.iq/ | https://www.iraq-businessnews.com/2026/09/28/public-consultation-opens-on-iraqs-draft-ai-regulation/ | https://964media.com/719394/ | https://www.iraq-businessnews.com/2024/08/22/first-meeting-of-iraq-supreme-committee-for-ai/ | https://www.unesco.org/en/articles/unesco-trains-iraqi-trainers-ethics-artificial-intelligence,2026-10-06,medium
Ireland,"Ireland's framework combines the directly applicable EU AI Act with the Regulation of Artificial Intelligence Act 2026, signed on 21 July 2026 and commenced on 31 July 2026, which builds the national supervision, investigation and fining machinery. Prohibitions, AI literacy, general-purpose AI duties and, from 2 August 2026, transparency and penalty provisions apply, while Annex III high-risk obligations were pushed to 2 December 2027 and Annex I products to 2 August 2028 by Regulation (EU) 2026/1744. Coverage is horizontal and purpose-built for AI, but the regime is still inside a transition period.","Ireland relies on binding EU and national AI instruments backed by designated sectoral authorities, supplemented by regulator guidance and funded AI adoption programmes. The statutory regulatory sandbox and the national AI register are provided for in the Regulation of Artificial Intelligence Act 2026 but are not yet operating.","Ireland uses a distributed, sector-based model: existing regulators act as market surveillance authorities in their own domains while Oifig IS na hÉireann coordinates, maintains the national AI register and acts as single point of contact with the European Commission. Courts enter the system mainly through High Court confirmation of fines and judicial review.","Industry and academic actors hold standing advisory roles through the AI Advisory Council and the Department of Enterprise, Tourism and Employment's AI Act implementation structures, while civil society input came mainly through consultation and Oireachtas committee submissions. Ireland is embedded in EU and Council of Europe AI governance and, as EU base for major platforms, in cross-border enforcement cooperation.","A full penalty and investigation regime is law and applicable from August 2026, but enforcement so far consists of a data-protection inquiry into an AI chatbot rather than any decision under AI-specific rules.","EU Artificial Intelligence Act / Regulation (EU) 2024/1689 (2024), Regulation (EU) 2026/1744 amending the AI Act (Digital Omnibus on AI) (2026), Artificial Intelligence Act (Governance and Enforcement) Regulations 2025 / S.I. No. 366/2025 (2025), Regulation of Artificial Intelligence Act 2026 (No. 31 of 2026), Digital Ireland - Connecting our People, Securing our Future: National Digital and AI Strategy (2026), AI - Here for Good: National Artificial Intelligence Strategy Refresh (2024)",https://www.irishstatutebook.ie/eli/2026/act/31/enacted/en/html | https://www.oireachtas.ie/en/bills/bill/2026/69/ | https://enterprise.gov.ie/en/news-and-events/department-news/2026/july/20260730.html | https://aioffice.gov.ie/national-competent-authorities | https://enterprise.gov.ie/en/who-we-are/offices-agencies/ai-office-of-ireland.html,2026-10-06,high
Israel,"Israel has no horizontal AI statute; regulation runs through the December 2023 Policy on Artificial Intelligence Regulation and Ethics, sector guidance, and the Protection of Privacy Law 5741-1981 as amended by Amendment 13 (in force 14 August 2025). The one AI-specific binding instrument is the election-propaganda AI disclosure regime effective 26 July 2026, requiring prominent labels on AI-created or AI-altered campaign material. Government Resolution 4255 (16 June 2026) and the National AI Strategic Plan (13 August 2026) concentrate on compute, talent and adoption rather than binding obligations.","Policy is driven by funding and soft law: the National AI Directorate's compute, talent and acceleration programmes under Government Resolution 4255, Israel Innovation Authority grants and an operating healthcare AI regulatory sandbox run with the Ministry of Health, alongside non-binding guidance from the Privacy Protection Authority, the National Digital Directorate and financial regulators. The only AI-specific binding lever is the election-advertising labelling requirement.","Governance is a lead-body-plus-sectoral model: the National AI Directorate in the Prime Minister's Office and the Ministry of Innovation, Science and Technology set strategy while the Privacy Protection Authority, Bank of Israel, Ministry of Health and Central Elections Committee apply rules in their fields. Courts and the judge-chaired elections committee have actively shaped AI practice, and no subnational tier plays any role.","Industry and academia engage through published consultations, Innovation Authority programmes and advisory work on the national AI strategy, while domestic civil society is limited to occasional public comment. Internationally Israel signed the Council of Europe Framework Convention on Artificial Intelligence in 2024, works in OECD AI fora and pursues bilateral compute and AI partnerships.","Enforcement is concentrated in two places: privacy sanctions under the Protection of Privacy Law, including monetary fines imposed on EY and PwC Israel in March 2025, and election-period removal orders against unlabelled or misleading AI campaign content since July 2026.","Protection of Privacy Law 5741-1981 (Amendment 13, in force 2025), Election (Modes of Propaganda) AI disclosure rules for the 2026 Knesset election (2026), Israel's Policy on Artificial Intelligence Regulation and Ethics (2023), Government Resolution 4255 'Accelerating Artificial Intelligence in Israel and Establishing Global Leadership' (2026), National AI Strategic Plan (2026), National AI Directorate establishment decision (2025), Guide for Responsible AI Use in the Public Sector (2025), Ministry of Justice Regulatory Sandbox Legislative Guidelines (2025), Council of Europe Framework Convention on Artificial Intelligence and Human Rights, Democracy and the Rule of Law (signed 2024)",https://www.legal500.com/guides/wp-content/uploads/sites/1/2026/08/Israel-AI.pdf | https://iapp.org/news/a/proactive-caution-israels-approach-to-ai-regulation | https://innovationisrael.org.il/en/calls_for_proposal/ai-in-health-sandbox/ | https://embassies.gov.il/multilateral-organizations-france/en/news/israel-signs-coe-ai-convention | https://www.israelnationalnews.com/news/430784,2026-10-06,medium
Italy,"Italy applies Regulation (EU) 2024/1689 directly and has completed its own national layer: Law No. 132/2025, the first dedicated national AI statute in the EU, and the legislative decrees adopted on 4 August 2026 under Article 24, of which Legislative Decree No. 160 of 9 September 2026 entered into force on 30 September 2026 covering police use of AI, biometric recognition, civil liability and new criminal provisions including Article 437-bis of the Criminal Code. The framework is horizontal and sector-specific at once, reaching healthcare, employment, education, justice, public administration, copyright and deepfakes. Major AI Act obligations for Annex III high-risk systems were postponed to 2 December 2027 by Regulation (EU) 2026/1744, and existing police systems have a one-year adaptation period.","Italy combines binding instruments (EU AI Act, Law No. 132/2025, Legislative Decree No. 160/2026) with ministerial guidance, an AgID-ACN regulatory sandbox, AI procurement and literacy duties for public bodies, and a €1 billion state-backed venture fund. AgID and ACN carry explicit legal AI mandates; their AI-specific compliance powers entered into force only on 30 September 2026 and have not yet been exercised.","Governance is centralised at national level but distributed among several authorities: AgID as notifying authority, ACN as market surveillance authority and EU contact point, sectoral financial regulators, the Garante and AGCOM, coordinated through a committee at the Presidency of the Council of Ministers. Regions act only through the Unified Conference and service delivery, while courts and the independent data protection authority have both altered outcomes, through the Court of Rome's 2026 annulment of the OpenAI fine and the Garante's binding-condition opinions on the decrees.","Industry, unions and academia feed in through AgID consultations, parliamentary hearings on the implementing decrees, ministerial working groups and the expert committee behind the national AI strategy, none of which confers a standing governance role. Internationally Italy is active through its 2024 G7 presidency, EU AI Act negotiation and the Council of Europe Framework Convention on AI.","Penalties for AI-specific obligations are comprehensive and criminal provisions took effect on 30 September 2026, but the enforcement record so far consists of data protection decisions against AI providers rather than decisions under AI-specific law.","Law No. 132 of 23 September 2025 on Artificial Intelligence (2025), Legislative Decree No. 160 of 9 September 2026 adapting national law to Regulation (EU) 2024/1689 (2026), EU AI Act / Regulation (EU) 2024/1689 (2024), Regulation (EU) 2026/1744 (Digital Omnibus on AI) (2026), Italian Strategy for Artificial Intelligence 2024-2026 (2024), Ministry of Labour AI Guidelines No. 180/2025 (2025), Council of Europe Framework Convention on AI CETS No. 225 (2024)",https://www.giurisprudenzapenale.com/2026/09/17/intelligenza-artificiale-pubblicato-in-gazzetta-ufficiale-e-in-vigore-dal-30-settembre-il-d-lgs-9-settembre-2026-n-160/ | https://www.garanteprivacy.it/home/docweb/-/docweb-display/docweb/10269594 | https://www.nortonrosefulbright.com/en/knowledge/publications/9bfedfea/italy-enacts-law-no-132-2025-on-artificial-intelligence-sector-rules-and-next-steps | https://www.agid.gov.it/en/intervention-areas/artificial-intelligence | https://www.noze.it/en/insights/ai-law-implementing-decrees/,2026-10-06,high
Jamaica,"Jamaica has no AI-specific binding instrument; the Data Protection Act (2020), the Cybercrimes Act and the Cybercrimes (Amendment) Act (2026) are the general laws that reach AI uses, and the Opposition's push to add express AI and deepfake provisions to the 2026 amendment was not adopted. The National Artificial Intelligence Task Force delivered policy recommendations in 2024 and the UNESCO Readiness Assessment was launched in April 2026, with drafting of a first National AI Policy and public consultation beginning in September 2026.","Policy action runs through advisory and preparatory instruments: the National AI Task Force, its 2024 policy recommendations, the UNESCO Readiness Assessment Methodology report, and a public consultation platform opened in September 2026 ahead of a Cabinet-bound national AI policy. Binding levers remain limited to general data protection and cybercrime law, and the recommended National AI Policy Oversight and Implementation Committee has not been created.","AI policy is centralised in the Office of the Prime Minister through the Minister without Portfolio for Science, Technology and Special Projects, supported by the National AI Task Force, with sectoral regulators such as the Office of the Information Commissioner and the Broadcasting Commission of Jamaica engaging within their existing mandates. There is no sub-national regulatory layer and no judicial or independent review practice shaping AI rules.","Participation is channelled through the multi-sectoral National AI Task Force drawing on private sector, academia, public institutions and civil society, reinforced by the UNESCO readiness consultation and a national public consultation platform launched in September 2026. Internationally Jamaica works through UNESCO's ethics framework, the Caribbean Telecommunications Union's Caribbean AI Task Force and CARICOM regional processes.","Enforcement relating to AI rests entirely on general data protection and cybercrime powers, and no AI-specific sanction, decision or audit regime exists.","Data Protection Act (2020), Cybercrimes Act (2015), Cybercrimes (Amendment) Act (2026), National Artificial Intelligence Policy Recommendations (2024), UNESCO Artificial Intelligence Readiness Assessment Report for Jamaica (2026)",https://opm.gov.jm/wp-content/uploads/2025/02/National-Artificial-Intelligence-Task-Force-Policy-Recommendations-Final-1.pdf | https://jis.gov.jm/jamaica-lays-strong-foundation-for-ai-governance/ | https://www.unesco.org/ethics-ai/en/jamaica | https://moj.gov.jm/sites/default/files/laws/The%20Data%20Protection%20Act.pdf | https://jis.gov.jm/house-passes-legislation-to-strengthen-cybercrime-framework/,2026-10-06,medium
Japan,"Japan's framework rests on the Act on Promotion of Research, Development and Utilization of AI-Related Technologies, a horizontal AI statute in force since 1 September 2025 that creates institutions, effort duties and a cooperation duty rather than enforceable obligations. Implementation is advanced on the policy side, with the AI Basic Plan revised as Phase II on 14 July 2026 and the AI Utilization Guidelines of December 2025 in use, while the July 2026 APPI amendment (Act No. 56 of 2026) adds AI-relevant biometric and children's data rules within general data protection law. Proposals by the Liberal Democratic Party in April 2026 to add penalties for deepfake pornography and AI copyright infringement have not been enacted.","Japan leans on soft law and money: a maintained guidance suite (AI Business Operator Guidelines v1.1, AI Utilization Guidelines, J-AISI evaluation and data-quality guides), large R&D and compute subsidies, an operating regulatory sandbox, and binding-on-government AI procurement rules requiring Chief AI Officers in each ministry. Institutional capacity is real but non-coercive, since the AI Promotion Act grants the Cabinet Office only information-gathering and advisory powers.","Governance is centrally coordinated through the Prime Minister-chaired AI Strategy Headquarters, with the Cabinet Office secretariat, Digital Agency, METI, MIC and the Personal Information Protection Commission acting in their own remits and J-AISI handling safety evaluation. Prefectural activity is limited to local ordinances and usage rules, and independent oversight is confined to ordinary courts.","Industry and academia hold recurring formal advisory roles around the AI Strategy Headquarters and ministry study groups, while civil society input comes mainly through public consultations such as the June 2026 Basic Plan Phase II comment round. Internationally Japan is a convenor, running the Hiroshima AI Process and the AI safety institute network alongside OECD and standards work.","Enforcement is advisory: the AI Promotion Act offers only information gathering, administrative guidance and publicity, as in the January 2026 approach to X Corp over Grok deepfakes, with monetary sanctions available only under general laws such as the amended APPI.","Act on Promotion of Research, Development and Utilization of AI-Related Technologies (AI Promotion Act, Act No. 53 of 2025), AI Basic Plan Phase I (2025) and Phase II (2026), AI Utilization Guidelines (2025), AI Business Operator Guidelines v1.1 (2025), Act Partially Amending the Act on the Protection of Personal Information (Act No. 56 of 2026), Act on the Protection of Personal Information (2003), Copyright Act Article 30-4 (2018), Guideline for Japanese Government's Procurements and Utilizations of Generative AI v2.0 (2026), Hiroshima AI Process International Guiding Principles (2023)",https://www8.cao.go.jp/cstp/ai/ai_plan/aiplan_eng_20260714.pdf | https://aisi.go.jp/ | https://www.pwc.com/jp/en/knowledge/news/legal-news/legal-20260827-6.html | https://www.twobirds.com/en/capabilities/artificial-intelligence/ai-legal-services/ai-regulatory-horizon-tracker/japan,2026-10-06,high
Jordan,"Jordan has no cross-sector AI law; its binding AI layer is sectoral, consisting of the Central Bank of Jordan's Artificial Intelligence Framework for the Banking Sector issued in August 2025 and a Prime Ministry circular of 11 July 2026 barring AI generation or alteration of national emblems, flags and official seals across all government institutions. The economy-wide instruments—the Jordanian Artificial Intelligence Policy (2020), the National Charter of Ethics for Artificial Intelligence (2022) and the Jordanian AI Strategy and Implementation Plan 2023-2027—remain voluntary, and Personal Data Protection Law No. 24 of 2023 contains no AI-specific provision.","Policy runs mainly through soft law—the AI Policy 2020, the AI Ethics Charter 2022, the AI Strategy and Implementation Plan 2023-2027 and the Jordanian Digital Transformation Strategy 2026-2028—plus training programs for public-sector leaders. The single binding lever applying to private actors is the Central Bank's banking AI framework, supervised by an existing regulator rather than a purpose-built AI authority.","Governance is centralised in MoDEE's AI division, with the Central Bank of Jordan acting as the one sectoral regulator that has issued AI rules. Oversight structures are executive; no independent body or court has shaped AI rules, and no subnational tier regulates AI.","Industry, civil society and academia were consulted in drafting the AI Policy, Ethics Charter and AI Strategy and appear in strategy governance structures, but hold no standing formal decision roles. Internationally, Jordan works with the EU, UN ESCWA, UNIDO and ITU and joins declarations rather than binding AI instruments.","Enforcement is nascent: AI obligations carry no dedicated penalties, oversight rests on existing supervisory and administrative powers, and no AI-specific enforcement decision has been published.","Jordanian Artificial Intelligence Policy (2020), National Charter of Ethics for Artificial Intelligence (2022), Jordanian Artificial Intelligence Strategy and Implementation Plan 2023-2027, Personal Data Protection Law No. 24 of 2023, Central Bank of Jordan Artificial Intelligence Framework for the Banking Sector (2025), Prime Ministry Circular on the Use of Artificial Intelligence with National Emblems, Flags and Official Seals (2026), Jordanian Digital Transformation Strategy and Implementation Plan 2026-2028",https://www.modee.gov.jo/ebv4.0/root_storage/en/eb_list_page/40435648.pdf | https://www.cbj.gov.jo/EBV4.0/Root_Storage/AR/FinCert/Ai-Framework_English_Version.pdf | https://jordantimes.com/news/business/cbj-issues-regulatory-framework-for-use-of-ai-in-banking-sector | https://petra.gov.jo/ar/news/%D8%A7%D9%84%D8%AD%D9%83%D9%88%D9%85%D8%A9-%D8%AA%D8%B5%D8%AF%D8%B1-%D8%AA%D8%B9%D9%85%D9%8A%D9%85%D8%A7-%D8%A8%D8%B4%D8%A3%D9%86-%D8%A7%D8%B3%D8%AA%D8%AE%D8%AF%D8%A7%D9%85-%D8%A7%D9%84%D8%B0%D9%83%D8%A7%D8%A1-%D8%A7%D9%84%D8%A7%D8%B5%D8%B7%D9%86%D8%A7%D8%B9%D9%8A-%D9%81%D9%8A-%D8%A7%D9%84%D8%AA%D8%B9%D8%A7%D9%85%D9%84-%D9%85%D8%B9-%D8%A7%D9%84%D8%B4%D8%B9%D8%A7%D8%B1%D8%A7%D8%AA-%D9%88%D8%A7%D9%84%D8%B1%D9%85%D9%88%D8%B2-%D8%A7%D9%84%D9%88%D8%B7%D9%86%D9%8A%D8%A9 | https://www.dataguidance.com/jurisdictions/jordan,2026-10-06,medium
Kazakhstan,"Law No. 230-VIII 'On Artificial Intelligence', in force since 18 January 2026, sets a risk-based, cross-sector framework with prohibited practices, labelling of AI-generated content, high-risk system duties and liability insurance, and was amended by Law No. 326-VIII of 24 June 2026. The Digital Code No. 255-VIII took effect on 11 July 2026, adding rights to explanation and human review of fully automated decisions. Implementing ministerial orders on AI-system classification criteria and trusted high-risk system lists were issued in April 2026, with further secondary acts still in preparation.","Kazakhstan combines binding instruments—the AI Law, the Digital Code and administrative-offence provisions—with large state-funded programmes including the National AI Platform, Alem.ai, Astana Hub and the Qazaqstan Venture Group. Soft law lags: a unified Digital Qazaqstan concept is still being drafted, and compliance powers held by the Ministry of Artificial Intelligence and Digital Development have not been publicly exercised.","AI governance is centralized in the Ministry of Artificial Intelligence and Digital Development as the authorised body, coordinated through a government implementation plan and the Presidential Council on AI Development. Regions have no regulatory role, and independent review of AI decisions rests on newly created statutory rights rather than an established body of case law.","Industry and academic experts fed into the AI Law through parliamentary working groups and state-linked institutions such as Alem.ai, Astana Hub and Astana IT University, while structured civil society participation is limited to general public-consultation procedures. Internationally, Kazakhstan positions itself as the Central Asian leader, hosting AI & Digital Bridge-2026 and running a presidential international AI advisory council.","Penalties for AI-specific breaches are defined and the authorised ministry monitors AI content and high-risk system registration, but no enforcement decisions under the AI Law have been published.","Law No. 230-VIII 'On Artificial Intelligence' (2025, in force 18 January 2026), Law No. 231-VIII amending legislation on artificial intelligence and digitalisation (2025), Law No. 232-VIII amending the Code of Administrative Offences (2025), Digital Code of the Republic of Kazakhstan No. 255-VIII (2026, in force 11 July 2026), Law No. 326-VIII amending the Law on Artificial Intelligence (2026), Order No. 171/NҚ on criteria for classifying informatisation objects as artificial intelligence systems (2026), Presidential Decree declaring 2026 the Year of Digitalization and Artificial Intelligence (2026), Digital Qazaqstan Strategy",https://adilet.zan.kz/rus/docs/Z2500000230 | https://www.loc.gov/item/global-legal-monitor/2026-01-12/kazakhstan-new-law-introduces-rules-for-ai-systems-operating-in-the-country | https://www.whitecase.com/insight-our-thinking/global-regulatory-tracker-kazakhstan | https://www.mofo.com/artificial-intelligence/kazakhstan | https://www.kinstellar.com/news-and-insights/detail/4081/the-year-of-digitalisation-and-ai-in-kazakhstan-new-regulations,2026-10-06,high
Kenya,"Kenya has no binding AI-specific instrument in force. The Artificial Intelligence Bill, 2026 (Senate Bills No. 4 of 2026), sponsored by Senator Karen Nyamu, was published on 19 February 2026, read a First Time on 2 April 2026, referred to the Senate Standing Committee on Information, Communication and Technology, and sits at Second Reading stage; because it touches county functions it must also clear the National Assembly before assent. Regulation of AI today runs through the Data Protection Act, 2019 and the Office of the Data Protection Commissioner's Guidance Note on Artificial Intelligence (July 2026), which explains existing duties rather than creating AI-specific law.","Kenya governs AI through soft instruments and spending rather than binding rules: the National AI Strategy 2025-2030, the draft Kenya Artificial Intelligence and Other Emerging Technologies Policy 2026 (consultation closed 4 August 2026), the ODPC Guidance Note on Artificial Intelligence (July 2026), and the Kenya Bureau of Standards draft AI Code of Practice. Regulatory sandboxes run by the Communications Authority and the Capital Markets Authority accept AI-based applications, while the statutory AI Commissioner and AI authority remain proposals.","Policy leadership sits with the Ministry of Information, Communications and the Digital Economy, coordinated since 30 June 2026 through a Standing Cabinet Committee on Artificial Intelligence, with the Office of the Data Protection Commissioner and sectoral regulators acting inside existing mandates. County governments have no AI role beyond what the draft policy proposes, and judicial engagement is limited to a single constitutional petition on high-risk AI systems.","Consultation on the Artificial Intelligence Bill, 2026, the draft AI and Other Emerging Technologies Policy and the ODPC draft guidance notes drew submissions from industry, KICTANet, CIPESA, Amnesty International Kenya and university researchers, through published public-participation processes rather than standing seats. Internationally, Kenya acts through its Special Envoy for Technology, the International Network of AI Safety Institutes, the UN Global Dialogue on AI Governance, Smart Africa and the African Union, without binding AI treaty commitments.","Enforcement touching AI runs entirely through Data Protection Act, 2019 determinations by the Office of the Data Protection Commissioner, with no AI-specific penalties, authority or audit programme in operation.","Artificial Intelligence Bill, 2026 (Senate Bills No. 4 of 2026), Data Protection Act (2019), Data Protection (General) Regulations (2021), Computer Misuse and Cybercrimes Act (2018), National Artificial Intelligence Strategy 2025-2030, Draft Kenya Artificial Intelligence and Other Emerging Technologies Policy (2026), ODPC Guidance Note on Artificial Intelligence (July 2026)","https://www.parliament.go.ke/sites/default/files/2026-04/Bill%20Digest%20-%20The%20Artificial%20Intelligence%20Bill,%20No.4%20of%202026.pdf | https://new.kenyalaw.org/akn/ke/bill/senate/2026-02-19/the-artificial-intelligence-bill-2026/eng@2026-02-19 | https://ict.go.ke/sites/default/files/AI%20Policy%20Doc/draft-kenya-ai-and-emerging-technologies-policy-2026.pdf | https://cipit.strathmore.edu/the-standing-cabinet-committee-on-artificial-intelligence-implications-for-kenyas-evolving-ai-ecosystem/ | https://www.odpc.go.ke/",2026-10-06,medium
Kiribati,"Kiribati regulates the digital sphere through general instruments - the Data Protection Act 2025, Digital Government Act 2023, Electronic Transactions Act 2021 and Cybercrime Act 2021 - none of which creates obligations for AI systems. The closest provision is the Data Protection Act 2025 right against decisions based solely on automated processing, which binds data controllers generally rather than AI developers or deployers. Parliament has no AI bill before it and the government has published no AI strategy.","Policy effort is concentrated on connectivity, cybersecurity and digital government, delivered through the National ICT Policy 2019, National Cybersecurity Strategy 2020, Digital Government Master Plan and MICT Strategic Plan 2025-2028. The only AI-specific commitment is the regionally endorsed Pacific Digital and Artificial Intelligence Technology Principles, with no national guidance, funding line or dedicated AI body.","Governance is centralised in one ministry, MICT, with its Digital Transformation Office coordinating digital reform and the Communications Commission of Kiribati handling telecoms licensing. Nothing in the structure is directed at AI, and no independent body or court has engaged with AI questions.","Engagement on AI happens almost entirely at regional level through the Pacific Islands Forum, where leaders endorsed the Pacific Digital and Artificial Intelligence Technology Principles in September 2026 as the basis for a Pacific AI Governance Framework in 2027. Domestic industry, civil society and academic participation in AI policy is absent.","Enforcement capacity is directed at data protection and cybercrime, and no AI-related investigation, sanction or monitoring activity has occurred.","Data Protection Act 2025, Digital Government Act 2023, Electronic Transactions Act 2021, Cybercrime Act 2021, Communications Act 2013, National ICT Policy 2019, Kiribati National Cybersecurity Strategy 2020, Digital Government Master Plan, MICT Ministry Strategic Plan 2025-2028, Pacific Digital and Artificial Intelligence Technology Principles (2026)",https://www.mict.gov.ki/sites/default/files/publications/Data%20Protection%20Bill%202025.pdf | https://forumsec.org/sites/default/files/2026-09/55PIFLM%20Communique.pdf | https://www.mict.gov.ki/sites/default/files/publications/MSP%202025-28_FINAL_19%20June%202025.pdf | https://dig.watch/countries/kiribati | https://www.mict.gov.ki,2026-10-06,medium
Kosovo,"Kosovo has no AI-specific legislation, and the only law touching AI is Law No. 06/L-082 on Personal Data Protection (2019), which the Information and Privacy Commissioner confirms contains no AI-specific provisions. AI appears only in strategy documents, the e-Government Strategy Kosovo 2023-2027 and the Digital Agenda of Kosovo 2030, as a technology to be piloted in public services. Alignment work with Regulation (EU) 2024/1689 began with a draft impact assessment presented by the Information and Privacy Agency on 27 February 2025 and a readiness assessment started in 2026, but no draft AI law has reached the Assembly.","Policy action is confined to preparatory analysis: the Information and Privacy Agency's EU AI Act impact assessment (2025) and a 2026 readiness assessment for harmonisation with Regulation (EU) 2024/1689. No AI-specific binding instrument, guidance, funding line, sandbox or dedicated institution exists.","Governance is undeveloped rather than plural: the Information and Privacy Agency acts as the de facto focal point through its data protection mandate, with the Ministry of Digitalization and Public Administration handling digital strategy. Municipalities have no regulatory role, and no judicial or independent review of AI has occurred.","Engagement happens through donor- and university-hosted events, notably the Artificial Intelligence Policy Validation Workshop at RIT Kosovo in July 2026 with government, security institutions, industry and academia, rather than through institutionalised consultation. International involvement is limited to EU accession and regional digital governance dialogues, with no AI treaty or standards commitments.","Enforcement reaches AI only indirectly through Law No. 06/L-082 on Personal Data Protection, with no AI-specific sanctions, decisions or auditing practice.","Law No. 06/L-082 on Personal Data Protection (2019), Law No. 06/L-081 on Access to Public Documents (2019), e-Government Strategy Kosovo 2023-2027 (2023), Digital Agenda of Kosovo 2030",https://aip.rks-gov.net/about-us/ | https://prishtinainsight.com/kosovo-needs-to-align-media-and-ai-legislation-with-eu-standards-mag/ | https://enlargement.ec.europa.eu/document/download/127563ea-4c03-44a4-b56c-2d569afd86a5_en?filename=kosovo-report-2025.pdf | https://www.evropaelire.org/a/inteligjenca-artificiale-pa-kontroll-ne-ballkanin-perendimor/33794640.html | https://www.rit.edu/kosovo/news/rit-kosovo-advances-ai-governance-through-national-security-and-innovation-consortium,2026-10-06,medium
Kuwait,"Kuwait has no AI-specific legislation in force; AI is reached only through general ICT, data-protection and cybercrime instruments. The draft Kuwait National AI Strategy 2025-2028 and CITRA's Guide for Adopting Artificial Intelligence in the State of Kuwait v1.0 set direction without binding anyone, and the parliamentary bill to establish a Public Authority for Artificial Intelligence has not been enacted.","Policy runs through soft instruments and promotion: the draft National AI Strategy 2025-2028, CITRA's AI adoption guide, the Central Bank of Kuwait Wolooj sandbox AI cohort, and government-Microsoft skilling and data-centre programmes. The Ministry of Commerce and Industry created a commercial activity category for AI services in August 2026, a licensing step rather than an AI compliance regime.","AI responsibilities are spread across CAIT, CITRA, the National Cybersecurity Center, the Central Bank of Kuwait and the Ministry of Commerce and Industry, linked only by ad hoc project cooperation. Governance is centralised in the executive, with no sub-national tier and no judicial or independent oversight of AI.","Engagement is government-led with business input through CITRA consultation and vendor partnerships, plus an ILO-Kuwait Chamber of Commerce and Industry study of private-sector AI adoption. Domestic civil society is absent while international engagement is prominent through the Digital Cooperation Organization and GCC channels.","Nothing AI-specific is enforced; supervision of AI users rests on general data-protection, cybercrime and banking powers that have produced no recorded AI case.","Kuwait National AI Strategy 2025-2028 (draft), Guide for Adopting Artificial Intelligence in the State of Kuwait v1.0 (CITRA, 2026), CITRA Data Privacy Protection Regulation (Decision No. 26 of 2024), Cybercrime Law No. 63 of 2015, National Cybersecurity Center (Decision No. 37 of 2022), Kuwait Vision 2035 (2017), draft bill establishing the Public Authority for Artificial Intelligence",https://www.citra.gov.kw/sites/en/Pages/NewsDetails.aspx?NewsID=107 | https://www.pinsentmasons.com/out-law/analysis/gulf-governments-approach-to-ai-regulation | https://dco.org/media/digital-cooperation-organization-concludes-5th-general-assembly-with-adoption-of-the-kuwait-declaration-on-responsible-ai-for-global-digital-prosperity/ | https://www.cbk.gov.kw/en/legislation-and-regulation/innovation-hub/apply | https://www.ilo.org/sites/default/files/2026-03/Adoption%20of%20AI%20and%20productivity%20growth%20in%20Kuwait's%20private%20sector.pdf,2026-10-06,medium
Kyrgyzstan,"The Digital Code of the Kyrgyz Republic (Law No. 178 of 31 July 2025), brought into force on 6 February 2026 by Law No. 179, defines AI systems and AI systems of heightened danger, sets principles for their design, development and application, imposes restrictions and liability, and grants a right to human review of algorithmic and automated decisions. These binding provisions apply across sectors but depend on secondary acts that are still at draft stage, and no standalone AI statute has been tabled in the Jogorku Kenesh.","Policy runs through the AI chapter of the Digital Code plus executive instruments: the Concept of Digital Transformation for 2024-2028, the National Council on Artificial Intelligence Development created by Cabinet Resolution No. 29 of 22 January 2025, and a draft Regulation on the Ethics of Artificial Intelligence under public consultation. Funding, sandbox and procurement levers remain at announcement stage.","AI governance is centralised in the executive: the Ministry of Digital Development and Innovative Technologies drafts rules and the National Council on Artificial Intelligence Development coordinates across ministries. Sub-national bodies have no role, and review of AI decisions exists on paper through the Digital Code's right to human reconsideration rather than through active judicial or independent oversight.","Participation is executive-led, with stakeholders reaching AI policy mainly through the public-consultation procedure for Cabinet acts such as the draft AI ethics regulation. Internationally the country works through Eurasian Economic Union, CIS and Central Asian digital cooperation and UNESCO ethics commitments rather than binding AI instruments.","AI obligations in the Digital Code are in force but unenforced: penalties remain in a bill at first reading, no supervisory body with an AI remit has been resourced, and the planned ethics and safety assessments for state AI systems are still a draft.","Digital Code of the Kyrgyz Republic (Law No. 178 of 31 July 2025, in force 6 February 2026), Law on Enactment of the Digital Code of the Kyrgyz Republic (No. 179 of 31 July 2025), Cabinet of Ministers Resolution No. 29 of 22 January 2025 on the National Council on Artificial Intelligence Development (as amended by Resolution No. 844 of 29 December 2025), Concept of Digital Transformation of the Kyrgyz Republic for 2024-2028, draft Regulation on the Ethics of Artificial Intelligence (2026)",https://cbd.minjust.gov.kg | https://digital.gov.kg | https://base.spinform.ru/show_doc.fwx?rgn=168581 | https://cis-legislation.com/document.fwx?rgn=164899 | https://www.tazabek.kg/news:2541099,2026-10-06,medium
Laos,"Laos has no binding AI rule in force, before the National Assembly, or formally proposed. The only AI-specific document is the draft National Strategy on Artificial Intelligence 2026-2035, which the government approved in principle at its September 2026 monthly meeting and sent back to the Ministry of Technology and Communications for revision on infrastructure, databases, personnel and priority applications. General ICT instruments, namely the Law on Telecommunications (2011), Law on Electronic Transactions (2012, amended 2022), Law on Cyber Crime (2015) and Law on Electronic Data Protection (2017), address AI nowhere in their text.","Policy action consists of strategy drafting, the UNESCO-supported AI Ethics Readiness Assessment report, and investment promotion for AI and data centres under the 2026-2030 investment plan. No AI-specific binding instrument, national AI guidance, regulatory sandbox, AI procurement rule or body with a legal AI mandate exists.","Authority over AI sits entirely with the Ministry of Technology and Communications, which drafts the national strategy under Prime Ministerial direction. Coordination with other ministries occurs only through cabinet-level review of draft documents, and no subnational, judicial or independent body exercises AI oversight.","Domestic industry, civil society and academia were consulted once through the UNESCO-led readiness assessment completed in January 2026 but hold no standing role in AI policy formation. International engagement runs through UNESCO, the UN Country Team, ESCAP's APCICT and ASEAN digital instruments rather than binding treaty or standards work.","Nothing AI-specific is enforced: sanctions reach AI only through general cybercrime and electronic data law, no authority owns AI enforcement, and the sole assessment is the one-off UNESCO readiness report.","Draft National Strategy on Artificial Intelligence 2026-2035 (approved in principle September 2026), AI Ethics Readiness Assessment Methodology Country Report (2026), National Digital Economy Strategy (2024), Law on Electronic Data Protection (2017), Law on Cyber Crime (2015), Law on Electronic Transactions (2012, amended 2022), Law on Telecommunications (2011)",https://www.unesco.org/en/articles/lao-pdr-sets-course-national-ai-strategy-guided-unesco-ethics-framework | https://kpl.gov.la/En/detail.aspx?id=96675 | https://asianews.network/laos-government-advances-10-year-strategies-for-ai-satellite-development/ | https://laopdr.un.org/en/300785-remarks-capacity-building-programme-ai-governance | https://www.mpt.gov.la,2026-10-06,medium
Latvia,"Latvia applies the EU AI Act directly, with prohibitions, general-purpose AI rules and Article 50 transparency obligations applying and Annex III high-risk duties postponed to December 2027 by the Digital Omnibus on AI (Regulation (EU) 2026/1744). National legislation adds the Law on the Latvian Artificial Intelligence Centre, amended on 14 May 2026, and the Financial Market Digital Operational Resilience and Artificial Intelligence Use Law in force since 1 October 2025, alongside Criminal Law deepfake provisions. Competent authorities were allocated by Cabinet-level informative report rather than by a general implementing statute, and sandbox secondary rules and Centre operations lag.","Policy runs through binding EU and national instruments — the AI Act, the AI Centre Law and the financial market AI law — with the AI Centre's special regulatory environment as the main innovation tool. Guidance remains thin and institutions hold AI mandates that have not yet been used in compliance practice.","Latvia governs AI through a lead ministry, VARAM, plus a wide spread of sectoral market surveillance authorities, with Latvijas Banka supervising financial-sector AI and the Data State Inspectorate covering prohibited practices. The Ombudsman supplies independent fundamental rights oversight; no subnational tier has a role.","The Artificial Intelligence Centre institutionalises industry and university participation through LIKTA and the Latvian Universities Association as co-founders with VARAM, while civil society input comes through public consultation on draft laws. External engagement runs through EU structures, Baltic digital cooperation and OECD reporting.","Penalty ceilings exist in EU and national law and supervisors are named, but no AI-specific enforcement decision or routine AI monitoring has been published in Latvia.","EU AI Act (Regulation (EU) 2024/1689, 2024), Digital Omnibus on Artificial Intelligence (Regulation (EU) 2026/1744, 2026), Law on the Latvian Artificial Intelligence Centre (Mākslīgā intelekta centra likums, 2025) with amendments of 14 May 2026, Financial Market Digital Operational Resilience and Artificial Intelligence Use Law (Finanšu tirgus digitālās darbības noturības un mākslīgā intelekta izmantošanas likums, 2025), Criminal Law Section 90.1 on influencing the election process using deepfake technology (2024), Digital Transformation Guidelines 2021-2027 (2020), National AI Strategy 'Par mākslīgā intelekta risinājumu attīstību' (2020)",https://www.varam.gov.lv/lv/maksliga-intelekta-mi-akts | https://likumi.lv/ta/id/363378-finansu-tirgus-digitalas-darbibas-noturibas-un-maksliga-intelekta-izmantosanas-likums | https://www.vestnesis.lv/ta/id/368492-grozijumi-maksliga-intelekta-centra-likuma | https://www.varam.gov.lv/en/article/latvia-takes-step-towards-safe-and-responsible-artificial-intelligence-government-examines-implementation-plan-ai-act | https://lvportals.lv/dienaskartiba/386684-maksliga-intelekta-centrs-izsludina-projektu-uzsaukumu-dalibai-specialaja-regulativaja-vide-mi-sistemu-attistibai-2026,2026-10-06,high
Lebanon,"Lebanon has no binding AI legislation. Governance rests on the National Digital Transformation and Artificial Intelligence Strategy launched on 7 November 2025 by the Office of the Minister of State for Information Technology and Artificial Intelligence, a Cabinet-approved draft law to create a Ministry of Technology and Artificial Intelligence referred to joint parliamentary committees in July 2026, and a draft Digital Authority law. AI-related conduct falls under general instruments, principally Law No. 81/2018 on Electronic Transactions and Personal Data, which contains no AI-specific provision.","Policy runs through non-binding strategy, ministerial memoranda of understanding with advisory firms such as Roland Berger and Sofrecom, and funded capacity-building programmes including NUMŪ and the UAE-supported AI training initiative, supported by the World Bank Digital Acceleration Project approved in January 2026. No AI-specific binding instrument, regulatory sandbox or AI procurement rule exists, and the lead office has no legal AI mandate.","AI policy is concentrated in a single ministerial office that drafts strategy and legislation, with sectoral regulators holding no AI mandate and coordination confined to interministerial committees announced in the roadmap. Parliament's joint committees are reviewing the MITAI bill, but no independent or judicial body shapes AI rules.","Engagement is government-led and event-based: industry, donors and academia are convened at MITAI summits and through advisory memoranda, while digital-rights organisations such as SMEX comment publicly without a formal seat. Internationally Lebanon works with the Digital Cooperation Organisation, UNESCO, UN ESCWA, the World Bank and the United Arab Emirates rather than in treaty or standards bodies.","Nothing AI-specific is enforced, and the only penalties that could reach AI use are those of general law, with no authority, audit or monitoring practice in place.","National Digital Transformation and Artificial Intelligence Strategy (2025), Draft Law establishing the Ministry of Technology and Artificial Intelligence (MITAI) (2025, pending before Parliament), Draft Digital Authority Law (2025, pending before Parliament), Law No. 81/2018 on Electronic Transactions and Personal Data",https://www.mitai.gov.lb/ | https://www.mitai.gov.lb/assets/MITAI_Strategy_Full_Presentation-C6XQD81p.pdf | https://today.lorientlejour.com/article/1478828/the-formation-of-lebanons-new-ai-ministry-has-the-tech-community-divided.html | https://smex.org/our-thoughts-on-lebanons-new-ai-and-technology-ministry/ | https://aitechsummit.gov.lb/,2026-10-06,medium
Lesotho,"Lesotho governs AI through a non-binding national policy instrument, the Artificial Intelligence Policy and Implementation Plan (2025), led by the Ministry of Information, Communications, Science, Technology and Innovation, alongside general law in the Data Protection Act 2011 (Act No. 5 of 2012) and sector powers of the Lesotho Communications Authority. In August 2026 the Ministry and the United Nations ran a five-day Maseru workshop to develop a National AI Strategy and Data Centre Blueprint, and in September 2026 Lesotho became the first country to apply the United Nations Blueprint for National AI and Data Strategies. No binding AI obligation, high-risk duty or AI regulator exists in law, and the Cybercrime Bill 2026 and Cybersecurity Bill 2026 remain in stakeholder consultation.","Policy action runs through a ministry-led national AI policy, UN-supported strategy and compute roadmap work, and capacity-building workshops. No AI-specific binding instrument, funded program, regulatory sandbox or AI procurement rule is in place, and digital governance capacity rests with the Lesotho Communications Authority under a general ICT mandate.","Governance is centralised in the Ministry of Information, Communications, Science, Technology and Innovation, which authored the Artificial Intelligence Policy and Implementation Plan (2025), with sectoral powers held only by the Lesotho Communications Authority. Coordination is project-based around UN-supported workshops, and there is no subnational, judicial or independent-review involvement in AI governance.","Domestic engagement of industry, civil society and academia occurs through occasional UN- and UNDP-supported events rather than formal consultation or standing bodies. Internationally Lesotho is an active participant, piloting the UN Blueprint for National AI and Data Strategies and drawing on the African Union Continental AI Strategy and the EU AI Act as reference points.","Enforcement is absent because no AI-specific obligation is in force, leaving only untested general data-protection penalties and a planned monitoring framework on paper.","Artificial Intelligence Policy and Implementation Plan (2025, draft), Data Protection Act 2011 (Act No. 5 of 2012), Lesotho Communications Authority Act (2012), ICT Policy (2005), Cybercrime Bill 2026 (pending), Cybersecurity Bill 2026 (pending)",https://www.un.org/digital-emerging-technologies/content/lesotho-becomes-first-pilot-un-blueprint-national-ai-and-data-strategies | https://oecd.ai/en/dashboards/national/lesotho | https://lesotholii.org/akn/ls/act/2012/5/eng@2012-02-22 | https://www.lca.org.ls | https://www.lena.gov.ls/cybersecurity-bill-2026-takes-shape-under-stakeholder-scrutiny/,2026-10-06,medium
Liberia,"Liberia has no dedicated AI legislation, no national AI strategy and no binding AI-specific instrument. The legal base built in 2026 is general: President Joseph Boakai signed the Cybercrime Act and the Data Protection Act of Liberia, and the Ministry of Posts and Telecommunications issued the ""Whole of Government"" National Digital Strategy (2025-2029) and a Draft National Data Governance Policy (2026), none of which regulates AI systems, models or outputs.","Policy activity on AI consists of UNDP-supported capacity building: the AI Training Programme for ministries and public institutions, the UNDP AI Sprint, a UNDP-Intel AI capacity partnership, and work with the University of Liberia on a first Master of Science in Artificial Intelligence. No binding AI instrument, published AI guidance, sandbox, procurement rule or designated AI body exists.","AI-adjacent oversight defaults to the Ministry of Posts and Telecommunications and the Liberia Telecommunications Authority under general ICT law, a single centralized channel with no AI remit. There is no multi-body coordination, no subnational function and no independent or judicial review touching AI.","Involvement in AI is driven by UNDP and partners such as Intel rather than by domestic stakeholders, with the University of Liberia as the main national counterpart. Industry and civil society have no structured role because no domestic AI policy process has been opened.","Liberia has no AI-specific enforcement framework, sanctions, designated authority or monitoring practice.","Data Protection Act of Liberia (2026), Cybercrime Act (2026), ""Whole of Government"" National Digital Strategy (2025-2029), Draft National Data Governance Policy (2026), National Cybersecurity Strategy (2025-2029)",https://mopt.gov.lr/wp-content/uploads/2025/09/Liberia-National-Digital-Strategy.pdf | https://www.undp.org/liberia/press-releases/liberia-launched-landmark-ai-training-government-undp-support | https://liberiaigf.org/2026/06/25/official-statement-liberia-internet-governance-forum-liberia-igf-welcomes-the-enactment-of-liberias-first-data-protection-act/ | https://www.undp.org/liberia/press-releases/building-liberias-ai-future-undp-ul-consult-stakeholders | https://www.lta.gov.lr,2026-10-06,medium
Libya,"Libya has no binding AI legislation. Governance rests on two non-binding instruments: the National Artificial Intelligence Policy launched by the General Authority for Communications and Informatics on 17 May 2024, and the National Artificial Intelligence Strategy 2026-2030 with the National Charter for Artificial Intelligence Ethics adopted in Tripoli on 1 June 2026, whose legislation-and-ethics pillar only promises a future legal framework.","Policy runs entirely through soft instruments: the National Artificial Intelligence Policy (2024), the National Artificial Intelligence Strategy 2026-2030 and the National Charter for Artificial Intelligence Ethics. Institutional capacity is a ministerial portfolio created without an autonomous structure, and the strategy's 35 initiatives, including a National Artificial Intelligence Authority and a National Academy for Artificial Intelligence, remain unfunded plans.","AI policy is centralised in the Government of National Unity's Prime Minister's Office through the Minister of State for Digital Economy and Artificial Intelligence, with the General Authority for Communications and Informatics as the other state actor. Coordination is ad hoc through ministerial consultation, no sub-national tier is involved, and no independent review mechanism exists.","Consultation on the 2026-2030 strategy was conducted inside the state apparatus, with all thirteen participating bodies being ministries, state regulators or state-linked companies, and civil society, independent academia and private industry excluded. Externally, Libya attends United Nations and International Telecommunication Union AI governance dialogues and is an African Union and UNESCO member.","Enforcement is absent because no AI-specific obligation is in force, no authority owns AI oversight, and the strategy's monitoring pillar remains unimplemented.","National Artificial Intelligence Strategy 2026-2030 (2026), National Charter for Artificial Intelligence Ethics (2026), National Artificial Intelligence Policy of the State of Libya (2024), Law No. 5 of 2022 Regarding Combating Cybercrimes, Law No. 6 of 2022 Concerning Electronic Transactions",https://oecd.ai/en/dashboards/policy-initiatives/national-artificial-intelligence-strategy-of-libya-2025-2030 | https://lana.gov.ly/post.php?lang=en&id=307543 | https://smex.org/libyas-new-ai-strategy-celebrates-participation-yet-was-built-without-it/ | https://iafrica.com/libya-adopts-ai-ethics-charter-and-launches-national-ai-strategy-2026-2030-with-35-initiatives-across-six-pillars/ | https://lawsociety.ly/en/legislation/law-no-5-of-2022-regarding-combating-cybercrimes/,2026-10-06,medium
Liechtenstein,"Liechtenstein has no AI-specific binding legislation in force: Regulation (EU) 2024/1689 and its amending Regulation (EU) 2026/1744 (Digital Omnibus on AI, 8 July 2026) are marked EEA-relevant but remain under scrutiny by the EEA EFTA states, and the government states in BuA Nr. 34/2026 that both the AI Act and the Digital Services Act will apply directly only after EEA incorporation. The sole domestic AI-specific instrument is the non-binding KI-Strategie der Liechtensteinischen Landesverwaltung adopted on 14 April 2026, which governs the administration's own use and imposes mandatory staff training. AI in the market is reached only through general instruments: the Datenschutzgesetz, financial-market rules, and the criminal, media and personality law catalogue described in the deepfake Postulat response.","Policy runs through soft instruments: the Datenschutzstelle's AI chatbot guidance under data protection law, the Stabsstelle für Digitale Innovation's AI Act information material, and the April 2026 public-administration AI strategy prepared by the Task Force Künstliche Intelligenz. The Datenschutzstelle and the Finanzmarktaufsicht act on AI within existing mandates, without a dedicated AI remit, AI sandbox or AI procurement rules.","Competence is spread thinly across the Datenschutzstelle, the Finanzmarktaufsicht and the Stabsstelle für Digitale Innovation, which represented Liechtenstein at the EU AI Board through the Office for Financial Market Innovation and Digitalisation, with the Task Force Künstliche Intelligenz providing the only standing cross-office coordination. There is no subnational layer and no AI-specific judicial or ombudsman practice.","International engagement dominates: participation in drafting and signature of the Council of Europe Framework Convention on Artificial Intelligence, observer presence at EU AI Board meetings, and EEA EFTA scrutiny of the AI Act and the Digital Omnibus on AI. Domestic industry, civil society and academic input remains informal and case-by-case, without a standing AI consultation body.","Enforcement is limited to general data protection, criminal and civil law, with no AI-specific sanctions, no designated AI authority and no AI enforcement decisions on record.","EU AI Act / Regulation (EU) 2024/1689 (2024, pending EEA incorporation), Regulation (EU) 2026/1744 Digital Omnibus on AI (2026, under EEA EFTA scrutiny), KI-Strategie der Liechtensteinischen Landesverwaltung (2026, non-binding), Postulatsbeantwortung betreffend Massnahmen gegen Missbrauch durch Deepfakes BuA Nr. 34/2026 (2026), Interpellationsbeantwortung betreffend Künstliche Intelligenz, Cloud-Computing und technologische Infrastruktur BuA Nr. 59/2026 (2026), Datenschutzgesetz (2019), Cyber-Sicherheitsgesetz LGBl. 2025/111 (2025), Council of Europe Framework Convention on Artificial Intelligence CETS 225 (signed 2025)",https://www.efta.int/eea-lex/32024r1689 | https://www.llv.li/de/landesverwaltung/stabsstelle-fuer-digitale-innovation/digitalisierung/ai-act | https://www.regierung.li/files/attachments/flr-broschuere-ki-strategie.pdf | https://www.llv.li/serviceportal2/amtsstellen/stabstelle-regierungskanzlei/bua_034_postulatsbeantwortung-massnahmen-gegen-missbrauch.pdf | https://www.coe.int/en/web/artificial-intelligence/-/liechtenstein-signs-the-council-of-europe-s-ai-treaty,2026-10-06,medium
Lithuania,"Lithuania governs AI through the directly applicable EU AI Act, whose prohibitions, AI literacy, GPAI and Article 50 transparency and marking obligations apply, while Annex III high-risk obligations were pushed to 2 December 2027 by the Digital Omnibus on AI (Regulation (EU) 2026/1744). National implementation rests on the January 2025 amendments to the Law on Technology and Innovation (XV-105) and the Law on Information Society Services (XV-106), effective 1 April 2025, which named the Communications Regulatory Authority (RRT) as market surveillance authority and single point of contact and the Innovation Agency as notifying authority. A dedicated Law on Implementation of the EU Artificial Intelligence Act, distributing high-risk supervision across eleven bodies and setting complaint, investigation and liability procedures, remains in the Seimas.","Binding force comes from the EU AI Act and the two January 2025 implementing laws, supplemented by RRT guidance, the Seimas resolution on public-sector AI use and the 2026–2035 National AI Strategic Guidelines. Economic levers are substantial: an operating €3 million AI regulatory sandbox at the Innovation Agency, Lithuanian-language AI resources exceeding €42 million, an SME adoption programme and the LitAI innovation hub, plus a GovAI competence centre set up in February 2026 for the public sector.","Governance is centralised around RRT as single coordinating authority with the Innovation Agency as notifying authority and sandbox operator, and the pending implementation law would extend sectoral supervision to eleven bodies including the Bank of Lithuania, the Lithuanian Transport Safety Administration and the National Agency for Education. Sub-national bodies have no role, and non-governmental checks are limited to general administrative judicial review.","Industry and academia feed in through the National AI Governance Forum, ministry consultations on the draft implementation law and the Innovation Agency sandbox, while domestic civil society takes part only episodically and holds no standing role. International engagement is active through the EU AI Board, EU standardisation work and Council of Europe and OECD processes.","The EU AI Act's penalty ceilings apply and RRT answers queries and publishes guidance on the transparency rules in force, but no AI-specific investigation, decision or audit programme has been documented pending adoption of the national implementation law.","EU AI Act / Regulation (EU) 2024/1689 (2024), Digital Omnibus on AI / Regulation (EU) 2026/1744 (2026), Law on Technology and Innovation amendments No. XV-105 (2025), Law on Information Society Services amendments No. XV-106 (2025), Draft Law on Implementation of the European Union Artificial Intelligence Act (2026), National Artificial Intelligence Strategic Guidelines 2026-2035 (2026), Lithuanian Artificial Intelligence Strategy (2019), AI Strategy Action Plan 2023-2026",https://rrt.lt/veiklos-sritys/skaitmenine-erdve/di-informacija/di-reguliavimas | https://eimin.lrv.lt/lt/veiklos-sritys/skaitmenine-politika/dirbtinis-intelektas/strategija-ir-veiksmu-planas/ | https://eimin.lrv.lt/lt/ziniasklaidai/naujienos/eimin-parenge-istatyma-del-es-dirbtinio-intelekto-akto-igyvendinimo-MlI3/ | https://www.inovacijuagentura.lt/naujiena/lietuva-stiprina-dirbtinio-intelekto-ekosistema-parengtos-nacionalines-di-strategines-gaires/ | https://www.lrt.lt/naujienos/mokslas-ir-it/11/3026068/rysiu-reguliavimo-tarnyba-paaiskina-kada-di-sukurta-turini-reikia-zenklinti-o-kada-ne,2026-10-06,high
Luxembourg,"Luxembourg's binding AI framework is the directly applicable EU AI Act (Regulation 2024/1689), whose prohibitions and AI literacy duty have applied since February 2025 and general-purpose AI obligations since August 2025, while Annex III high-risk requirements were deferred to 2 December 2027 by the Digital Omnibus on AI (Regulation (EU) 2026/1744). The national implementing instrument, Bill of Law 8476 filed on 23 December 2024, designating competent authorities and national penalties, remains in committee after Conseil d'État objections on arbitration between authorities. The CNPD acts as de facto coordinator pending that adoption.","The binding lever is the EU AI Act, supplemented by CNPD soft law (AI literacy guidance, sandbox materials, training) and ILNAS standardisation work. Economic levers are substantial: the MeluXina-AI AI Factory, the June 2025 Mistral AI partnership, the Accelerating Digital Sovereignty 2030 national AI strategy and the ReMI regulatory sandbox, whose pilot ran in 2025-2026 with a new submission round from August 2026.","Governance is a lead-plus-sectoral model: the CNPD is the proposed national coordinator, single contact point and default market surveillance authority, with roughly a dozen sectoral regulators each holding their own remit, and ALIA additionally named a fundamental rights authority. Coordination is currently informal because the statutory arbitration rules are still being revised in committee; there is no subnational layer.","Industry input is channelled through Luxembourg's statutory professional chambers and federations, which formally opined on Bill 8476, while academic actors engage through LIST, the University of Luxembourg, the AI Factory and the ReMI sandbox. Domestic civil society participation in AI policy is marginal; internationally Luxembourg is active in the EU AI Board, the EU AI Office network, OECD work and European AI standardisation.","EU-level fines are available in principle but Luxembourg has designated no final enforcement authorities, published no AI-specific decisions and runs no AI audit programme, leaving enforcement preparatory.","EU AI Act / Regulation (EU) 2024/1689 (2024), Digital Omnibus on AI / Regulation (EU) 2026/1744 (2026), Bill of Law No. 8476 implementing the AI Act (2024, pending), Accelerating Digital Sovereignty 2030 – National AI Strategy (2025), Law of 4 April 2025 implementing the Digital Services Act, Law of 28 February 2025 implementing the General Product Safety Regulation, Bill of Law No. 8364 transposing NIS2 (2024)",https://www.chd.lu/en/node/3016 | https://cnpd.public.lu/en/actualites/national/2026/01/ai-act-in-action-cp-jan2026.html | https://paperjam.lu/article/lirlande-cree-son-ai-office-le-luxembourg-cherche-son-gendarme | https://practiceguides.chambers.com/practice-guides/artificial-intelligence-2026/luxembourg/trends-and-developments | https://digital-strategy.ec.europa.eu/en/factpages/luxembourgs-2026-digital-decade-country-report,2026-10-06,medium
Macedonia,"No dedicated AI statute, adopted national AI strategy or binding AI rule exists; AI is governed indirectly through the GDPR-aligned Law on Personal Data Protection (2020) and framed by the non-binding ICT Development Strategy SMART/MK 2030 (2025). A first draft National Artificial Intelligence Strategy was discussed by the Ministry of Digital Transformation working group on 18 September 2026 for publication on the ENER consultation portal, with adoption targeted for end-2026 and a separate law on AI use announced as a follow-up activity. The Council of Europe Framework Convention on Artificial Intelligence (CETS No. 225), signed on 8 May 2026, is not yet ratified or transposed.","Policy runs through non-binding strategy documents and funded infrastructure rather than regulation: SMART/MK 2030, the draft AI strategy, and the Vezilka National Centre for Artificial Intelligence linked to the European AI Factory network. No regulatory sandbox, AI procurement rules, or body with a statutory AI mandate exists.","Governance is centralised: the AZLP enforces data protection and the Ministry of Digital Transformation leads AI strategy through an ad hoc working group, with no sectoral AI regulators and no municipal role. Independent scrutiny is limited to the State Audit Office audit of AI readiness in the public sector and the parliamentary hearing on it.","Domestic input is channelled through an ad hoc ministerial working group of experts and the academic sector, with FINKI running the national AI centre; civil society and industry associations have no standing role. International engagement is the strongest channel: the CETS No. 225 signature, EuroHPC participation, and EU accession alignment.","Enforcement touching AI occurs only through general data-protection supervision by the AZLP, with no AI-specific sanctions, decisions, authority or recurring monitoring.","Law on Personal Data Protection / ZZLP (2020), ICT Development Strategy SMART/MK 2030 (2025), Council of Europe Framework Convention on Artificial Intelligence and Human Rights, Democracy and the Rule of Law CETS No. 225 (signed 8 May 2026), draft National Strategy for Artificial Intelligence (2026), State Audit Office performance audit report on the possibility of using artificial intelligence in the public sector (2025)",https://www.coe.int/en/web/artificial-intelligence/-/north-macedonia-signs-the-council-of-europe-s-framework-convention-on-artificial-intelligence | https://mdt.gov.mk/en-GB/odnosi-so-javnost/soopstenija/andonovski-makedonija-dobiva-nacionalen-centar-za-vestacka-inteligencija-zapocnuva-proektot-vezilka | https://sdk.mk/index.php/makedonija/do-krajot-na-godinata-treba-da-se-donese-strategijata-za-veshtachka-inteligentsija-se-planira-i-poseben-zakon-za-nejzina-etichka-upotreba-veli-ministerot-andonovski/ | https://epi.org.mk/wp-content/uploads/Aligning-North-Macedonias-AI-Policy-with-the-EU_Bridging-the-Regulatory-Gap.pdf | https://mdt.gov.mk/en-GB/regulativa/strategija-za-razvoj-na-ikt-smart-mk-2030,2026-10-06,medium
Madagascar,"Madagascar has no AI-specific legislation and none in the legislative process. Governance of AI falls back on general instruments — Loi n° 2014-038 du 9 janvier 2015 sur la protection des données à caractère personnel with its Décret d'application n° 2023-1541, and Loi n° 2014-006 sur la lutte contre la cybercriminalité — none of which addresses AI systems, and the data protection authority they establish is not yet operational.","Policy activity is confined to broad digital transformation under the Plan Stratégique Numérique 2023-2028 and sectoral AI deployments such as the Malagasy customs digital strategy to 2029 and civil-registry digitisation. No AI strategy, guidance, sandbox or AI-mandated institution has been created.","AI matters sit entirely with the Ministère du Développement Numérique, des Postes et des Télécommunications, with no sectoral regulator, coordination body or subnational authority holding an AI remit. Independent review is absent, the data protection authority CMIL still being set up.","Engagement on AI is almost entirely external and ministerial: participation in the UNESCO Global Forum on the Ethics of AI, the World AI Conference in Shanghai and African Union digital frameworks. Domestic industry involvement runs through bilateral and donor projects rather than policy processes, and civil society and academia have no consultative role.","Nothing AI-specific is enforced, and the general data protection and cybercrime penalties that could reach AI remain unused with the CMIL not yet operational.","Loi n° 2014-038 du 9 janvier 2015 sur la protection des données à caractère personnel (2014), Décret n° 2023-1541 d'application de la loi n° 2014-038 (2023), Loi n° 2014-006 sur la lutte contre la cybercriminalité (2014), Plan Stratégique Numérique 2023-2028",https://digital.gov.mg/en/2022/07/05/loi-n-2014-038-sur-la-protection-des-donnees-a-caractere-personnel/ | https://www.mndpt.gov.mg | https://research.lawlab.africa/madagascar/ | https://www.henricapitant.org/wp-content/uploads/2025/04/JI-2025_Rapport-malgache_Responsabilite_Partie-1.pdf | https://midi-madagasikara.mg/forum-mondial-sur-lia-engagement-de-madagascar-a-co-creer-les-solutions-technologiques-de-demain/,2026-10-06,medium
Malawi,"Malawi has no AI-specific binding instrument; the Electronic Transactions and Cyber Security Act (2016) and the Data Protection Act (2024), in force since 3 June 2024 with MACRA as data protection authority, are the only laws reaching AI and contain no AI provisions. A National Artificial Intelligence Strategy and an accompanying AI Bill covering government and private-sector AI use are in drafting under the Ministry of Information and Communications Technology, with the bill announced for tabling before December 2026.","Policy action consists of preparatory instruments: a draft National AI Strategy under validation, a UNESCO-supported AI Readiness Assessment Report validated in July 2026, and MACRA's regulatory sandbox that accepts AI projects. No funded national AI programme, AI procurement rule or body with a legal AI mandate exists.","AI governance is centralised in the Ministry of Information and Communications Technology, with MACRA as the only regulator applying law to AI use and no inter-agency AI mechanism. Oversight comes from parliamentary committee briefings and civil society and investigative-journalism pressure rather than from courts or an independent AI review body.","Consultation on AI has begun through national strategy workshops, the UNESCO readiness assessment and the COMESA regional process, drawing in government, industry, academia and development partners. Domestic civil society engages mainly by challenging MACRA's surveillance and monitoring activity rather than through standing consultative roles.","Enforcement touching AI rests entirely on general communications, cybercrime and data protection powers exercised by MACRA, amounting so far to public warnings and police cooperation rather than decisions under AI-specific rules.","Electronic Transactions and Cyber Security Act (2016), Data Protection Act (2024), Draft National Artificial Intelligence Strategy (2026), draft Artificial Intelligence Bill (2026)",https://www.macra.org.mw | https://itweb.africa/article/malawi-drafts-ai-bill-to-govern-public-sector-tech/PmxVE7KEOnpqQY85 | https://techafricanews.com/2026/07/24/malawi-validates-ai-readiness-report-to-guide-national-ai-adoption/ | https://www.comesa.int/comesa-launches-artificial-intelligence-and-digital-inclusion-consultations-in-malawi/ | https://malawi24.com/2026/09/18/macra-warns-against-misuse-of-ai-digital-tools/,2026-10-06,medium
Malaysia,"Malaysia has no binding AI-specific legislation in force. The AI Governance Bill, drafted by the Ministry of Digital and the National AI Office, went through public consultation from 10 to 31 July 2026 and is now expected in the Dewan Rakyat in early 2027 with a risk-based design; the Cybercrimes Bill 2026, passed by the Dewan Rakyat on 1 July 2026 and the Dewan Negara on 20 July 2026, creates offences for deepfakes and digitally manipulated intimate images but awaits royal assent and a commencement date. AI is otherwise governed by general law and by the non-binding National Guidelines on AI Governance and Ethics (2024) and MY-AI Standards platform.","Malaysia governs AI through soft law and economic levers: the AIGE guidelines, MY-AI Standards platform, National AI Action Plan 2026-2030, startup and talent funding, and Bank Negara Malaysia's discussion paper on AI in the financial sector. Institutional capacity sits with AI Malaysia Berhad, MDEC, CyberSecurity Malaysia and the Department of Personal Data Protection, none of which holds an AI-specific legal mandate pending the AI Governance Bill.","Policy is centralised in the Ministry of Digital through AI Malaysia Berhad, which institutionalised the National AI Office in July 2026, with sectoral regulators applying their own remits to AI. Subnational governments have no regulatory role and independent or judicial review of AI matters is undeveloped.","Consultation on the AI Governance Bill in July 2026 was open to industry, academia, civil society and the public through the National AI Office and the Unified Public Consultation portal, but no group holds a standing formal role. Internationally Malaysia is active in ASEAN AI governance work, bilateral AI partnerships and international standards alignment.","Enforcement touching AI occurs only under general communications, online safety and data protection law, with no AI-specific sanctions, authority or audit regime pending the AI Governance Bill.","National AI Roadmap (AI-Rmap 2021-2025), National Guidelines on AI Governance and Ethics (AIGE 2024), Cybersecurity Act 2024, Personal Data Protection (Amendment) Act 2024, Online Safety Act (Act 866, in force 1 January 2026), MY-AI Standards Platform (2026), National AI Action Plan 2026-2030, Cybercrimes Bill 2026 (passed by both Houses July 2026, not yet in operation), proposed AI Governance Bill (public consultation July 2026)",https://ai.gov.my/ | https://www.freemalaysiatoday.com/category/nation/2026/10/05/ai-governance-bill-delayed-to-early-next-year | https://www.bakermckenzie.com/en/insight/publications/2026/07/malaysia-public-consultation-on-the-ai-governance-bill | https://upc.mpc.gov.my/view-consultation/264 | https://www.thestar.com.my/news/nation/2026/09/10/ai-governance-bill-expected-to-be-tabled-in-parliament-by-q1-2027-at-the-latest-says-gobind,2026-10-06,medium
Maldives,"Maldives has no binding AI-specific legislation; the National AI Masterplan 2025–2035, announced by President Mohamed Muizzu in October 2024 and recommended for finalisation by the UNESCO AI Readiness Assessment Report of 31 July 2025, is still in draft. Legislative activity in 2026 under the Maldives 2.0 agenda covers data protection, digital identity and digital transformation rather than AI systems, leaving AI addressed only incidentally through general digital and media law.","The instruments used are strategy drafting, international ethics alignment and capacity-building ventures such as the Maldives AI Lab created with Bank of Maldives in 2026. No binding AI instrument, regulatory sandbox, AI procurement rule or body with a statutory AI mandate exists.","AI governance is centralised in the Ministry of Homeland Security, Labour and Technology, executed by the Maldives Digital Service and the state-owned Maldives Innovation and Digital Company (MINDCo). Coordination with other agencies has been project-based through the UNESCO readiness assessment, and no subnational or independent-review layer exists.","Engagement has been driven by UNESCO's readiness assessment, which drew in government agencies, academics and some stakeholders, and by a public-private AI Lab with Bank of Maldives. Domestic industry and civil society hold no standing formal role in AI policymaking.","Nothing in Maldivian law creates AI obligations to enforce, and no authority has opened an AI case or conducted AI audits.","National AI Masterplan 2025–2035 (draft, announced 2024), UNESCO AI Readiness Assessment Report for Maldives (2025), Maldives Communications Authority / ICT Act (2017), Privacy and Personal Data Protection Bill (submitted to the People's Majlis, 2026), Maldives 2.0 Digital Transformation Bill (2026), Digital Identity Bill (2026), Maldives Media and Broadcasting Regulation Act (Act No. 16/2025)",https://www.unesco.org/ethics-ai/en/maldives | https://www.unesco.org/en/articles/maldives-concludes-south-asias-first-ai-readiness-assessment-report-launched | https://presidency.gov.mv/Press/Article/36043 | https://www.bankofmaldives.com.mv/articles/894/mindco-to-establish-ai-and-data-competency-centre-with-bml-as-strategic-partner | https://regulations.ai/regulations/RAI-MV-NA-NAM2XXX-2024,2026-10-06,medium
Mali,"Mali's only AI-specific legal text is Ordonnance n°2023-022/PT-RM of 4 August 2023 creating the Centre d'Intelligence Artificielle et de Robotique du Mali (CIAR-Mali) as a public scientific and technological establishment, ratified by the Conseil national de Transition in October 2023 and implemented by a decree on the centre's organisation and functioning. That text establishes a training and research body and imposes no obligations on AI developers or users, and no AI bill, decree or regulation governing AI systems has been tabled. General law, chiefly Loi n°2013-015 of 21 May 2013 on personal data protection, contains no provision written for AI.","Policy action runs through institution-building and public investment rather than regulation: CIAR-Mali, created by ordinance in 2023, received a CFA 3.3 billion campus inaugurated in September 2026 and begins degree training in AI, robotics and data science. The government also decided in April 2026 to hold an annual national AI forum, while the Politique Nationale de Développement de l'Économie Numérique validated in October 2024 provides the broader digital framework without AI-specific guidance or standards.","AI matters are handled executively by transition-government ministries, with the Ministry of Higher Education and Scientific Research supervising CIAR-Mali and the Ministry of Communication and Digital Economy owning digital policy; no AI regulator exists. Regional and local authorities have no role, and courts and independent bodies have not reviewed AI measures.","Involvement is state-led and narrow: public research and training institutions carry AI activity, industry and diaspora experts are to be convened through an annual national AI forum announced in April 2026, and domestic civil society has no formal channel. International engagement runs through the Alliance des États du Sahel and UN membership rather than AI-specific governance processes, Mali being suspended from the African Union and outside ECOWAS.","AI is unenforced in Mali: no AI-specific obligations, penalties, enforcement authority or audit programme exist, and only the data protection regime offers incidental reach.","Ordonnance n°2023-022/PT-RM du 04 août 2023 portant création du Centre d'Intelligence Artificielle et de Robotique du Mali (2023), Décret n°2023-0420/PT-RM fixant l'organisation et les modalités de fonctionnement du CIAR-Mali (2023), Loi n°2013-015 du 21 mai 2013 portant protection des données à caractère personnel (2013, amended 2017), Politique Nationale de Développement de l'Économie Numérique (2024)",https://sgg-mali.ml/JO/2023/mali-jo-2023-20-2.pdf | https://sgg-mali.ml/JO/2013/mali-jo-2013-26.pdf | https://fr.apanews.net/security/mali-un-centre-public-dintelligence-artificielle-inaugure-pres-de-bamako/ | https://www.wearetech.africa/en/fils-uk/news/tech/mali-invests-5-7-million-in-ai-and-robotics-training-center | https://communication.gouv.ml/,2026-10-06,medium
Malta,"Malta's binding framework is the EU AI Act, operationalised nationally by Legal Notice 226 of 2025 (Artificial Intelligence Regulations) and Legal Notice 227 of 2025 designating the Information and Data Protection Commissioner. Prohibitions, general-purpose AI duties, AI literacy and Article 50 transparency obligations apply, while stand-alone high-risk obligations were pushed to 2 December 2027 by the Digital Omnibus on AI (Regulation (EU) 2026/1744). Coverage is horizontal and cross-sectoral, with the national sandbox and high-risk supervision still being built out.","Malta combines the EU AI Act with two 2025 legal notices allocating supervisory roles, MDIA voluntary certification and guidance, and the regulator-issued AI Gaming Charter. Economic levers include the Technology Assurance Sandbox, Digital Europe-funded AI pilots and a €100 million digitalisation allocation in the 2026 Budget, but no AI-specific procurement rules or operating AI Act sandbox.","Governance rests on a dual-authority model: MDIA as default market surveillance authority, notifying authority and single point of contact, and the IDPC for data-sensitive and fundamental-rights-related high-risk systems, with statutory coordination toward the MFSA and MGA. No sub-national tier regulates AI, and independent review of AI decisions has not yet been exercised.","Industry and academia engage through MDIA and MGA consultations, certification schemes and strategy workstreams, while civil society has no standing formal role. Internationally Malta is a Council of Europe AI convention signatory, an EU AI Board member and, since February 2026, a GPAI member.","Penalties are legislated and authorities designated, but no AI-specific enforcement decision or monitoring report has been published since the AI Act began applying on 2 August 2026.","EU AI Act / Regulation (EU) 2024/1689 (2024), Digital Omnibus on AI / Regulation (EU) 2026/1744 (2026), Artificial Intelligence Regulations – Legal Notice 226 of 2025 (S.L. 591.05), Artificial Intelligence (Designation of the Information and Data Protection Commissioner for the purposes of Regulation (EU) 2024/1689) Regulations – Legal Notice 227 of 2025, Malta Digital Innovation Authority (Amendment) Act XIX (2024), Malta Digital Innovation Authority Act (Cap. 592, 2018), The Ultimate AI Launchpad: A Strategy and Vision for Artificial Intelligence in Malta 2030 (2019), MGA–MDIA AI Gaming Charter (2026)",https://mdia.gov.mt/services/artificial-intelligence/ | https://www.gov.mt/en/Government/DOI/Press%20Releases/Pages/2026/02/13/PR260241en.aspx | https://chambers.com/articles/malta-s-ai-act-framework-the-new-roles-of-the-mdia-and-idpc | https://www.mondaq.com/new-technology/1691634/maltas-ai-act-framework-the-new-roles-of-the-mdia-and-idpc | https://gtg.com.mt/malta-takes-the-next-step-in-ai-regulation/,2026-10-06,high
Marshall Islands,"The Republic of the Marshall Islands has no AI-specific legislation in force or in the legislative process. Technology-related statutes on the Nitijela register are general in character: the Cybercrimes Act 2025 (31 MIRC Ch. 5) criminalises computer-related forgery and offences involving adapted or modified depictions without naming artificial intelligence, and there is no general personal data protection law or data protection authority. Leaders endorsed regional AI principles in September 2026, but nothing binding has followed domestically.","The only AI policy instrument touching the Marshall Islands is the regional Pacific Digital and Artificial Intelligence Technology Principles endorsed by Forum Leaders in September 2026, a high-level statement with no domestic implementing measure. Government digital activity is concentrated on connectivity and cybersecurity, with no AI funding, procurement rules, sandbox or dedicated institutional capacity.","Governance is highly centralized in a small-state executive, with the Ministry of Transportation, Communications and Information Technology leading digital matters and no AI remit assigned anywhere. Neither local councils nor courts nor independent review bodies have engaged with AI.","Domestic AI governance involves no structured participation by industry, civil society or academia because no national process has been established. External engagement is at declaration level: co-sponsorship of the 2024 UN General Assembly resolution on safe, secure and trustworthy AI, remote accession to the Lagatoi Declaration on Digital Transformation of the Pacific in 2023, and endorsement of the Pacific Digital and Artificial Intelligence Technology Principles in 2026.","AI is not enforced against in any form; only generic Cybercrimes Act 2025 penalties could reach AI-assisted offences, and no authority, action or monitoring exists.","Pacific Digital and Artificial Intelligence Technology Principles (2026, regional instrument endorsed by the Republic of the Marshall Islands at the Fifty-Fifth Pacific Islands Forum), Cybercrimes Act 2025 (31 MIRC Ch. 5, general cybercrime law with no AI provision)",https://rmiparliament.org/cms/images/LEGISLATION/PRINCIPAL/2025/2025-0040/2025-0040_1.pdf | https://forumsec.org/sites/default/files/2026-09/55PIFLM%20Communique.pdf | https://www.dataguidance.com/jurisdiction/marshall-islands | https://www.rmiparliament.org | https://pina.com.fj/2026/09/06/pacific-leaders-set-ai-rules-push-stronger-digital-connectivity/,2026-10-06,medium
Mauritania,"Mauritania governs AI through the National Artificial Intelligence Strategy of Mauritania 2024-2029, prepared by the Ministry of Digital Transformation, Innovation and Modernization of Administration, which sets five priorities including data governance and ethical AI but creates no obligations. No AI-specific statute, decree or regulation is in force or before the National Assembly, and Law No. 2017-020 on the protection of personal data addresses automated processing without any AI-specific provision.","Policy action is limited to the National AI Strategy 2024-2029 and donor-funded capacity building, notably the expansion of the $60 million Mauritanian component of the West Africa Regional Digital Integration Program to AI data infrastructure, skills and sectoral deployment agreed with the World Bank in June 2026. No AI-specific binding instrument, published guidance, regulatory sandbox or AI procurement rule exists, and AI work sits inside a ministry without a statutory AI mandate.","AI governance is concentrated in one ministry, with implementation support from the World Bank, and no sectoral regulator, interministerial committee or independent review body involved. Regional and local authorities have no role, and the data protection authority under Law No. 2017-020 is not independently structured.","Engagement is government-led and episodic: ministry events around the National AI Strategy drew universities and firms, and an AI advocacy initiative in Nouakchott campaigns publicly without a formal seat. International involvement consists of attendance at the Paris AI Action Summit and African Union frameworks rather than treaty or standards work.","Nothing AI-specific is enforced, since the only binding exposure is the general penalty regime of the personal data protection law and no body has been given an AI remit.","National Artificial Intelligence Strategy of Mauritania 2024-2029 (2024), Law No. 2017-020 on the Protection of Personal Data (2017)",https://mtnima.gov.mr/sites/default/files/Mauritani%20AI%20Strategy%20Draft%20April-2024.pdf | https://oecd.ai/en/dashboards/policy-initiatives/national-artificial-intelligence-strategy-of-mauritania-2024-2029 | https://dig.watch/countries/mauritania | https://www.ecofinagency.com/news-digital/0906-56294-mauritania-expands-digital-development-program-to-include-ai-with-world-bank-support | https://dataprotection.africa/mauritania/,2026-10-06,medium
Mauritius,"Mauritius has no horizontal binding AI legislation; the National AI Strategy 2025-2029 and the FAIR Guidelines launched on 10 April 2026 are explicitly non-binding. The only binding AI-specific instrument remains the Financial Services (Robotic and Artificial Intelligence Enabled Advisory Services) Rules 2021, supplemented by the Financial Services Commission's non-binding Fintech Series Guidance Notes No. 4 on the Responsible Use of Artificial Intelligence in Financial Services of September 2025. The Data Protection Act 2017 applies to AI only incidentally, and the Economic and Financial Measures (Miscellaneous Provisions) Act 2026 addresses AI through an investment scheme rather than conduct rules.","Policy runs mainly through soft law and fiscal incentives: the National AI Strategy 2025-2029 and FAIR Guidelines developed with UNDP support, FSC guidance for financial services, and budget measures including the Public Sector AI Programme, start-up tax deductions and the AI City Scheme legislated in August 2026. Institutional capacity rests on a newly created ministerial AI Unit without statutory powers alongside the National Computer Board, the Data Protection Office and the FSC.","Governance combines a central ministerial AI Unit at MITCI with sectoral regulators, principally the Financial Services Commission for AI in non-bank finance and the Data Protection Office for data aspects. There is no sub-national tier, and independent review of AI has not been exercised by courts or the ombudsman.","The National AI Strategy 2025-2029 and FAIR Guidelines emerged from one-off multi-stakeholder consultations involving industry, start-ups, academia and civil society rather than standing advisory bodies. International engagement runs through UNDP cooperation and African Union and Smart Africa membership.","Enforcement capacity exists only in financial services through the FSC's licensing and sanctioning powers, and no AI-specific action or audit has been made public.","National AI Strategy (2018), Data Protection Act (2017), Financial Services (Robotic and Artificial Intelligence Enabled Advisory Services) Rules (2021), Digital Transformation Blueprint 2025-2029, FSC Fintech Series Guidance Notes No. 4 on the Responsible Use of Artificial Intelligence in Financial Services (2025), National AI Strategy 2025-2029, FAIR Guidelines (2026), Economic and Financial Measures (Miscellaneous Provisions) Act 2026 (AI City Scheme)",https://mitci.govmu.org/mitci/national-ai-strategy-and-fair-guidelines-unveiled-to-position-mauritius-as-a-high-tech-innovation-driven-economy/ | https://www.undp.org/mauritius-seychelles/press-releases/mauritius-launches-national-ai-strategy-and-fair-guidelines-supported-undp | https://www.fscmauritius.org/media-corner/communiques-press-releases | https://edbmauritius.org/newsroom/budget-2025-2026-artificial-intelligence | https://www.polity.org.za/article/an-ai-city-and-a-golden-visa-mauritius-opens-two-new-doors-to-foreign-capital-2026-07-31,2026-10-06,medium
Mexico,"No general AI law is in force: the Ley Nacional para Regular el Uso de la Inteligencia Artificial (11 February 2026) and the Senate Science and Technology Committee's draft general AI law announced on 30 April 2026 remain in committee. Binding AI provisions exist only inside adapted general law—the 14 May 2026 reforms to the Ley Federal del Trabajo and Ley Federal del Derecho de Autor against voice and image cloning, and the 2025 LFPDPPP rules on automated decision-making—supplemented by Instituto Nacional Electoral guidelines restricting AI and deepfakes in electoral propaganda.","Mexico relies mainly on programmatic and soft-law levers—the Plan Nacional de Inteligencia Artificial 2026, Principios Chapultepec and the ATDT's AI Factory and training school—with one enacted AI-specific binding reform in labour and copyright law. No body holds statutory AI compliance powers and no AI procurement rules or regulatory sandbox exist.","AI oversight is dispersed across the ATDT, the Secretaría Anticorrupción y Buen Gobierno, telecom, financial and consumer regulators and the autonomous INE, coordinated informally rather than through a statutory mechanism. States legislate on AI independently of any federal framework, and electoral courts have directly compelled AI rulemaking.","Industry and academia feed into AI policy through Senate roundtables, UNAM forums and the Agenda Nacional de Inteligencia Artificial 2024-2030, while domestic civil society is consulted only occasionally and was not built into the Plan Nacional de Inteligencia Artificial 2026. International engagement runs through the Santiago Declaration and OECD AI forums rather than binding treaties.","Penalties reach AI conduct through copyright, labour, data protection and electoral rules, but no AI enforcement authority, published AI sanction decision or systematic auditing regime exists.","Reformas a la Ley Federal del Trabajo y a la Ley Federal del Derecho de Autor en materia de inteligencia artificial (2026), Ley Federal de Protección de Datos Personales en Posesión de los Particulares (2025), Ley Federal de Telecomunicaciones y Radiodifusión (2025), Plan Nacional de Inteligencia Artificial (2026), Principios Chapultepec (2026), Propuesta de Agenda Nacional de Inteligencia Artificial 2024-2030, Lineamientos y principios para el desarrollo estratégico y uso regulado de la inteligencia artificial en el Instituto Nacional Electoral (INE/JGE175/2025), Ley Nacional para Regular el Uso de la Inteligencia Artificial (draft, 2026)",https://www.itmastersmag.com/servicios/regulacion-inteligencia-artificial-mexico-lft-lfda/ | https://repositoriodocumental.ine.mx/xmlui/bitstream/handle/123456789/184916/JGEor202508-20-ap-5-2.pdf | https://centralelectoral.ine.mx/2026/09/03/ine-modifica-lineamientos-para-proteger-a-infancias-contra-mal-uso-de-la-y-deepfakes/ | https://cms.law/en/int/expert-guides/ai-regulation-scanner/mexico | https://www.infobae.com/mexico/2026/04/30/desde-comision-del-senado-impulsan-iniciativa-de-ley-para-regular-el-uso-de-inteligencia-artificial-en-mexico/,2026-10-06,medium
Micronesia,"The Federated States of Micronesia has no AI-specific legislation, no binding AI rules, and no formal AI governance framework in force or under active consideration as of mid-2026. The country remains focused on foundational connectivity and digital infrastructure challenges rather than AI regulation.","No binding AI instruments, soft-law guidance, economic tools such as sandboxes or AI-focused funding programs, or dedicated institutional bodies for AI policy exist in Micronesia.","There is no AI governance structure of any kind; no regulatory body, inter-agency coordination mechanism, subnational role, or nongovernmental check on AI has been established.","No structured engagement with industry, civil society, or academia on AI policy exists domestically; Micronesia has limited participation in international AI governance forums as a UN member and party to some broader Pacific regional dialogues, placing it marginally above complete absence on the international dimension.","There is no AI enforcement framework, no designated authority, no penalties defined, and no monitoring or auditing activity of any kind.",,https://www.gov.fm|https://oecd.ai/en/dashboards/countries/Micronesia,2026-09-01,low
Moldova,"Moldova has no dedicated AI law; the only binding rules written for AI are the Framework Regulation on Academic Integrity in Higher Education Institutions approved on 24 June 2026, which defines unauthorised use of generative AI as misconduct and requires students to declare AI use, together with the Ministry of Education and Research anti-plagiarism methodological standards. Law No. 195/2024 on Personal Data Protection, in force since 23 August 2026, applies to AI only indirectly, and the Council of Europe Framework Convention on AI (CETS No. 225) remains signed but unratified. The National Programme on Artificial Intelligence and Data Management 2026–2030 and Central Electoral Commission amendments covering AI in online campaigns are still drafts.","Policy runs through soft instruments and funding: the 2024 White Paper on Data Management and Artificial Intelligence, the draft National Programme on Artificial Intelligence and Data Management 2026–2030 consulted publicly to 12 May 2026, the Moldova AI Hub consortium, and the EU-funded FAIMA AI antenna. Institutional machinery consists of the Ministry of Economic Development and Digitalization and the consultative Sub-Council for Artificial Intelligence and Applied Research, neither holding AI compliance powers.","Governance is centralised in the Ministry of Economic Development and Digitalization, with the Ministry of Education and Research owning academic AI rules, the National Centre for Personal Data Protection owning data issues, and the Central Electoral Commission drafting rules on AI in online campaigning. Coordination runs through the Sub-Council for Artificial Intelligence and Applied Research; there is no subnational tier and no judicial or ombudsman practice on AI.","The Sub-Council for Artificial Intelligence and Applied Research and the Moldova AI Hub consortium give industry, universities, United Nations agencies and civil society standing consultative roles alongside ministries. Internationally, Moldova signed but has not ratified the Council of Europe Framework Convention on Artificial Intelligence, aligns with the EU acquis as an accession candidate, and completed the UNESCO Readiness Assessment Methodology.","Enforcement is nominal: sanctions exist only for unauthorised AI use in universities, no authority holds an AI mandate, and no AI-specific decision has been published.","White Paper on Data Management and Artificial Intelligence (2024), Framework Regulation on Academic Integrity in Higher Education Institutions (2026), Methodological Anti-Plagiarism Standards for Higher Education Institutions (2026), Law No. 195/2024 on Personal Data Protection (in force 23 August 2026), Council of Europe Framework Convention on Artificial Intelligence and Human Rights, Democracy and the Rule of Law (CETS No. 225) – signature 2024, draft National Programme on Artificial Intelligence and Data Management 2026–2030, National Smart Specialisation Programme ""Smart Moldova"" 2024–2027 (Government Decision No. 588/2024)",https://media-azi.md/en/euexplained-artificial-intelligence-what-we-have-what-needs-to-be-changed-whats-next/ | https://mecc.gov.md/en/node/17118 | https://eufordigital.eu/moldova-launches-special-body-to-align-the-national-ai-ecosystem/ | https://www.unesco.org/ethics-ai/en/global-hub/republic-moldova | https://eu4moldova.eu/en/more-control-over-your-personal-data-what-moldovas-new-data-protection-law-means-for-citizens/,2026-10-06,medium
Monaco,"Monaco has no AI statute in force; AI is reached only through Law No. 1.565 of 3 December 2024 on the protection of personal data, enforced by the Autorité de Protection des Données Personnelles. Two AI-relevant texts are in the legislative pipeline: Projet de loi n° 1.087 on video protection and remote biometric identification, which expressly builds on artificial-intelligence image processing and was still awaiting debate in 2026, and Proposition de loi n° 281 on online hate content, adopted by the Conseil National on 29 June 2026, which defines deepfakes.","Policy runs through non-binding strategy and state-funded digital programmes: Extended Monaco (2019), Extended Monaco Enterprises with Digital FlashUp, and sovereign cloud infrastructure. The reorganisation of state digital services into the Délégation Interministérielle au Numérique on 2 October 2026 gives a ministry-level unit responsibility for an administration AI strategy, while the APDP's statutory powers remain confined to personal data.","Governance is highly centralised: the Prince's Government sets digital policy through the Délégation Interministérielle au Numérique, and the APDP is the only independent authority with powers touching AI. Judicial review before the Tribunal Suprême and institutional opinions on the biometric identification bill provide the only external checks.","Participation is government-led, with business involvement channelled through the Extended Monaco Enterprises programme and no formal seats for civil society or universities. International engagement runs through Council of Europe data protection instruments rather than AI-specific treaties or summits.","Enforcement touching AI occurs only under personal data law through the APDP, with no AI-specific sanction, audit or published decision.","Law No. 1.565 on the Protection of Personal Data (2024), Act No. 1.566 approving ratification of the Protocol amending Convention 108 (2024), Law No. 1.383 for a Digital Principality (2011, as amended), Projet de loi n° 1.087 on video protection and remote biometric identification (pending before the Conseil National), Proposition de loi n° 281 on strengthening measures against online hate content (adopted by the Conseil National, 2026), Sovereign Ordinance creating the Délégation Interministérielle au Numérique (2026), Extended Monaco digital transformation programme (2019)",https://www.gouv.mc/actualites/le-gouvernement-princier-reorganise-la-fonction-numerique-de-l-etat | https://legimonaco.mc/projet/1.087/ | https://www.conseil-national.mc/2026/06/30/n281-proposition-de-loi-relative-au-renforcement-des-moyens-de-lutte-et-de-prevention-contre-les-contenus-haineux-en-ligne-2/ | https://en.gouv.mc/Policy-Practice/A-Modern-State/Protection-of-personal-data | https://cms.law/en/mco/publication/the-new-monegasque-data-protection-law,2026-10-06,medium
Mongolia,"Mongolia governs AI through policy rather than law: the National Strategy on Big Data and Artificial Intelligence was adopted by Government Resolution No. 108 in September 2025 alongside the Digital First policy, and 2026 was declared the Year of Big Data and AI. No binding AI-specific instrument is in force; a Law on Artificial Intelligence is being drafted jointly by the Ministry of Digital Development, Innovation and Communications and the Ministry of Justice and Home Affairs but has not reached the State Great Khural. AI use is reached only by general law, principally the Law on Personal Data Protection (2021).","Policy runs on non-binding levers: an adopted national AI strategy, a Digital First policy, skills and infrastructure programs including the Oracle training partnership and a planned GPU-cluster AI Centre. Institutional work sits with the ministry's Big Data and Artificial Intelligence Department and the new National Council on Artificial Intelligence, neither of which has a legal mandate to impose obligations; no regulatory sandbox or AI procurement rules operate.","AI governance is centralized in the Ministry of Digital Development, Innovation and Communications, with a cross-ministry National Council on Artificial Intelligence created in 2026 and a parliamentary group on AI and big data active since August 2024. Sub-national authorities and independent review bodies play no part in shaping AI rules.","Strategy development drew structured but ad hoc input from industry, academia and civil society through UNDP-facilitated workshops and the February 2025 national conference, with no standing statutory consultative bodies. International engagement runs through UNDP, the Oxford Global Cyber Security Capacity Centre, the United Kingdom and a corporate partnership with Oracle rather than binding AI treaties.","No AI enforcement exists: there are no AI-specific obligations, penalties, enforcement decisions or audits, and oversight is limited to one-off readiness assessments.","National Strategy on Big Data and Artificial Intelligence (2025, Government Resolution No. 108), Digital First policy (2025), Digital Nation Strategy, Law of Mongolia on Personal Data Protection (2021), Five-Year Development Guidelines of Mongolia for 2026-2030 (2025), draft Law on Artificial Intelligence (in preparation, 2025-2026)",https://www.dlapiperdataprotection.com/index.html?t=law&c=MN | https://mongolia.gov.mn/news/view/27737 | https://www.montsame.mn/en/read/369839 | https://gcscc.ox.ac.uk/article/reviewing-impacts-national-ai-readiness-assessments-lessons-mongolia | https://www.ipu.org/impact/democracy-and-strong-parliaments/artificial-intelligence/parliamentary-actions-ai-policy,2026-10-06,medium
Montenegro,"No AI-specific binding instrument is in force, and the National AI Strategy 2026-2030 with its 2026 Action Plan is still being drafted by the Working Group coordinated by the Ministry of Public Administration. The Ministry of Justice has announced separate legislation on the misuse of AI, drafted with Italian assistance, with no text before Parliament. Personal data protection, copyright and criminal law apply to AI only incidentally.","Montenegro works exclusively through soft and economic instruments: the UNDP assessment, the strategy drafting process, MontEDIH, EuroCC/NCC high-performance computing support and donor-funded AI infrastructure for the judiciary. No binding AI instrument, compliance guidance or regulatory sandbox exists, and no body holds a legal AI mandate.","Policy is centralised in the Ministry of Public Administration, with the Ministry of Justice recently taking the lead on criminal-law aspects of AI misuse and the Agency for Personal Data Protection covering data issues under general law. Coordination is through an ad hoc strategy working group, there is no subnational role, and independent review of AI occurs only incidentally.","Industry, academia and civil society participate through consultative sessions and thematic workshops of the AI Strategy Working Group rather than standing statutory roles. Internationally Montenegro is a signatory of the Council of Europe Framework Convention on Artificial Intelligence and participates in Council of Europe expert committee work, EU Digital Europe programmes and UNDP cooperation.","Nothing AI-specific is enforced: sanctions reach AI only through data protection and criminal law, no AI enforcement decision has been issued, and oversight is limited to a single donor-supported readiness study.","Personal Data Protection Law (2008, amended 2024, Official Gazette Nos. 79/2008 and 77/2024), Personal Data Protection Act (2023), Criminal Code of Montenegro, Copyright and Related Rights Act, Digital Transformation Strategy 2022-2026, Education Reform Strategy 2025-2035, Council of Europe Framework Convention on Artificial Intelligence and Human Rights, Democracy and the Rule of Law (CETS No. 225, signed 2025), draft National Artificial Intelligence Strategy 2026-2030 with Action Plan for 2026",https://www.coe.int/en/web/portal/-/montenegro-signs-council-of-europe-framework-convention-on-artificial-intelligence | https://rtcg.me/vijesti/drustvo/856811/bozovic-u-pripremi-novi-zakonski-okvir-kojim-ce-se-regulisati-zloupotreba-vjestacke-inteligencije.html | https://eurocc.udg.edu.me/2026/03/30/ncc-montenegro-contributes-to-the-development-of-the-national-ai-strategy-2026-2030/ | https://www.undp.org/sites/g/files/zskgke326/files/2025-05/eng_undp-aila_montenegro.pdf | https://balkaninsight.com/2026/09/21/in-montenegro-ai-is-helping-with-schoolwork-but-what-are-the-rules/bi/,2026-10-06,medium
Morocco,"Morocco's only binding AI rules sit inside electoral law: Organic Law 53.25 amending Organic Law 27.11 introduced article 51-bis penalising dissemination of falsified or AI-generated content and banning electoral material on AI tools on polling day, and HACA's Superior Council decision 50-26 of 16 June 2026 prohibits deceptive AI-generated electoral content and requires permanent labelling of AI-generated broadcast material. Outside elections, AI is governed by general law — Law No. 09-08 on personal data applied by the CNDP and Law No. 05-20 on cybersecurity applied by the DGSSI. The cross-sector Digital X.0 framework law remains under review at the General Secretariat of the Government and the bill creating a National AI Agency has not been adopted.","Policy is driven by soft instruments — the Maroc IA 2030 roadmap, the Maroc Digital 2030 strategy, CNDP and HACA election guidance — supported by funded skills, research and infrastructure programmes such as the JAZARI ROOT Institute. Binding levers are confined to the electoral AI provisions, and no institution yet holds a statutory AI compliance mandate.","Governance is centralised in the Ministry of Digital Transition and Administrative Reform, with CNDP, HACA and DGSSI exercising AI-relevant powers inside their own remits and coordination handled case by case during drafting of the Digital X.0 law. No sub-national authority has any role, and judicial and independent oversight of AI is occasional, visible in the election-related prosecutions and in CNDH interventions.","Industry and universities are consulted through conferences, roadmap workshops and JAZARI ROOT Institute agreements, while domestic civil society is engaged only sporadically. International engagement is the most developed channel, spanning the UNESCO ethics recommendation, African Union continental AI work and bilateral digital partnerships with the EU, France and Gulf states.","Enforcement reaches AI only through election-period rules carrying criminal penalties and HACA content monitoring, plus CNDP action under Law No. 09-08, with no dedicated AI authority or published AI-specific sanction decisions.","Organic Law No. 53.25 amending Organic Law No. 27.11 on the Election of Members of the House of Representatives (2026), HACA Superior Council of Audiovisual Communication Decision No. 50-26 (2026), Law No. 09-08 on the Protection of Individuals with Regard to the Processing of Personal Data (2009), Law No. 05-20 on Cybersecurity (2020), Digital X.0 Framework Law (draft, 2025), Maroc IA 2030 National AI Roadmap (2026), Maroc Digital 2030 Strategy (2024), Bill for the Establishment of the National Agency for Artificial Intelligence (2024, retabled 2026)","https://www.lebrief.ma/elections-legislatives-fraude-organisee-100160832/ | https://www.lebrief.ma/elections-2026-la-haca-publie-un-guide-pour-garantir-le-pluralisme-politique-dans-les-medias-100161506/ | https://www.village-justice.com/articles/construction-droit-maroc,58914.html | https://www.moroccoworldnews.com/2026/01/274765/morocco-launches-maroc-ia-2030-roadmap-to-strengthen-ai-governance-digital-sovereignty/ | https://www.lebrief.ma/projet-loi-agence-nationale-ia-100156120/",2026-10-06,medium
Mozambique,"Mozambique's only binding AI-specific instrument is Decree No. 14/2026 of 17 April 2026, which creates the National Commission for Artificial Intelligence (CNIA) as a consultative and technical advisory body reporting to the Council of Ministers; it imposes no duties on developers or users of AI. The National AI Strategy (ENIA) remains a draft after public consultation from 4 May to 4 June 2026 and continued stakeholder engagement through October 2026, and the Ministry of Education and Culture is drafting rules on AI in education for submission to the Council of Ministers before the end of 2026. The Cybersecurity Law and Cybercrime Law approved in 2026 and the Personal Data Protection Bill approved by the Council of Ministers on 3 March 2026 contain no AI-specific provisions.","Policy is driven by one institutional decree (Decree No. 14/2026), a draft national strategy, and donor-backed experimentation, with ITU support for a national AI regulatory sandbox and a health-sector sandbox agreed with the Instituto Nacional de Saúde but not yet operating. INTIC leads delivery with UNESCO, ITU, the European Union, the African Union and the World Bank, while CNIA provides advice rather than compliance powers.","Governance is centralized in INTIC under the Ministry of Communications and Digital Transformation, with CNIA providing decree-based interministerial coordination directly under the Council of Ministers. Provincial structures participate only through consultation, and no independent or judicial body reviews AI decisions.","Participation is consultative and episodic: industry, civil society and academia contributed to the ENIA public consultation and provincial workshops, and the Mozambican AI Association (AMIA) was launched in August 2026 without a formal policy role. Internationally the country works with UNESCO, ITU, the European Union, the African Union and the World Bank, and joined the World AI Cooperation Organization as a founding member.","No AI-specific obligation, penalty or enforcement action exists, and oversight is limited to INTIC's general ICT remit and CNIA's advisory opinions.","Decreto n.º 14/2026, de 17 de Abril – Cria a Comissão Nacional de Inteligência Artificial (CNIA) (2026), Estratégia Nacional de Inteligência Artificial / National AI Strategy – ENIA (draft, 2026), Cybersecurity Law (2026), Cybercrime Law (2026), Proposta de Lei do Regime Jurídico de Protecção de Dados Pessoais (bill before Parliament, 2026), Electronic Transactions Law No. 3/2017, Decree No. 71/2025 – Data Centers Regulations, Decree No. 70/2025 – Cloud Computing Regulations",https://intic.gov.mz/sectorial/ | https://lexafrica.com/2026/06/mozambique-ai-commission/ | https://intic.gov.mz/consulta-publica-da-proposta-da-estrategia-nacional-de-inteligencia-artificial/ | https://intic.gov.mz/itu-aprova-apoio-ao-estabelecimento-do-sandbox-regulatorio-de-inteligencia-artificial-em-mocambique/ | https://iafrica.com/mozambique-drafts-ai-rules-for-schools-and-universities-due-at-cabinet-before-year-end/,2026-10-06,medium
Myanmar,"Myanmar has no AI-specific legislation in force and none in the legislative process; the National AI Strategy (2025-2030) and National AI Policy drafted by the Ministry of Science and Technology since 2025 remain unpublished and unadopted. Cybersecurity Law No. 1/2025, in force since 30 July 2025, defines artificial intelligence and licenses digital platforms and cybersecurity service providers, but imposes no duty on AI developers or deployers. Regional assessments place Myanmar, with Cambodia and Lao PDR, among ASEAN members without a dedicated national AI strategy or agency.","Policy action is confined to a ministry-led drafting process and announced university research centres; no AI-specific binding instrument, published guidance, regulatory sandbox or AI procurement rule exists. Institutional work sits inside the Ministry of Science and Technology without statutory powers over AI.","AI policy is centralized in one ministry under an executive dominated by the military leadership, with coordination limited to occasional drafting meetings. Regions and states play no part, and no independent or judicial check on AI-related policy operates.","Engagement is government-internal, with limited industry and university presence at drafting meetings and donor-run training, and civil society excluded. International involvement runs through ASEAN soft-law alignment and bilateral cooperation with China rather than treaty or standards bodies; reported founding membership of the World Artificial Intelligence Cooperation Organization is not officially confirmed.","Enforcement touching AI is limited to general cybersecurity and platform licensing powers, with no AI-specific obligation, authority, case or monitoring.","Cybersecurity Law No. 1/2025, draft National AI Strategy (2025-2030) and National AI Policy, Digital Economy Development Master Plan (2021-2025)",https://www.tilleke.com/insights/myanmar-cybersecurity-law-takes-effect/ | https://english.news.cn/20250219/7be9255fc3b14a1796ae6919a693b171/c.html | https://www.iseas.edu.sg/wp-content/uploads/2026/01/ISEAS-Perspective_2026_13.pdf | https://www.mofa.gov.mm/en/joint-statement-of-the-republic-of-the-union-of-myanmar-and-the-peoples-republic-of-china-on-accelerating-the-building-of-a-china-myanmar-community-with-a-shared-future-17-june-2026/ | https://www.gnlm.com.mm/ai-driven-innovation-centres-set-for-key-universities/,2026-10-06,medium
Namibia,"Namibia has no binding AI-specific instrument; the Artificial Intelligence Readiness Assessment Report (2025) confirms the absence of AI legislation, and the Ministry of Information and Communication Technology has stated an Artificial Intelligence Act is being developed but not yet tabled. The draft National Artificial Intelligence Strategy, prepared by the National Commission on Research, Science and Technology with UNESCO, the United Nations Development Programme and the Konrad-Adenauer-Stiftung, was at national validation stage in September 2026. AI-related harms such as deepfake scams are handled through general communications and criminal law and public advisories rather than AI-written rules.","Policy action runs through non-binding diagnostics and institution-building: the Artificial Intelligence Readiness Assessment Report (2025), a draft National Artificial Intelligence Strategy, and the National Artificial Intelligence Institute launched on 23 September 2026 with centres for research, software development, innovation and data. There is no AI-specific binding instrument, regulatory sandbox, or AI procurement rule, and the Institute holds a research and skills remit rather than compliance powers.","Governance is centralised in national bodies: the Ministry of Information and Communication Technology on digital policy and legislation, the National Commission on Research, Science and Technology hosting the National Artificial Intelligence Institute, and the Communications Regulatory Authority of Namibia on communications matters, with coordination that the national readiness assessment describes as fragmented. Regional and local government play no AI role, and no court or independent oversight body has shaped AI rules.","Consultation is episodic and workshop-based: the 2023 UNESCO ethics engagement with over 80 participants from government, academia, civil society and the private sector, the 2025 Readiness Assessment launch, the 215-expert strategy process, and industry meetings including Deloitte & Touche Namibia. International engagement is the strongest channel, through the UNESCO Recommendation on the Ethics of AI, the ITU AI for Good Global Commission, African Union and SADC processes and the Smart Africa Alliance.","With no AI-specific obligations in force, enforcement is limited to general communications and criminal law applied by the Communications Regulatory Authority of Namibia and Nam-CSIRT, alongside public awareness work on deepfakes and AI-enabled scams.","Artificial Intelligence Readiness Assessment Report (2025), draft National Artificial Intelligence Strategy (2026), National Digital Strategy, Cybercrime Bill (2026, draft), Data Protection Bill (draft), Communications Act (2009), National Digital Economy Roadmap (2022)",https://www.unesco.org/en/articles/namibia-launches-artificial-intelligence-readiness-assessment-report | https://unesdoc.unesco.org/ark:/48223/pf0000394686 | https://www.namibian.com.na/national-ai-institute-launched/ | https://neweralive.na/ncrst-opens-national-ai-institute/ | https://www.cran.na/deepfakes-and-disinformation-awareness/,2026-10-06,medium
Nauru,"Nauru has no AI-specific legislation, bill or national AI strategy; the Nauru National Digital Transformation Strategy 2025-2030 addresses connectivity, digital services, planned data-protection and cybersecurity legislation, without AI provisions. Artificial intelligence is touched only incidentally by the Cybercrime Act 2015 and the Communications and Broadcasting Act 2018, neither of which contains any AI-written rule.","Policy activity is confined to connectivity and e-government delivery under the Nauru National Digital Transformation Strategy 2025-2030, which schedules data-protection, cybersecurity and electronic-transactions legislation rather than AI measures. No AI guidance, funding line, sandbox or mandated institution exists.","Governance is concentrated in a unitary micro-state administration where the Department of Information and Communications Technology leads digital policy alone. No sectoral regulator, sub-national authority or independent review body plays any role in AI.","Domestic AI policy involvement is absent across industry, civil society and academia. Nauru's engagement is through regional and multilateral membership: it joined Pacific Islands Forum Leaders in endorsing the Pacific Digital and Artificial Intelligence Technology Principles in September 2026, which are to feed a regional AI governance framework for consideration in 2027, and it is bound as a UNESCO member to the 2021 Recommendation on the Ethics of Artificial Intelligence.","No AI obligations, penalties, enforcement authority or monitoring arrangements exist in Nauru.","Nauru National Digital Transformation Strategy 2025-2030 (2025), Cybercrime Act 2015, Communications and Broadcasting Act 2018, Pacific Digital and Artificial Intelligence Technology Principles (2026, regional, endorsed by Pacific Islands Forum Leaders)",https://www.nauru.gov.nr/media/204028/nndts_final_version_2025.pdf | https://forumsec.org/sites/default/files/2026-09/55PIFLM%20Communique.pdf | https://pina.com.fj/2026/08/14/pacific-ministers-back-ai-rules-and-safer-digital-spaces-as-connectivity-expands/ | https://aiasiapacific.org/wp-content/uploads/2024/08/The-State-of-Artificial-Intelligence-in-the-Pacific-Islands.pdf | https://www.coe.int/en/web/octopus/-/nau-1,2026-10-06,medium
Nepal,"Nepal governs AI chiefly through the cabinet-approved National Artificial Intelligence (AI) Policy 2082 of August 2025, a non-binding strategy that promises AI legislation and an AI Regulation Council. The only binding AI-written rules sit inside the Election Code of Conduct 2082, in force since 18 January 2026, which prohibits AI-generated misinformation and deepfakes in election campaigning and carries fines and candidacy cancellation. A dedicated AI bill appears in the government's legislative plan for fiscal year 2026-27 and the Ministry of Science, Technology and Innovation has approved a concept paper for an umbrella Science, Technology and Innovation Bill covering AI and robotics, but neither has reached parliament.","Policy action runs through a non-binding national strategy plus a ministry unit: the National AI Policy 2082 and the National AI Center under the Ministry of Communications and Information Technology, joined by the Ministry of Science, Technology and Innovation created in May 2026. Promised levers, including an AI Regulation Council, regulatory sandboxes and provincial AI Excellence Centres, have no legal basis, dedicated budget or operations.","AI governance is concentrated in the Ministry of Communications and Information Technology, which drafted the policy and hosts the National AI Center, with the Election Commission and the new Ministry of Science, Technology and Innovation acting in their own remits. Formal coordination machinery and any provincial role remain on paper, and oversight by courts or independent bodies is limited to election observers' reporting on AI-generated misinformation.","Industry bodies, digital rights organisations and academics engage through commentary, seminars and donor projects rather than institutionalised consultation, and participation remains concentrated in Kathmandu. International engagement is development-partner based, mainly with UNDP and UN forums, without accession to AI treaties or standards bodies.","Enforcement touching AI exists only in the electoral sphere, where the Election Commission monitored and warned about AI-generated deepfakes and imposed a handful of code-of-conduct fines, while no authority enforces AI obligations outside elections.","National Artificial Intelligence (AI) Policy 2082 (2025), Election Code of Conduct 2082 (2026), National Advertising Policy 2026, Individual Privacy Act 2075 (2018), E-commerce Act 2081 (2025)",https://giwmscdnone.gov.np/media/pdf_upload/National%20AI%20Policy-Final_uxc94vg.pdf | https://mocit.gov.np/content/13077/national-artifacial-intelligence-aci-policy-2082/ | https://www.nepalitelecom.com/2025/12/election-commission-of-nepal-approves-election-code-of-conduct-for-falgun-21-election.html | https://kathmandupost.com/national/2026/07/05/nepal-brings-social-media-ai-advertising-under-new-national-policy | https://kathmandupost.com/national/2026/07/06/huge-bills-lineup-for-new-fiscal-year,2026-10-06,medium
Netherlands,"The directly applicable EU AI Act governs AI in the Netherlands, with prohibited-practice and AI literacy rules applying since February 2025, general-purpose AI obligations since August 2025, and high-risk obligations deferred to December 2027 and August 2028 by the Digital Omnibus on AI that entered into force on 27 July 2026. National implementation is incomplete: the Uitvoeringswet AI-verordening, which designates the market surveillance authorities, penalties and the joint regulatory sandbox, closed consultation on 1 June 2026 and has not been enacted. Beyond the AI Act, the Autoriteit Persoonsgegevens' Directorate for Coordination of Algorithms exercises algorithm-specific oversight under the GDPR and the UAVG.","The Netherlands combines the directly applicable EU AI Act with an unusually dense layer of soft law—periodic AI and algorithm risk reports, AP guidance on human intervention and generative AI, the mandatory government Algorithm Register and impact assessments—plus funded AI investment programmes. Supervisory institutions exist and are resourced, but their statutory AI Act powers, penalties and the single multi-sectoral regulatory sandbox await adoption of the implementing act.","Supervision is decentralised and hybrid: the AP and RDI coordinate while eight to ten sectoral market surveillance authorities keep their own remits, cooperating through the Digital Regulation Cooperation Platform pending statutory anchoring. Sub-national bodies implement national transparency rules rather than legislate, and courts, the Raad van State and the National Ombudsman exert substantive independent control over public-sector AI.","Policy input runs through open internet consultations, AP stakeholder seminars and the Nederlandse AI Coalitie, which gives industry and knowledge institutions standing partnership roles, while civil society is consulted rather than seated. The country is a highly active participant in EU, OECD, UNESCO, Council of Europe and European standardisation processes.","Enforcement capacity and published cross-sector monitoring are well developed, but concluded sanction decisions so far rest on the GDPR rather than the AI Act, whose national enforcement architecture is still in the legislative pipeline.","EU AI Act (Regulation (EU) 2024/1689) (2024), Digital Omnibus on AI amending the AI Act (2026), General Data Protection Regulation (2018), Dutch GDPR Implementation Act / UAVG (2018), Uitvoeringswet AI-verordening draft bill (2026, in consultation), Nationaal AI Deltaplan (2025), Government Algorithm Register policy (2022)",https://www.autoriteitpersoonsgegevens.nl/en/themes/algorithms-ai/coordination-of-algorithmic-and-ai-supervision/department-for-the-coordination-of-algorithmic-oversight-dca | https://www.autoriteitpersoonsgegevens.nl/en/themes/algorithms-ai/eu-ai-act | https://www.nldigitalgovernment.nl/news/consultation-on-dutch-ai-act-implementation-bill-now-open/ | https://www.twobirds.com/en/insights/2026/netherlands/dutch-government-publishes-draft-ai-act-implementing-legislation | https://www.stibbe.com/publications-and-insights/the-dutch-ai-algorithms-report-a-call-to-action,2026-10-06,high
New Zealand,"New Zealand regulates AI through existing law and voluntary frameworks: the July 2025 Strategy for Artificial Intelligence: Investing with Confidence, the Algorithm Charter for Aotearoa New Zealand and the Public Service AI Framework carry no legal force, while the only binding rules touching AI are the Privacy Act 2020, the Privacy Amendment Act 2025 (IPP3A from 1 May 2026) and the Biometric Processing Privacy Code, which became fully applicable to pre-existing biometric processing on 3 August 2026. The one AI-specific legislative proposal, the Deepfake Digital Harm and Exploitation Bill, passed first reading and received submissions to 19 June 2026 but lapsed when Parliament was dissolved on 1 October 2026 ahead of the 7 November election.","Policy runs on soft law plus money: voluntary guidance for business and the public service sits alongside the $231 million New Zealand Institute for Advanced Technology (independent from July 2026), AI research funding and a small-business AI pilot. Binding levers remain general data and consumer law, and institutional responsibility is distributed without any statutory AI mandate.","Responsibility for AI is dispersed among general and sectoral regulators coordinated informally through Cabinet and the AI Strategy, with no single AI authority and no subnational layer. Independent scrutiny comes from courts, the Human Rights Review Tribunal and the GCDO's AI Expert Advisory Panel rather than from AI-specific oversight institutions.","Engagement is consultative: business groups and the AI Forum New Zealand feed into strategy and guidance, civil society and researchers participate through consultations and select committee submissions, and academics hold a standing advisory role on the GCDO's AI Expert Advisory Panel. Internationally New Zealand works through OECD principles, GPAI and summit declarations rather than binding instruments.","Enforcement touching AI rests entirely on Privacy Act complaints and the Biometric Processing Privacy Code handled by the Privacy Commissioner, with no AI-specific penalties, dedicated AI enforcement body or routine AI auditing.","Privacy Act 2020, Algorithm Charter for Aotearoa New Zealand (2020), Public Service AI Framework (2025), New Zealand's Strategy for Artificial Intelligence: Investing with Confidence (2025), Responsible AI Guidance for Businesses (2025), Responsible AI Guidance for the Public Service: GenAI (2025), Privacy Amendment Act 2025, Biometric Processing Privacy Code 2025, Customer and Product Data Act 2025, Deepfake Digital Harm and Exploitation Bill (2025, lapsed on dissolution of Parliament in October 2026)",https://www.mbie.govt.nz/assets/new-zealands-strategy-for-artificial-intelligence.pdf | https://www.digital.govt.nz/news/government-chief-digital-officer-appoints-ai-expert-advisory-panel-to-guide-responsible-ai-use-in-public-service | https://www.privacy.org.nz | https://www.beehive.govt.nz/release/accelerating-ai-research-and-innovation | https://www.simpsongrierson.com/insights-news/legal-updates/regulating-ai-in-new-zealand-and-abroad-mind-the-legal-gap,2026-10-06,medium
Nicaragua,"As of mid-2026, Nicaragua has no binding AI-specific legislation, no draft AI bill under formal legislative consideration, and no AI-focused executive orders in force. The only AI-relevant activity was a June 2023 National Assembly task force agreement to develop proposals, which produced no enacted instrument; existing laws such as the Special Cybercrime Law (No. 1042, 2020) and the National Cybersecurity Strategy 2020–2025 touch digital activity incidentally but contain no AI provisions.","No binding AI instruments, published AI guidance, sandboxes, funding programs, or dedicated AI institutional bodies exist; Nicaragua relies entirely on pre-existing general ICT and cybercrime frameworks with no AI-specific policy infrastructure.","There is no dedicated AI regulator or multi-body coordination structure; AI oversight would theoretically fall to general telecommunications and cybercrime authorities under a highly centralized state, with no subnational AI role and no active independent judicial or ombudsman review of AI matters.","Domestic industry, civil society, and academic actors have no structured role in AI governance; Nicaragua's only international AI engagement is marginal participation in regional forums (e.g., CELAC), and it signed the Santiago Declaration, placing it at the lowest tier of international involvement.","No AI-specific sanctions, enforcement actions, dedicated enforcement authority, or monitoring mechanisms exist in Nicaragua.","Special Law on Cybercrimes No. 1042 (2020), National Cybersecurity Strategy 2020–2025 (Presidential Decree No. 24-2020)",https://www.lawgratis.com/blog-detail/artificial-intelligence-law-at-nicaragua|https://wtlgovernance.com/jurisdiction/nicaragua/|https://consortiumlegal.com/en/2026/02/23/regulatory-landscape-of-artificial-intelligence-in-central-america/|https://www.lexmundi.com/guides/lex-mundi-latin-america-and-the-caribbean-tmt-and-cyber-guide/jurisdictions/latin-america/nicaragua/|https://noticias.asamblea.gob.ni/abordan-documento-sobre-el-impacto-de-la-inteligencia-artificial/,2026-06-13,medium
Niger,"Niger has no AI-specific legislation, no draft AI bill and no adopted national AI strategy; the Ministry of Communication, Posts and Digital Economy announced at the second Semaine de l'Intelligence Artificielle et des Technologies Géospatiales in July 2025 that a national AI and geospatial strategy would be elaborated through an inclusive process, and no such instrument has been published. AI-related activity falls under general instruments, chiefly Loi n° 2017-28 of 3 May 2017 on personal data protection as amended by Loi n° 2019-71, which is not written for AI. The country remains under military rule following the July 2023 coup, with the Charter of Refoundation replacing the suspended constitutional order.","Policy action consists of convening and capacity-building rather than instruments: ANSI runs the annual Semaine de l'Intelligence Artificielle et des Technologies Géospatiales, whose third edition was held in Niamey on 23-24 July 2026, and the UN Resident Coordinator's Illimi Niger programme trained 140 officials in AI for human security in June 2026. No national AI strategy, guidance, procurement rule, sandbox or funded AI programme of the Nigerien state exists.","AI sits with the executive: the Ministry of Communication, Posts and Digital Economy sets direction and ANSI implements digital programmes, with the independent HAPDP confined to personal data under Loi n° 2017-28. There is no designated AI regulator, no inter-agency coordination body, no sub-national competence and no exercised judicial or independent review of AI.","Engagement is event-based: SIATeG 2026 in Niamey brought government, academia and private-sector participants together, and UN agencies deliver AI training to officials, while domestic civil society has no documented role. Niger's suspension from the African Union and its withdrawal from ECOWAS confine international AI involvement to United Nations and Alliance des États du Sahel channels; it has ratified the African Union Malabo Convention on Cyber Security and Personal Data Protection, which is not an AI instrument.","No AI-specific obligation, sanction, enforcement action or monitoring programme exists, and HAPDP's limited and under-resourced supervision reaches AI only through general personal data rules.","Loi n° 2017-28 du 3 mai 2017 relative à la protection des données à caractère personnel, amended by Loi n° 2019-71 (2019); Niger 2.0 digital strategy (2017). No AI-specific law, regulation or national AI strategy has been adopted.",https://www.anp.ne/semaine-de-lia-et-des-technologies-geospatiales-le-gouvernement-entend-elaborer-une-strategie-nationale-dans-le-domaine-par-une-demarche-inclusive/ | https://dig.watch/countries/niger | https://dataprotection.africa/niger/ | https://digitalearthafrica.org/en_za/building-nigers-geospatial-skills-at-siateg-2026/ | https://indabaxniger.com/,2026-10-06,medium
Nigeria,"Nigeria has no standalone AI law: the National Digital Economy and E-Governance Bill, which would give NITDA risk-tiered powers over AI systems, was still in the legislative process in mid-2026, and separate National Artificial Intelligence Commission and Nigerian Artificial Intelligence bills remain at committee stage. Binding AI-specific obligations exist only in narrow instruments — Chapter Five of the NITDA Internet Code of Practice 2026 for internet access service providers and the 2025 Guidelines for Clearance of IT Projects covering federal procurement of AI-enabled systems valued at NGN 10 million or more. The Nigeria Data Protection Act 2023 and its General Application and Implementation Directive 2025 carry the bulk of practical AI oversight as general law.","Nigeria leans on soft law and funding: the National Artificial Intelligence Strategy (2025), NITDA guidance and research and skills programmes, with a single binding AI chapter in the NITDA Internet Code of Practice 2026. A multi-agency National Regulatory Sandbox is under construction through a Technical Working Group inaugurated in May 2026 and is not yet admitting participants, and the bodies holding AI responsibility lack a statutory AI remit.","Governance is a lead-body-plus-sectoral-regulator model, with NITDA and the Federal Ministry of Communications, Innovation and Digital Economy setting AI policy and the Nigeria Data Protection Commission, Nigerian Communications Commission and Federal Competition and Consumer Protection Commission acting within existing mandates. Coordination is organised through working groups and the National AI Trust, states have no regulatory role, and judicial review of AI rules has not materialised.","Policy-making draws on industry through public hearings, the National AI Trust and the regulatory sandbox working group, while civil society and academic input is consultative and occasional. Internationally Nigeria is an active participant, having adopted the African Union Continental AI Strategy and completed a UNESCO readiness assessment, and aligned with multilateral AI safety declarations.","AI-specific enforcement has not occurred: sanctions reach AI only through the Nigeria Data Protection Act 2023 and NITDA Act, and the statutory AI penalty regime awaits passage of the National Digital Economy and E-Governance Bill.","Nigeria Data Protection Act (2023), Nigeria Data Protection Act General Application and Implementation Directive (2025), Cybercrimes (Amendment) Act (2024), National Artificial Intelligence Strategy — NAIS (2025), NITDA Guidelines for Clearance of Information Technology Projects for Federal Public Institutions (2025), NITDA Internet Code of Practice (2026), NITDA Code of Practice for Artificial Intelligence (draft, 2025), National Digital Economy and E-Governance Bill (2025, pending), National Artificial Intelligence Commission (Establishment) Bill (2025, pending)",https://digitalpolicyalert.org/report/nigeria-ai-governance-approach | https://www.globallegalpost.com/lawoverborders/artificial-intelligence-law-guide-71222503/nigeria-market-insights-msi-107375230 | https://www.thisdaylive.com/2026/07/09/national-digital-economy-and-e-governance-act-2026-ready-in-weeks/ | https://nitda.gov.ng/nitda-inaugurates-sandbox-technical-working-group-to-strengthen-regulatory-framework-for-digital-innovation/9560/ | https://www.unesco.org/en/articles/ai-readiness-assessment-methodology-nigeria,2026-10-06,medium
North Korea,"North Korea has no AI-specific legislation, regulation or formal governance instrument. Technology is governed through general sectoral statutes — the Science and Technology Law, the Law on the Introduction of New Technology (revised 2026), the Information Security Law, the Telecommunications Law and the Electronic Authentication Law — none of which contains provisions written for AI systems, while the 2026-2030 Five-Year Plan adopted at the Ninth Workers' Party Congress in February 2026 lists information technology and AI as development priorities.","State direction of AI runs through party economic planning and state research institutions rather than policy instruments: the 2026-2030 Five-Year Plan designates AI a priority, and AI research capacity sits in bodies such as Kim Il Sung University's Faculty of Artificial Intelligence and military research units. No strategy document, guidance, standard, sandbox or AI-mandated institution has been published.","Authority over technology is concentrated in the Korean Workers' Party, the Cabinet and the security apparatus, with no independent regulators, no subnational competence and no judicial or independent review. Governance is entirely centralized and opaque.","Domestic industry, civil society and academia are state-controlled and have no structured input into technology policy. International engagement is limited to UN General Assembly voting, where North Korea opposed the 2024 resolution on autonomous weapons systems, and the country joins no AI declarations, standards bodies or multilateral AI initiatives.","No AI enforcement framework, authority, sanction or monitoring practice exists, and any control over technology use is exercised through opaque party and security channels.","Five-Year Plan for National Economic Development 2026-2030 (2026, names information technology and artificial intelligence as priority areas), Law on the Introduction of New Technology (revised 2026), Science and Technology Law, Information Security Law",https://dig.watch/countries/north-korea | https://www.dailynk.com/english/north-korea-science-technology-law-revision-2026/ | https://www.38north.org/2026/02/north-koreas-integration-of-ai-across-cyber-economic-and-military-domains/ | https://automatedresearch.org/news/state_position/democratic-peoples-republic-of-korea/ | https://www.stimson.org/2026/north-koreas-integration-of-ai-across-cyber-economic-and-military-domains/,2026-10-06,medium
Norway,"Norway has no AI-specific binding instrument in force. The draft KI-loven, which would make the EU AI Act (Regulation (EU) 2024/1689) applicable through a reference provision, completed public consultation in autumn 2025 with close to 150 responses, but entry into force originally targeted for late summer 2026 has slipped: the government will consult on the EU simplification package in autumn 2026 and present a bill in spring 2027, and the EEA Joint Committee has not yet incorporated the Regulation. The new Public Administration Act adopted 20 June 2025 contains binding rules on automated decisions and documentation of decision logic for public bodies, but no commencement date has been set.","Policy runs through soft instruments and funding rather than binding rules: Datatilsynet's regulatory sandbox, Digdir's and Nkom's published AI guidance, and KI-Norge, launched 12 June 2026 under director Hans Christian Holte as the national arena for responsible AI and host of the forthcoming AI Act sandbox built with Nkom and Datatilsynet. A renewed national AI strategy was announced on 5 October 2026, building on the National Strategy for Artificial Intelligence (2020) and the National Digitalisation Strategy (2024).","Governance follows a lead-body-plus-sectoral model, with Nkom as coordinating market surveillance authority and national contact point, Datatilsynet covering data protection, and sectoral supervisors to be designated in the KI-lov. Oversight is exclusively national, with independent review supplied by courts and the parliamentary ombudsman.","Domestic involvement runs through the Norwegian consultation and corporatist tradition: the 2025 KI-lov høring was open to all actors, KI-Norge partners with business, academia and the public sector, and an October 2026 letter of intent with employer and union confederations covers AI in working life. Internationally Norway acts through the EEA/EFTA track, the Council of Europe Framework Convention on Artificial Intelligence and the OECD.","Enforcement against AI rests entirely on general data protection law pending entry into force of the KI-lov, with Nkom designated but not yet empowered.","Draft Act on Artificial Intelligence (KI-loven) (2025 consultation draft, bill announced for spring 2027), Public Administration Act (forvaltningsloven, LOV-2025-06-20-81, adopted 2025, not in force), Personal Data Act (2018), National Strategy for Artificial Intelligence (2020), National Digitalisation Strategy (2024), renewed national AI strategy announced October 2026, EU AI Act Regulation (EU) 2024/1689 (EEA incorporation pending), Council of Europe Framework Convention on Artificial Intelligence (signed 2024)",https://www.regjeringen.no/no/aktuelt/varsler-ny-nasjonal-strategi-for-kunstig-intelligens/id3175602/ | https://nkom.no/ki/regulering/hvem-handhever | https://lovdata.no/lov/2025-06-20-81 | https://www.datatilsynet.no/aktuelt/aktuelle-nyheter-2025/ny-lov-om-ki-sendt-pa-horing/ | https://www.digi.no/artikler/nye-eu-regler-for-ki-norge-og-eos-henger-enna-langt-etter/575266,2026-10-06,medium
Oman,"Oman regulates AI through the General Policy for the Safe and Ethical Use of Artificial Intelligence Systems, issued by the Ministry of Transport, Communications and Information Technology on 1 April 2025 and effective 9 April 2025, a risk-based policy instrument rather than a statute. Royal Decree No. 50/2026 of 30 April 2026 is binding and AI-titled but establishes an Artificial Intelligence Special Zone in Muscat Governorate under the Law of Special Economic Zones and Free Zones rather than imposing duties on AI systems. General law, principally the Personal Data Protection Law (Royal Decree 6/2022), reaches AI processing without containing provisions written for AI.","Policy levers are a non-binding ethics-and-governance policy, the National Programme for Artificial Intelligence and Advanced Digital Technologies, and economic incentives delivered through the Artificial Intelligence Special Zone created by Royal Decree No. 50/2026. No regulatory sandbox or AI procurement rule has been published, and institutional capacity rests in a ministry programme unit without legal compliance powers.","MTCIT is the lead AI authority through the National Programme, with sector-specific regulators expected to apply the 2025 General Policy in their domains and the Public Authority for Special Economic Zones and Free Zones managing the AI Special Zone. Governance is centralized: no statutory inter-agency AI coordination body, no subnational competence, and no independent or judicial oversight specific to AI.","Industry and academia feed into AI policy through MTCIT consultations, the National Programme and the Green AI Alliance, while domestic civil society has no structured role. Internationally Oman is a founding member of the World Artificial Intelligence Cooperation Organization, participated in the inaugural UN Global Dialogue on AI Governance, hosts a World Economic Forum Centre for the Fourth Industrial Revolution partnership, and is assessed under UNESCO's AI Ethics Observatory.","Compliance rests on self-assessment and reporting to MTCIT under a policy that carries no sanctions, and no AI-specific enforcement action has been taken.","National Programme for Artificial Intelligence and Advanced Digital Technologies (2024), General Policy for the Safe and Ethical Use of Artificial Intelligence Systems (2025), Royal Decree No. 50/2026 Establishing the Artificial Intelligence Special Zone in the Governorate of Muscat (2026), Personal Data Protection Law (Royal Decree No. 6/2022)",https://mtcit.gov.om/library-3/legislations-policies-8/policies-73/general-policy-for-the-safe-and-ethical-use-of-artificial-intelligence-systems-291 | https://decree.om/2026/rd20260050/ | https://www.unesco.org/ethics-ai/en/oman | https://www.omanobserver.om/article/1188895/oman/artificial-intelligence-special-zone-in-muscat-to-drive-digital-economy | https://www.trowers.com/insights/2026/june/personal-data-and-artificial-intelligence-recent-regulatory-developments-in-oman,2026-10-06,medium
Pakistan,"Pakistan has no binding AI legislation; the National AI Policy 2025, the Islamabad AI Declaration 2026 and the National Data Governance Policy 2026 are executive policy documents, and the Regulation of Artificial Intelligence Bill 2024 remains in Senate committee. AI-specific duties on transparency, human review of automated decisions and generative-AI controls apply only to federal public bodies through policy, while private-sector AI is touched only incidentally by the Prevention of Electronic Crimes Act 2016 as amended in 2025. No personal data protection statute has been enacted.","Policy is driven through soft-law instruments and funding: the National AI Policy 2025, the Islamabad AI Declaration 2026, the National Data Governance Policy 2026, the National AI Fund and Ignite-backed programmes. The Pakistan Digital Authority is the designated AI governance and supervisory body but has not issued binding AI instruments or used compliance powers.","Governance is centred on the Pakistan Digital Authority under the Ministry of Information Technology and Telecommunication, with the National Digital Commission and the AI Council providing coordination and sectoral regulators covering telecoms and banking. Provincial governments participate in national councils without independent AI powers, and judicial or independent review of AI decisions is not institutionalised.","Policy development drew on industry, academic and public-sector consultation, with the Indus AI Summit 2026 and Indus AI Week bringing in startups, students and foreign participants. Domestic civil society input was episodic and criticised as limited, and international engagement is declaratory and bilateral rather than treaty-based.","No AI-specific sanction, enforcement decision or audit regime exists, and the Pakistan Digital Authority's supervisory framework remains unoperationalised.","National AI Policy (2025), Islamabad AI Declaration on Sovereign, Responsible, and Capability-Driven Artificial Intelligence (2026), National Data Governance Policy (2026, draft), Digital Nation Pakistan Act (2025), Regulation of Artificial Intelligence Bill (2024, Senate, not enacted), Prevention of Electronic Crimes Act (2016), Prevention of Electronic Crimes (Amendment) Act (2025)",https://www.pda.gov.pk/press-details.php?id=islamabad-ai-declaration | https://www.senate.gov.pk/en/billsummary.php?bid=1544 | https://www.arabnews.com/node/2649083/pakistan | https://digitalrightsfoundation.pk/wp-content/uploads/2026/05/DRF-Analyses-Pakistans-National-AI-Policy-2025.pdf | https://issi.org.pk/issue-brief-on-pakistans-national-ai-policy-2025-developing-ai-ecosystem-and-ethical-data-governance/,2026-10-06,medium
Palau,"Palau has no statute, regulation, executive order or national strategy whose subject is artificial intelligence. AI falls only under general instruments such as the Privacy Act provisions of the Palau National Code and the Cybersecurity Act passed by the Olbiil Era Kelulau on 20 July 2026, neither of which contains AI-specific provisions, and no competent authority for AI exists.","Policy effort is directed at cybersecurity and government IT consolidation rather than AI: Executive Order No. 500 (2026) created the Office of Applied Technology and Strategy inside the Office of the President, and the National Cybersecurity Strategy and Policy 2026-2030 was signed with ITU support. No AI guidance, funding program, sandbox or AI procurement rule has been issued.","AI governance structures are absent; executive technology functions sit with the Office of Applied Technology and Strategy under the President and, once the Cybersecurity Act is implemented, a Bureau of Cybersecurity under the Ministry of Public Infrastructure and Industries. Neither has an AI mandate, and no sub-national or independent review body is involved.","Domestic industry, civil society and academic actors have no structured role in AI policy-making, and technical engagement comes from external partners such as the International Telecommunication Union and MITRE on cybersecurity. International involvement is limited to general UN and UNESCO membership.","Nothing specific to AI is enforced in Palau, and only general cybersecurity and privacy penalties could reach AI-related conduct.","Executive Order No. 500 (2026) establishing the Office of Applied Technology and Strategy, Cybersecurity Act / Senate Bill No. 12-9, SD1, HD2 (2026), National Cybersecurity Strategy and Policy 2026-2030, Privacy Act provisions of the Palau National Code (Title 6) - none of which are AI-specific",https://islandtimes.org/oek-passes-cybersecurity-bill-as-new-presidential-tech-office-raises-overlap-questions/ | https://islandsbusiness.com/pacnews/pacnews-two-27-july-2026/ | https://pina.com.fj/2025/10/24/palau-senate-passes-nations-first-comprehensive-cybersecurity-bill/ | https://www.palaugov.pw | https://islandtimes.org/fake-news-posts-prompt-warnings-over-online-scams-and-deepfakes-in-palau/,2026-10-06,medium
Panama,"Panama has no binding AI law imposing obligations on AI systems; the unified Bill 588 establishing adaptive AI governance, based on risk management and regulatory experimentation, passed first debate on 15 April 2026 and remains in committee, while Anteproyecto 51 of 2026 would add Penal Code penalties for malicious AI-generated content. Binding instruments that explicitly mention AI are institutional: Executive Decree 36 of 7 May 2026 declares critical and emerging technologies a national priority and creates the National Commission for Critical and Emerging Technologies with an AI Subcommission. General instruments — Law 81 of 2019 on personal data protection and Law 144 of 2020 on government digital transformation — remain the operative rules touching AI.","Policy runs through strategy and coordination rather than regulation: the National AI Strategy 2026-2036 adopted by Cabinet Resolution No. 89-26, the National Advanced Technologies Agenda with USD 105 million behind the semiconductor strand, SENACYT-funded talent programs, and the AI Subcommission created by Executive Decree 36 of 2026. A regulatory sandbox and AI procurement rules exist only as provisions of the pending Bill 588.","AI governance is coordinated through the National Commission for Critical and Emerging Technologies chaired by the Ministry of the Presidency, with SENACYT, the National Authority for Government Innovation and ANTAI contributing from existing mandates and ministries designating representatives through published resolutions. There is no subnational layer and no AI-specific judicial or independent review.","Government, universities and business participate through the CNTCE and the consultative process that produced the National AI Strategy, with civil society involved episodically through SENACYT workshops rather than any standing seat. Internationally Panama joined Pax Silica in 2026, adheres to the UNESCO Recommendation on AI Ethics and the Santiago Declaration, and engages with the IDB and SICA on regional AI work.","No AI-specific penalty, authority or audit exists, leaving ANTAI's data-protection powers under Law 81 of 2019 and criminal law as the only enforcement routes touching AI.","National AI Strategy of the Republic of Panama approved by Cabinet Resolution No. 89-26 (2026), National Advanced Technologies Agenda including the National Semiconductor and Microelectronics Strategy (2026), Executive Decree 36 of 7 May 2026 creating the National Commission for Critical and Emerging Technologies and its AI Subcommission, National AI Strategy / ENIA (2021), Law 81 on Personal Data Protection (2019), Executive Decree 285 (2021), Law 144 on Government Digital Transformation (2020), Law 478 on Cybercrime Amendments (2025), Bill 588 on Adaptive Governance of Artificial Intelligence (2026, approved in first debate), Anteproyecto 51 on Penal Code reform for malicious AI use (2026, pending)",https://www.senacyt.gob.pa/en/gabinete-aprueba-la-estrategia-nacional-de-inteligencia-artificial/ | https://www.asamblea.gob.pa/Noticias/Noticias/PANAMA-A-LA-VANGUARDIA-DE-LA-TECNOLOGIA-CON-IA-SEGUN-PROYECTO-DE-LEY-APROBADO-EN-PRIMER-DEBATE | https://www.infobae.com/panama/2026/07/09/panama-busca-posicionarse-en-la-ruta-de-las-tecnologias-emergentes-incluida-la-ia/ | https://algoritmos.uniandes.edu.co/proyecto-de-ley-que-establece-la-gobernanza-adaptativa-de-la-inteligencia-artificial-en-panama/ | https://antai.gob.pa/ley-81-de-proteccion-de-datos-personales/,2026-10-06,medium
Papua New Guinea,"Papua New Guinea has no dedicated AI legislation, no AI-specific binding instruments proposed or enacted as of mid-2026. The Digital Government Act (2022) provides general digital governance provisions but contains no AI-specific rules, leaving all regulation sub-indicators at the minimum level.","No binding AI instruments, soft-law AI guidance, dedicated AI funding programs, sandboxes, or institutional bodies with AI mandates exist; the Digital Government Act (2022) is the sole operative digital governance instrument and does not establish any AI-specific policy levers.","AI governance responsibilities are unassigned in Papua New Guinea; there is no lead AI regulator, no inter-agency coordination mechanism, no subnational AI regulatory role, and no independent review body or court practice shaping AI rules.","Domestic industry, civil society, and academia are not engaged in any structured AI policy process; Papua New Guinea participates marginally in regional digital cooperation through the Pacific Islands Forum, which provides a minimal international AI governance connection and represents the only above-minimum score.","There is no AI enforcement framework, no designated enforcement authority, no sanctions for AI-related conduct, and no monitoring or auditing practice in Papua New Guinea.",Digital Government Act (2022),https://www.oecd.ai/en/dashboards/countries/PapuaNewGuinea|https://pacificislandsforum.org/|https://www.dgg.gov.pg/,2026-09-01,low
Paraguay,"Paraguay has no cross-sector AI statute; a Senate bill regulating and promoting AI systems, which would create an AI regulatory authority, has been socialised in public hearing but not enacted. Binding AI-specific texts in force are institutional: Corte Suprema de Justicia Resolución N° 12.677/2026 on AI use in the judiciary and Resolución DINAVISA N° 047/2026 creating an AI unit in health regulation. Ley N° 7593/2025 on personal data protection grants rights against automated and semi-automated individual decisions and profiling, but takes effect only in November 2027.","Policy effort concentrates on promotion and internal state use: Decreto N° 5306/2026 grants preferential electricity tariffs to AI, cloud and data-centre industries, while the Hoja de Ruta Nacional de Inteligencia Artificial and the UNESCO RAM assessment provide non-binding direction. No regulatory sandbox, AI procurement rules or body with a statutory AI compliance mandate exists.","Governance is centred on MITIC as policy lead, with individual state institutions issuing their own AI rules and a narrow bi-ministerial commission for industry accreditation. No designated AI regulator, standing inter-agency mechanism, sub-national competence or independent review body with an AI mandate exists.","The UNESCO Readiness Assessment Methodology exercise coordinated by MITIC and CONACYT, presented in 2025, brought public bodies, companies, universities and civil society organisations into a one-off multisectoral process, repeated in the Senate public hearing on the AI bill. International engagement runs through UNESCO ethics processes, regional ministerial summits, the Pax Silica Joint Declaration and bilateral cooperation with Taiwan on AI compute.","AI rules are not enforced against third parties: there is no AI sanctions regime, no competent authority and no audit practice, only internal compliance duties in the judiciary and the health regulator.","Ley N° 7593/2025 de Protección de Datos Personales (2025), Ley N° 6534/2020 de Protección de Datos Personales Crediticios (2020), Corte Suprema de Justicia Resolución N° 12.677 sobre directrices para el uso de sistemas de inteligencia artificial en el Poder Judicial (2026), Resolución DINAVISA N° 047/2026 (2026), Decreto N° 5306/2026 sobre industrias convergentes de inteligencia artificial, computación en la nube y data centers (2026), Hoja de Ruta Nacional de Inteligencia Artificial (2025), Informe de Metodología de Evaluación del Estado de Preparación en Inteligencia Artificial - UNESCO RAM Paraguay (2025)",https://www.bacn.gov.py/leyes-paraguayas/12924/ley-n-7593-2025-de-protecci-n-de-datos-personales-en-la-rep-blica-del-paraguay | https://www.pj.gov.py/notas/29655-corte-suprema-de-justicia-aprobo-politica-para-el-uso-de-sistemas-de-inteligencia-artificial-en-el-poder-judicial | https://www.senado.gov.py/index.php/noticias/noticias-comisiones/15360-socializan-proyecto-que-regula-el-desarrollo-e-implementacion-de-la-ia-2025-06-26-17-09-04 | https://mitic.gov.py/presentan-informe-sobre-metodologia-de-evaluacion-del-estado-de-preparacion-en-inteligencia-artificial-de-paraguay/ | https://mitic.gov.py/paraguay-fortalece-su-posicionamiento-internacional-en-inteligencia-artificial-con-adhesion-a-declaracion-estrategica-en-washington/,2026-10-06,medium
Peru,"Peru governs AI through Law No. 31814 (2023) and its implementing Reglamento, Supreme Decree No. 115-2025-PCM, which took effect in January 2026 and imposes risk classification, algorithmic transparency, human oversight, internal policies and traceability registers on developers and deployers. The first adequacy deadline expired on 10 September 2026 for public powers, autonomous bodies and private operators in health, education, justice, security, economy and finance, while transport, commerce, labour, production, agriculture, energy, mining, remaining sectors and smaller firms have until 2027-2029.","Peru combines binding instruments (Law No. 31814, Supreme Decree No. 115-2025-PCM, Law No. 32314) with a strategy-based promotional layer in ENIA 2026-2030, obligatory for public entities and state enterprises. Economic levers such as the regulatory sandbox, CNIDIA and the national AI platform are foreseen in the Reglamento and ENIA but not yet operating, and the SGTD leads with limited resources.","The Presidencia del Consejo de Ministros, through the SGTD, is the national AI authority, issuing lineamientos, technical standards and binding opinions, while the data protection authority, Indecopi, Concytec and sectoral ministries apply their own regimes to AI. Coordination is structured by the Sistema Nacional de Transformación Digital and by ENIA's AI Officer and quarterly reporting duties; subnational governments only implement national rules.","Industry, civil society and academia took part in the 2024 public consultations on the draft Reglamento and in preparing ENIA 2026-2030, but none holds a standing formal role in AI policy-making. Peru aligns its framework with OECD and UNESCO instruments and the EU risk-based model, and participates in regional Latin American AI declarations.","Enforcement is indirect: the SGTD monitors and refers cases while the data protection authority, Indecopi and criminal courts apply pre-existing penalties, and no decision under the AI framework has been published since the first obligations became applicable on 10 September 2026.","Law No. 31814 - Ley que promueve el uso de la inteligencia artificial en favor del desarrollo económico y social del país (2023), Supreme Decree No. 115-2025-PCM - Reglamento de la Ley N° 31814 (2025), Law No. 32314 - modifies the Penal Code and the Computer Crimes Law to treat the use of artificial intelligence as an aggravating factor (2025), Resolución Ministerial N° 152-2026-PCM - Estrategia Nacional de Inteligencia Artificial 2026-2030 (2026), Resolución N° 0844-2025-JNE - Reglamento sobre propaganda electoral, publicidad estatal y neutralidad en periodo electoral (2026), Emergency Decree No. 007-2020 (2020)",https://www.elperuano.pe/noticia/303676-empresas-de-ia-en-salud-educacion-y-justicia-deben-adecuarse-al-reglamento-hasta-el-10-de-setiembre | https://elperuano.pe/noticia/294752-peru-fija-reglas-para-la-inteligencia-artificial-en-el-sector-publico-hasta-2030 | https://img.lpderecho.pe/wp-content/uploads/2025/09/Decreto-Supremo-115-2025-PCM-LPDerecho.pdf | https://www.elperuano.pe/noticia/269418-inteligencia-artificial-en-delitos-agrava-sanciones | https://cms.law/en/per/publication/approval-of-the-regulations-of-the-law-that-promotes-the-use-of-ai-in-peru,2026-10-06,medium
Philippines,"The Philippines has no enacted horizontal AI statute; about 40 House bills and 7 Senate bills in the 20th Congress, including House Bill 7396 and Senate Bill 25 (Artificial Intelligence Regulation Act), are being consolidated by a House technical working group into a risk-based Artificial Intelligence Development and Regulation Act. Binding AI-specific rules cover only election campaign content under COMELEC Resolution No. 11064 and public-sector AI use under DICT-CSC Joint Memorandum Circular No. 003, Series of 2026, while NPC Advisory No. 2024-04 applies the Data Privacy Act of 2012 to AI systems processing personal data.","Policy runs mainly through soft instruments - national roadmaps, NPC and BSP guidance, and sector memoranda - backed by two narrow binding issuances for elections and government use. Funding and research capacity are concentrated in CAIR, NAICRI and the AI+ Infrastructure Masterplan 2026-2033, with no operating AI sandbox or AI-specific procurement rules.","AI governance is spread across DICT and the Civil Service Commission for public-sector use, DOST and NAICRI for research, NPC for data protection, BSP for finance, CHED for higher education and COMELEC for elections, with DEPDev preparing a national AI governance framework. Coordination rests on joint circulars and inter-agency processes rather than a statutory council, and sub-national and judicial roles are marginal.","Industry, civil society and academia take part through congressional technical working groups, agency consultations and roadmap validation rather than standing statutory bodies. Internationally the country is highly active, using its 2026 ASEAN chairmanship to push a regional AI legal framework and participating in UNESCO AI ethics processes.","Enforcement is episodic and remit-bound, resting on COMELEC's election task force, NPC action under the Data Privacy Act of 2012 and administrative discipline for government AI use, with no published AI-specific sanction decisions.","National AI Strategy Roadmap 2.0 / NAISR 2.0 (2024), National AI Strategy for the Philippines – NAIS-PH (2025), COMELEC Resolution No. 11064 on Social Media and AI in Election Campaigns (2024), NPC Advisory No. 2024-04 on Application of the Data Privacy Act to AI Systems Processing Personal Data (2024), DICT-CSC Joint Memorandum Circular No. 003, Series of 2026 on Ethical and Responsible Development, Deployment and Use of AI in Government (2026), Bangko Sentral ng Pilipinas Memorandum No. M-2026-031 on AI Governance Principles (2026), Bangko Sentral ng Pilipinas Memorandum No. M-2026-034 on Frontier AI Cybersecurity Risks (2026), CHED Memorandum Order No. 21, Series of 2026 on Responsible AI Use in Higher Education (2026), Philippines AI+ Infrastructure Masterplan 2026–2033 (2026), Data Privacy Act (Republic Act No. 10173, 2012), House Bill 7396 – Artificial Intelligence Development and Regulation Act of the Philippines (pending, 2023), Senate Bill 25 – Artificial Intelligence Regulation Act (pending, 2025)",https://www.bakermckenzie.com/en/insight/publications/2026/07/philippines-launches-responsible-ai-governance-framework | https://privacy.gov.ph/pips-and-pics/advisories-circulars/ | https://www.bakermckenzie.com/en/insight/publications/2026/07/philippines-bsp-releases-ai-governance-framework | https://www.rappler.com/technology/features/artificial-intelligence-bills-20th-congress-philippines/ | https://pia.gov.ph/news/marcos-admin-launches-national-ai-center-to-close-technology-gap/,2026-10-06,medium
Poland,"Poland combines the directly applicable EU AI Act, as amended by the Digital Omnibus on AI (Regulation (EU) 2026/1744), with its own Act of 3 July 2026 on Artificial Intelligence Systems, published 27 July 2026 and in force since 11 August 2026. Coverage is horizontal and AI-specific, but the national supervision, inspection and penalty chapters apply only from 28 October 2026 and the AI Act's high-risk obligations were postponed to December 2027 and August 2028.","Poland relies on directly applicable EU rules plus a national implementing statute, supported by regulator guidance from UODO and the Ministry of Digital Affairs. Economic levers include the PLN 1 billion AI Fund, publicly funded Polish language models and a statutory regulatory sandbox at KRiBSI that is free for SMEs and charges large firms a one-off fee, which has not yet begun operating.","Supervision is centralised in one new authority, KRiBSI, an outlier design within the EU, though its collegiate membership drawn from UOKiK, KNF, KRRiT and UKE and the attached Social Council for Artificial Intelligence build coordination into the body itself. Judicial review runs through the Warsaw competition and consumer protection court, and UODO retains independent GDPR oversight.","Industry, academia and civil society were consulted on successive drafts of the AI Systems Act and the AI Policy until 2030 and are represented in the PL/AI advisory group, while the statutory Social Council for Artificial Intelligence attached to KRiBSI is not yet constituted and business and NGOs were excluded from the Commission's own membership. Internationally Poland is a Council of Europe AI convention signatory and an active participant in the EU AI Board and OECD AI work.","Penalties are defined in both EU and national law and a complaint channel is open to any person, but KRiBSI gains inspection and sanctioning powers only on 28 October 2026, so no AI-specific decision has been taken.","Act of 3 July 2026 on Artificial Intelligence Systems (Dz.U. 2026 poz. 1003); EU AI Act (Regulation 2024/1689, 2024); Digital Omnibus on AI (Regulation (EU) 2026/1744, 2026); Policy for the Development of Artificial Intelligence in Poland from 2020 (Council of Ministers Resolution No. 196, 2020); Policy for AI Development in Poland until 2030 (draft Council of Ministers resolution, 2026); Council of Europe Framework Convention on Artificial Intelligence (2024, signed)","https://eli.gov.pl/eli/DU/2026/1003/ogl/pol | https://www.interface-eu.org/publications/poland-ai-act-implementation | https://www.prawo.pl/biznes/pamela-krzypkowska-przewodniczaca-kribsi,1553478.html | https://www.whitecase.com/insight-alert/eu-ai-omnibus-enters-force-amending-ai-act | https://www.oecd.org/en/publications/progress-in-implementing-the-european-union-coordinated-plan-on-artificial-intelligence-volume-1_6d530a88-en/poland_518e8a57-en.html",2026-10-06,high
Portugal,"Portugal has not enacted a dedicated national AI statute and does not plan one; the directly applicable EU AI Act is the regulatory backbone, supplemented by Lei n.º 58/2019 (GDPR implementation), Lei n.º 24/96 (consumer protection), Decreto-Lei n.º 57/2008 and Lei n.º 125/2025 (NIS2). Prohibited-practice, AI-literacy, general-purpose AI and transparency obligations apply, while high-risk obligations were pushed to December 2027 and August 2028 by the Digital Omnibus on AI, Regulation (EU) 2026/1744, in force since 27 July 2026. National implementation remains partial: ANACOM acts as market surveillance authority and single point of contact, but national penalty rules and an AI sandbox are outstanding.","Portugal governs AI mainly through the directly applicable EU AI Act, administrative designation of ANACOM as supervisor, and funding instruments: the Agenda Nacional de Inteligência Artificial and its Action Plan 2026-2030 (Resolução do Conselho de Ministros n.º 2/2026), the AMALIA national large language model, and AI Portugal 2030. Guidance is published by ANACOM and the government's digital portal, while the Technological Free Zones regime (Decreto-Lei n.º 67/2021) has not yet been converted into an AI Act regulatory sandbox.","Governance follows a lead-plus-sectoral model: ANACOM supervises the AI Act and acts as national contact point, coordinating fourteen sectoral and fundamental-rights authorities, with ANIA implementation monitored under the governance model set by Resolução do Conselho de Ministros n.º 2/2026. No subnational tier regulates AI, and independent oversight comes mainly from the CNPD and the courts.","Stakeholder involvement runs through consultations and project consortia rather than standing statutory roles: the Agenda Nacional de Inteligência Artificial went to public consultation in January 2025 with an accompanying committee of industry, academic and civil-society representatives, and public universities build the AMALIA model under FCT and ARTE coordination. Internationally, Portugal acts through the EU AI Board, the EU Coordinated Plan on AI, European research infrastructures and Lusophone digital cooperation.","Enforcement remains preparatory: ANACOM holds the supervisory mandate and informs the market about obligations applying since 2 August 2026, but national penalty rules are not enacted and no AI-specific enforcement decision or audit programme has been published.","EU AI Act / Regulation (EU) 2024/1689 (2024), Digital Omnibus on AI / Regulation (EU) 2026/1744 (2026), Resolução do Conselho de Ministros n.º 2/2026 - Agenda Nacional de Inteligência Artificial e Plano de Ação 2026-2030 (2026), Resolução do Conselho de Ministros n.º 178/2026 - AMALIA (2026), Resolução do Conselho de Ministros n.º 201/2024 - AMALIA (2024), Lei n.º 12-A/2026 - execution of the Digital Services Act (2026), Lei n.º 125/2025 - NIS2 cybersecurity (2025), Lei n.º 58/2019 - GDPR Implementation (2019), Lei n.º 24/96 - Consumer Protection Law (1996, applicable to AI), Decreto-Lei n.º 57/2008 - Unfair Commercial Practices (2008, applicable to AI), Decreto-Lei n.º 67/2021 - Technological Free Zones (2021), Estratégia Digital Nacional (2024), AI Portugal 2030 National Strategy (2019)",https://www.anacom.pt/render.jsp?contentId=1853661 | https://digital.gov.pt/pt/estrategia-digital/regulamentacao/ai-act | https://files.diariodarepublica.pt/1s/2026/09/17900/0000200004.pdf | https://cms.law/en/int/expert-guides/ai-regulation-scanner/portugal | https://www.cullen-international.com/news/2026/04/National-implementation-of-the-EU-AI-Act--a-snapshot-of-AI-laws--regulatory-bodies-and-penalties.html,2026-10-06,medium
Qatar,"Qatar has no horizontal AI statute; binding rules are the Qatar Central Bank Artificial Intelligence Guideline (September 2024) for licensed financial institutions and QICDRC Practice Direction No. 1 of 2026 governing AI use before the QFC Court and Regulatory Tribunal. The Qatar Financial Markets Authority's draft AI regulations consulted in May 2025 are still unenacted, and the Shura Council on 27 April 2026 referred a proposal for a general debate on AI governance to committee rather than a bill. Everything else — the National Artificial Intelligence Strategy (2019), MCIT ethical AI principles and NCSA secure-AI guidelines — is non-binding.","Qatar combines two binding sectoral AI instruments with a growing soft-law layer (MCIT ethics principles, NCSA secure-AI guidelines) and funding and capability programmes such as AIQAT, the ALIF government training programme with Scale AI, and the Fanar platform. Institutional structures — the Artificial Intelligence Committee and the newly approved National Center for Artificial Intelligence — coordinate strategy, while compliance powers over AI sit with the Qatar Central Bank inside its existing supervisory machinery.","Governance follows a lead-plus-sectoral pattern: MCIT and its Artificial Intelligence Committee set national direction, while the Qatar Central Bank, Qatar Financial Markets Authority, National Cyber Security Agency and the Qatar Financial Centre regulate AI within their own perimeters. There is no subnational tier, and independent checks come from the QFC courts and the National Data Privacy Office rather than from broad judicial review of AI policy.","Industry input flows through regulator consultations, QFC sandboxes and summit partnerships, and academia has a formal seat via QCRI's vice-chairmanship of the Artificial Intelligence Committee plus the MCIT-QRDI AIQAT research programme. Domestic civil society is absent from the process, while international engagement runs through GCC and UNESCO channels and Doha's hosting of World Summit AI.","Enforcement is sector-confined: the Qatar Central Bank can act against licensed firms under its AI guideline and the National Data Privacy Office issues binding data-protection decisions, but no AI-specific enforcement action has been published and monitoring is neither cross-sectoral nor publicly reported.","Qatar National Artificial Intelligence Strategy (2019), Cabinet Decision No. 10 of 2021 establishing the Artificial Intelligence Committee, Personal Data Privacy Protection Law (Law No. 13 of 2016), Qatar Central Bank Artificial Intelligence Guideline (2024), NCSA Guidelines for Secure Adoption and Usage of Artificial Intelligence (2024), MCIT Principles and Guidelines for Ethical Development and Deployment of Artificial Intelligence (2024), QFC Practice Direction No. 1 of 2026 on the Use of Artificial Intelligence",https://www.loc.gov/item/global-legal-monitor/2026-03-09/qatar-direction-issued-on-use-of-ai-in-judicial-proceedings | https://www.eversheds-sutherland.com/en/qatar/insights/mapping-qatars-regulatory-landscape-for-artificial-intelligence-november-2025 | https://thepeninsulaqatar.com/article/27/04/2026/qatar-shura-council-debates-ai-governance-and-refers-draft-legislation-to-committees | https://www.mcit.gov.qa/en/news/world-summit-ai-qatar-2025-concludes-with-major-global-participation/ | https://digital.nemko.com/regulations/ai-regulation-in-qatar,2026-10-06,medium
Romania,"Romania's binding AI rules come entirely from the EU AI Act (Regulation (EU) 2024/1689), which has applied directly since 1 August 2024 with prohibitions from February 2025, general-purpose AI duties from August 2025 and transparency plus high-risk obligations from 2 August 2026. No standalone domestic AI statute exists: national competent authorities were named by a Government memorandum of 12 March 2026, and the implementing law that would confer control procedures and the national penalty regime remains in preparation. Obligations therefore bind operators across sectors while the domestic supervisory machinery is incomplete.","Romania relies on the directly applicable EU AI Act plus the National Artificial Intelligence Strategy 2024-2027 (Government Decision 832/2024), with no domestic binding AI instrument and no maintained national guidance suite. Economic levers are EU-funded programmes channelled through the National Recovery and Resilience Plan and the Digital Europe Programme, and the AI regulatory sandbox required by Article 57 of Regulation (EU) 2024/1689 is not operating.","Governance is centred on ANCOM as national market surveillance authority and single point of contact, with the National Bank of Romania, the Financial Supervisory Authority, ANSPDCP, the consumer protection authority ANPC and the Labour Inspection covering their own domains. Coordination is set out in a Government memorandum rather than statute, sub-national bodies have no role, and the Ombudsman together with audiovisual and electoral authorities exercise fundamental-rights oversight powers.","Domestic participation runs mainly through the consultative Romanian Committee for Artificial Intelligence established by MCID Order 20484/2023, which draws on industry and academic experts, while NGOs take part only through general public consultation on draft acts. Internationally Romania is represented on the European AI Board, adheres to the OECD AI Principles and is a signatory of the Council of Europe Framework Convention on Artificial Intelligence.","AI Act penalties are formally available in Romania but cannot be applied because the national act conferring control procedures and the sanctions regime has not been adopted, and no AI enforcement decision or monitoring report exists.","EU AI Act / Regulation (EU) 2024/1689 (2024), National Artificial Intelligence Strategy 2024-2027 approved by Government Decision No. 832/2024, MCID Order No. 20484/2023 establishing the Romanian Committee for Artificial Intelligence, Government memorandum of 12 March 2026 designating national competent authorities and the single point of contact for the AI Act, Law No. 190/2018 implementing the GDPR",https://eur-lex.europa.eu/legal-content/EN/TXT/?uri=CELEX:32024R1689 | https://www.juridice.ro/843172/ai-act-se-aplica-in-romania-dar-nu-poate-fi-inca-sanctionat-ce-inseamna-vidul-legislativ-national-pentru-operatori.html | https://legislatie.just.ro/Public/DetaliiDocument/267590 | https://www.ancom.ro/ | https://www.mcid.gov.ro/,2026-10-06,medium
Russia,"Russia moved from strategy to statute with Federal Law No. 243-FZ of 26 July 2026 On Supporting the Development of Artificial Intelligence Technologies in the Russian Federation, in force since 1 September 2026, which defines artificial intelligence and large foundation models and creates the sovereign and national model statuses. Core obligations - developer duties, machine-readable labelling tools on platforms with over 500,000 daily users, and copyright rules for training - apply only from 1 March 2027, with a transition to 2032 for foreign systems already deployed in sensitive areas. Supporting instruments remain Presidential Decree No. 490 (National AI Strategy to 2030, updated 2024) and the experimental legal regime laws FZ-123 and FZ-258.","Policy combines a framework statute with industrial-policy levers: support measures, tax and financing incentives for developers of sovereign and national models, state-funded compute, and operating regulatory sandboxes under FZ-258 and the Moscow regime under FZ-123. Soft law runs through the AI Ethics Code and its sectoral codes and through Rosstandart AI standards, while the content of binding duties has been delegated almost entirely to secondary acts not yet issued.","Authority is concentrated in federal executive hands, with the Presidential Commission on the Development of AI Technologies coordinating the Government, the Ministry of Digital Development, sectoral regulators and the Bank of Russia. Sub-national bodies implement national experimental regimes, and independent judicial or civil-society oversight of AI is absent apart from the industry-led AI ethics commission.","Policy-making is a state-industry affair: the largest technology companies and the AI Alliance shaped both the 2026 statute and the ethics code, academia contributes occasionally, and domestic civil society is absent. International engagement runs through BRICS and CIS channels and the promotion of a sovereign-AI model abroad rather than through multilateral treaty frameworks.","Enforcement is nominal: the duties that could be sanctioned under FZ-243 only become applicable on 1 March 2027, no AI-specific penalties are in the Code of Administrative Offences, and no authority has yet exercised compliance powers over AI.","Federal Law No. 243-FZ On Supporting the Development of Artificial Intelligence Technologies in the Russian Federation (2026), National Strategy for the Development of Artificial Intelligence until 2030 approved by Presidential Decree No. 490 (2019, updated 2024), Presidential Decree No. 116 establishing the Presidential Commission on the Development of Artificial Intelligence Technologies (2026), Federal Law No. 123-FZ on the experimental legal regime for artificial intelligence in Moscow (2020, updated 2024), Federal Law No. 258-FZ on experimental legal regimes in the sphere of digital innovation (2020), National Code of Ethics in the Field of Artificial Intelligence (2021)",http://en.kremlin.ru/acts/news/80377 | https://www.consultant.ru/document/cons_doc_LAW_540336/ | https://tass.com/politics/2161507 | https://www.nordicstar.law/en/news/russias-first-law-on-artificial-intelligence/ | https://a-ai.ru/ethics/index-en.html,2026-10-06,high
Rwanda,"Rwanda governs AI through a dedicated but non-binding framework: the Cabinet-approved National AI Policy of April 2023, the AI Readiness and Maturity Framework, and RURA's Guidelines on the Ethical Development and Implementation of Artificial Intelligence. Legal effect comes only from general instruments, chiefly Law No. 058/2021 Relating to the Protection of Personal Data and Privacy and Law No. 24/2016 Governing Information and Communication Technologies. The Cabinet decision of 8 June 2026 creating a National Artificial Intelligence Agency moves governance toward institutional form without creating enforceable AI obligations.","Rwanda relies on soft law and investment: the National AI Policy, the AI Readiness and Maturity Framework, RURA ethical guidelines, the National Data Sharing Policy (2025), and funded vehicles such as the Rwanda AI Scaling Hub and C4IR Rwanda. Institutional capacity is being consolidated in the Cabinet-approved National Artificial Intelligence Agency, which has a coordination rather than a regulatory enforcement mandate.","AI governance is centralised in the executive, with MINICT and the Cabinet-approved National Artificial Intelligence Agency leading and sectoral regulators (RURA, National Cyber Security Authority, National Bank of Rwanda) acting within existing remits. There is no subnational tier and no judicial or ombudsman review shaping AI rules.","Industry and academia feed in through drafting workshops, C4IR Rwanda and UNESCO-supported processes rather than standing formal bodies, and domestic civil society input has not recurred since the 2023 policy drafting. Internationally Rwanda is a convenor and norm-entrepreneur: Global AI Summit on Africa host, Africa Declaration on Artificial Intelligence sponsor, Smart Africa Alliance leader, and participant in the UN Global Dialogue on AI Governance.","Enforcement touching AI runs solely through data-protection powers of the National Cyber Security Authority, with no AI-specific obligations, sanctions or published enforcement decisions.","National AI Policy (2023), AI Readiness and Maturity Framework for Rwanda (2023), Guidelines on the Ethical Development and Implementation of Artificial Intelligence (RURA), Cabinet decision establishing the National Artificial Intelligence Agency (2026), National Data Sharing Policy (2025), Law No. 058/2021 Relating to the Protection of Personal Data and Privacy, Law No. 24/2016 Governing Information and Communication Technologies",https://www.minict.gov.rw/policies | https://www.un.org/global-dialogue-ai-governance/sites/default/files/2026-07/37._republic_of_rwanda.pdf | https://www.minict.gov.rw/fileadmin/user_upload/minict_user_upload/Documents/Policies/AI_Readiness_and_Maturity_Framework_for_Rwanda.pdf | https://oecd.ai/en/dashboards/policy-initiatives/the-national-ai-policy | https://www.ktpress.rw/2026/06/rwandas-ai-ambition-takes-shape-as-cabinet-approves-new-agency/,2026-10-06,medium
S. Sudan,"South Sudan has no AI-specific legislation, draft bill or national AI strategy; the country's first comprehensive digital statute, the Cybercrime and Computer Misuse Act 2026, was signed on 18 February 2026 and addresses hacking, critical infrastructure, online content and investigative powers without any AI provision. A first Data Protection Bill was announced by the Ministry of Information, Communication Technology and Postal Services for 2026 but has not been introduced, and comparative legal reviews place South Sudan as the only East African state with neither AI legislation nor AI soft law.","Policy activity is confined to general digital law and connectivity work, including the Cybercrime and Computer Misuse Act 2026, the SUDESA Strategic Framework for the Digital Transformation of South Sudan's Government and Public Sector, and a National Spectrum Management and 5G Strategy begun in July 2026. AI appears only in capacity-building events such as the National Communication Authority's AI app development bootcamp and UNESCO-supported training, not in any rule, guidance or funding instrument.","AI governance is absent rather than centralized: the Ministry of Information, Communication Technology and Postal Services and the National Communication Authority lead digital policy without any AI remit, and no coordination body, state-level institution or independent review mechanism addresses AI. Judicial and oversight engagement with digital law is limited to the contested enforcement of the Cybercrime and Computer Misuse Act 2026.","There is no structured domestic engagement by industry, civil society or academia on AI policy, and AI activity in Juba is limited to community events such as IndabaX South Sudan 2026 and donor-run training. International involvement rests on African Union and UNESCO membership rather than national participation in AI governance processes.","Enforcement activity is confined to the general Cybercrime and Computer Misuse Act 2026, under which a specialised unit and criminal penalties operate, while no AI-specific obligation, authority or monitoring exists.","Cybercrime and Computer Misuse Act 2026 (signed 18 February 2026), Cybercrimes and Computer Misuse Provisional Order 2021, SUDESA Strategic Framework for the Digital Transformation of South Sudan's Government and Public Sector, National Spectrum Management and 5G Strategy (under development, 2026), Data Protection Bill (announced for 2026, not introduced) — none AI-specific",https://www.radiotamazuj.org/en/news/article/explainer-cybercrime-and-computer-misuse-act-2026-offensives-and-penalties | https://www.telecompaper.com/news/south-sudan-enacts-cybercrime-and-computer-misuse-act-2026--1563020 | https://paradigmhq.org/wp-content/uploads/2025/09/Legal-analysis-of-laws-policies-and-government-strategies-relating-to-AI-in-Kenya-Mauritius-Rwanda-South-Sudan-Tanzania-Uganda-and-Zambia-1.pdf | https://dig.watch/countries/south-sudan | https://www.eyeradio.org/south-sudan-begins-developing-national-5g-strategy/,2026-10-06,medium
Saint Kitts and Nevis,"Saint Kitts and Nevis has no AI-specific legislation, no AI bill before the National Assembly, and no national AI strategy. The applicable framework is general technology and consumer law: the Electronic Transactions Act (Cap. 18.44), the Consumer Protection Act, 2023 adopted from the CARICOM model, and the Data Protection Act, 2018, which was passed on 4 May 2018 but has never been commenced. Government statements present consumer protection law as the vehicle for fair and responsible AI, which is the only link between binding law and AI.","The policy toolkit contains no AI-specific binding or soft-law instrument, no AI funding line, sandbox or procurement rule, and no body with an AI mandate. Activity is limited to the state's own adoption of AI tools, notably the Ministry of Justice and Legal Affairs' AI assistant for public legal information and planned AI-based traffic management.","Governance of technology in this unitary microstate is concentrated in central government ministries, with nothing assigned to or contested by other bodies on AI. The Nevis Island Administration plays no AI role, and courts and independent oversight bodies have not reviewed AI matters, although the judiciary itself has begun using digital and AI-assisted services.","Domestic AI policy-making involves no structured input from industry, civil society or academia, as no AI policy process has been opened. Engagement is confined to the international level, through statements at the United Nations and participation in UN and regional Caribbean AI discussions.","Nothing AI-specific is enforced or monitored, and only generic consumer-law penalties could reach AI-related conduct.","Data Protection Act, 2018 (passed 4 May 2018, not in force), Electronic Transactions Act (Cap. 18.44, 2011), Consumer Protection Act (2023)",https://www.sknis.gov.kn/2024/12/03/st-kitts-and-nevis-pioneers-ai-powered-assistant-to-answer-questions-about-its-laws/ | https://www.sknis.gov.kn/2026/09/27/the-next-great-divide-must-not-be-digital-acting-prime-minister-hanley-calls-for-inclusive-ai-future/ | https://lawcommission.gov.kn/wp-content/documents/Annual-Laws/2018/ACTs/Act-5-of-2018-Data-Protection-Act-2018.pdf | https://www.cullen-international.com/news/2026/09/Artificial-intelligence-regulation-and-policy-are-at-an-early-stage-in-the-Caribbean.html | https://www.dataguidance.com/jurisdiction/saint-kitts-and-nevis,2026-10-06,medium
Saint Lucia,"Saint Lucia has no AI-specific legislation, no draft AI bill and no AI provisions inside its general statutes; the partially proclaimed Data Protection Act, Cap 8.18 is the main general instrument that touches automated processing. The Minister for Education and Digital Transformation called in January 2026 for legislation on AI use in school-based assessments, but no text has been introduced. Cullen International's September 2026 regional benchmark confirms that no Caribbean country covered, Saint Lucia included, has adopted an AI-specific regulatory framework.","Policy action is confined to broader digital transformation work: the DigiGov e-services platform, the National Authentication Framework digital ID launched in 2026, and a planned ECLAC-supported regulatory sandbox for digital identity and fintech. No AI funding scheme, AI procurement rule, AI guidance document or AI-mandated institution exists.","Governance of AI is centralised and informal: one ministerial portfolio touches the subject, with no dedicated regulator, no statutory coordination body and no role for courts or independent oversight bodies in shaping AI rules. Regional bodies, in particular CARICOM and the Caribbean Telecommunications Union Caribbean AI Task Force, provide the only structured forums in which Saint Lucia takes part.","Structured participation in AI policy is international rather than domestic: Saint Lucia joins UNESCO regional ethics forums, CARICOM digital processes and the Caribbean Telecommunications Union Caribbean AI Task Force, while no national consultation, working group or advisory council brings in domestic industry, civil society or universities. Business interest surfaces through the Saint Lucia Chamber of Commerce rather than through government process.","Enforcement capacity for AI is absent: no AI-specific duties, no designated authority, no recorded action and no monitoring beyond regional readiness reviews.","Data Protection Act, Cap 8.18 (2011, partially in force 2023)",https://www.cullen-international.com/news/2026/09/Artificial-intelligence-regulation-and-policy-are-at-an-early-stage-in-the-Caribbean.html | https://attorneygeneralchambers.com/laws-of-saint-lucia/data-protection-act | https://education.govt.lc/news/saint-lucia-advances-plans-for-digital-innovation-regulatory-sandbox | https://ctu.int/wp-content/uploads/2025/12/CCAITF-Draft-Interim-Report-MASTER.pdf | https://stluciatimes.com/177560/2026/01/education-minister-addresses-ai-use-in-cxc-sbas/,2026-10-06,medium
Saint Vincent and the Grenadines,"Saint Vincent and the Grenadines has no AI-specific legislation, bill or subsidiary regulation; AI is touched only incidentally by the Electronic Transactions Act (2007), Cybercrime Act (2016) and Telecommunications Act (2001), none of which contain a provision written for AI systems. The Privacy Act (2003), which would cover processing of personal data by public authorities, remains un-commenced, leaving no data-protection baseline for automated decision-making.","Policy activity is confined to general digital transformation: a five-year digital transformation strategy process and the Caribbean Digital Transformation Project deliver connectivity, e-government and skills work without AI-specific guidance, funding windows, procurement rules or a sandbox. Regionally endorsed material such as the Caribbean Telecommunications Union's Caribbean AI Task Force Final Report (2026) is advisory and has not been translated into national instruments.","Governance is highly centralized: the NTRC is the only standing authority touching AI-adjacent matters, supported by the regional ECTEL treaty structure, and the Ministry responsible for digital transformation sets policy direction without a coordination mechanism. There is no subnational tier and no court or independent-review practice shaping AI rules.","Engagement on AI is almost entirely external: participation in the Caribbean Telecommunications Union's AI and data-governance ministerial dialogues, the CARICOM-level Caribbean AI Task Force process and the 4th UNESCO Global Forum on the Ethics of AI. Domestically there is no structured consultation channel for industry, civil society or academia on AI policy.","Enforcement capability is limited to general criminal and electronic-transactions penalties, with no AI-specific obligations, no designated enforcer and no monitoring or audit practice.","Electronic Transactions Act (2007), Cybercrime Act (2016), Telecommunications Act (2001), Privacy Act (2003, not in force)",https://legal.gov.vc | https://ntrc.vc | https://www.unesco.org/en/articles/caribbean-voices-4th-unesco-global-forum-ethics-ai | https://ctu.int/communique-ctu-ict-week-2026-french-guiana/ | https://dtp.gov.vc,2026-10-06,medium
Samoa,"Samoa has no dedicated AI legislation, no binding AI rules and no AI bill before the Legislative Assembly. The National Communications & Information Technology Policy 2025/26-2030/31 and the National Cybersecurity Strategy 2025/26-2030/31, launched by the Deputy Prime Minister on 17 April 2026, define artificial intelligence and treat trust, safety and responsible data use as principles, but impose no legal duties. AI activity remains governed incidentally by general instruments including the National Digital Identification Act 2024 and telecommunications law.","Policy action is limited to soft framing: the National ICT Policy 2025/26-2030/31 and National Cybersecurity Strategy 2025/26-2030/31 reference artificial intelligence as an emerging risk and opportunity, and MCIT ran a UNDP-supported AI trust and safety workshop in Apia on 13-14 November 2025. No funded AI programme, sandbox, procurement rule or body with a legal AI mandate exists.","AI matters sit entirely with the Ministry of Communications and Information Technology, whose Digital Transformation and Innovation Division leads digital and cybersecurity policy. Sectoral regulators, subnational authorities and independent review bodies have no AI role.","Engagement on AI runs through ministry-led consultation events rather than standing structures: private sector and community actors took part in the National ICT Policy validation and Samoa Digital Week 2026, and experts joined the MCIT-UNDP AI workshop. International partners, chiefly UNDP and Pacific regional forums, supply most AI governance input.","No AI enforcement framework, penalty, authority or monitoring practice exists, leaving only general telecommunications, digital identity and cybercrime penalties incidentally applicable.","National Communications & Information Technology Policy Samoa 2025/26-2030/31 (2026), Samoa National Cybersecurity Strategy 2025/26-2030/31 (2026), Pathway for the Development of Samoa 2025/26-2030/31, National Digital Identification Act 2024",https://mcit.gov.ws/official-launch-of-the-national-ict-policy-national-cybersecurity-strategy/ | https://mcit.gov.ws/wp-content/uploads/2026/04/Samoa-National-ICT-Policy-2026.pdf | https://mcit.gov.ws/strengthening-samoas-readiness-for-ai-risks/ | https://www.undp.org/samoa/press-releases/strengthening-samoas-readiness-ai-risks | https://www.undp.org/samoa/stories/samoa-age-ai,2026-10-06,medium
San Marino,"San Marino has no dedicated AI legislation in force or in the legislative pipeline; AI falls incidentally under Law No. 171/2018 on personal data protection. The Republic signed the Council of Europe Framework Convention on Artificial Intelligence and Human Rights, Democracy and the Rule of Law on 5 September 2024 as one of its first signatories, but has not ratified it and the treaty remains outside domestic law. The EU–Andorra–San Marino Association Agreement, whose signature and provisional application the Council of the European Union authorised on 16 July 2026, is the channel through which internal-market rules would later reach San Marino.","Policy activity is limited to a general data-protection law and a generic high-technology enterprise incentive regime administered by San Marino Innovation, updated by Decreto Delegato n. 91 of 20 July 2026. There is no AI strategy, AI guidance, AI funding programme, regulatory sandbox or body holding a statutory AI mandate.","Governance is fully centralised: one general data-protection authority carries whatever AI-adjacent oversight exists, alongside the executive Secretariats of State and San Marino Innovation. There is no coordination mechanism, no sub-national layer and no judicial or independent-review practice shaping AI rules.","Engagement on AI is predominantly external, through the Council of Europe treaty process and International Monetary Fund and European Union fora, with the University of San Marino hosting occasional academic debate. Domestic industry contact occurs through innovation events rather than AI consultations, and civil society has no role.","Enforcement reaches AI only indirectly through the data-protection powers of the Garante per la protezione dei dati personali, with no AI-specific penalties, decisions or monitoring.","Law No. 171/2018 (Data Protection Law), Council of Europe Framework Convention on Artificial Intelligence and Human Rights, Democracy and the Rule of Law (signed 5 September 2024, not ratified), Decreto Delegato n. 101/2019 on high-technology enterprises as amended by Decreto Delegato n. 91 of 20 July 2026",https://www.coe.int/en/web/artificial-intelligence/cai | https://www.garanteprivacy.sm | https://www.consigliograndeegenerale.sm | https://www.consilium.europa.eu/en/press/press-releases/2026/07/16/council-greenlights-eu-deal-with-andorra-and-san-marino/ | https://www.sanmarinortv.sm/news/comunicati-c9/imprese-ad-alto-contenuto-tecnologico-di-san-marino-innovation-modifiche-al-decreto-delegato-n-101-2019-entrata-in-vigore-del-decreto-delegato-20-luglio-2026-n-91-in-attesa-di-ratifica-a294102,2026-10-06,medium
Sao Tome and Principe,"São Tomé and Príncipe has no AI-specific legislation, draft bill or sectoral AI rule. The applicable framework is general: Law No. 3/2016 on the Protection of Personal Data, Law No. 7/2017 establishing the National Personal Data Protection Agency (ANPDP), and the Cybercrime Law of 2017, none of which contains provisions written for AI systems. The UNESCO Readiness Assessment Methodology country report places the country at a consumption stage of AI with regulation and oversight identified as a priority still to be addressed.","Policy activity on AI is limited to a UNESCO-supported readiness diagnostic; the country uses no AI-specific binding instruments, guidance, funding programmes or sandboxes. Digital policy is carried by the National Cybersecurity Strategy 2024-2028 and the digital governance strategy work supported by United Nations University, neither of which creates AI obligations or an AI mandate.","Governance is centralised in a single national government with no AI-specific authority, coordination body or independent review role. The ANPDP is the one operational independent digital regulator, and its powers under Law No. 7/2017 do not extend to AI as such.","International organisations drive what AI engagement exists: UNESCO conducted and published the AI readiness assessment presented in São Tomé in June 2025, and African Union membership brings the Continental AI Strategy. Domestic industry, civil society and universities have no structured role in AI policy-making.","No AI rules exist to enforce, and the only oversight touching AI is the general data protection mandate of the ANPDP, which has taken no recorded AI-related action.","Law No. 3/2016 on the Protection of Personal Data (2016), Law No. 7/2017 on the Organisation and Functioning of the National Personal Data Protection Agency (2017), Cybercrime Law (2017), National Cybersecurity Strategy 2024-2028 (2023), UNESCO AI Readiness Assessment Methodology country report for São Tomé and Príncipe (2025)",https://www.unesco.org/ethics-ai/en/saotomeeprincipe | https://www.redipd.org/en/the-network/members/countries/democratic-republic-of-sao-tome-and-principe | https://dataprotection.africa/sao-tome-and-principe/ | https://www.coe.int/en/web/octopus/-/sao-tome-and-principe | https://dig.watch/countries/sao-tome-and-principe,2026-10-06,medium
Saudi Arabia,"Saudi Arabia governs AI mainly through non-binding SDAIA instruments, with binding AI-written provisions confined to the Copyright Law (Royal Decree M/169) in force since 12 August 2026 and its Implementing Regulations, which set conditions on using copyrighted works to develop AI. The Personal Data Protection Law applies to automated processing and profiling without AI-specific duties, and the Draft Responsible AI Policy and Draft Global AI Hub Law remain unenacted after public consultations.","Policy runs through SDAIA's maintained soft-law suite—AI Ethics Principles, Generative AI Guidelines, AI Adoption Framework and the National AI Risk Management Framework (SDAIA-P145, 2026)—supported by funded programmes, sandboxes and public-sector adoption leverage. Binding levers are limited to the PDPL and the AI-training provisions of the 2026 Copyright Law.","AI governance is centralized in SDAIA, which sets strategy, issues frameworks and enforces the PDPL, with sectoral bodies such as CST, DGA and the Saudi Authority for Intellectual Property acting inside their existing mandates. There is no subnational tier and no independent judicial or ombudsman review of AI policy.","Participation is consultation-based through the Istitlaa platform, used for the draft Global AI Hub Law (2025) and the draft Responsible AI Policy (April–May 2026), without standing roles for industry, civil society or academia. Internationally the Kingdom is active in UN and G20 AI governance work and hosts major AI events while signing no binding AI instrument.","Enforcement operates under the PDPL through SDAIA's violation-review committees, with 48 decisions reported in January 2026, while no AI-specific obligation carries its own sanction or published enforcement record.","National Strategy for Data and AI – NSDAI (2020), Personal Data Protection Law – Royal Decree M/19 (2021, in force 2023), AI Ethics Principles – SDAIA (2023), Generative AI Guidelines – SDAIA (2024), AI Adoption Framework – SDAIA (2025), National Artificial Intelligence Risk Management Framework – SDAIA-P145 (2026), Copyright Law – Royal Decree M/169 (2026, in force 12 August 2026) and its Implementing Regulations (2026), Cabinet decision designating 2026 the Year of Artificial Intelligence (2026), Draft Responsible AI Policy – SDAIA (consultation closed May 2026), Draft Global AI Hub Law – CST (2025)",https://cms.law/en/int/expert-guides/ai-regulation-scanner/kingdom-of-saudi-arabia | https://www.spa.gov.sa/en/N2633781 | https://www.bakermckenzie.com/en/insight/publications/2026/07/saudi-arabia-new-copyright-law-modernises-ksa-ip-framework | https://digitalpolicyalert.org/event/39093-saudi-data-and-artificial-intelligence-authority-closes-consultation-on-draft-responsible-ai-policy-including-performance-monitoring-requirement | https://sdaia.gov.sa/en/SDAIA/about/Files/AIAdoptionFramework.pdf,2026-10-06,medium
Senegal,"Senegal has no binding AI-specific legislation; governance rests on the non-binding Stratégie Nationale pour le Développement de l'Intelligence Artificielle (2023) and the New Deal Technologique Horizon 2034 launched in February 2025. Recent digital legislating has been general rather than AI-written: the National Assembly adopted Law No. 25/2026 on the protection of critical information infrastructures and digital security on 20 August 2026, and Law No. 2008-12 on personal data remains the main instrument the regulator applies to AI processing. A regional parliamentary workshop on AI regulation hosted in Dakar from 16 to 18 September 2026 discussed future rules without producing a national bill.","Policy is driven by non-binding strategy and public investment rather than regulation: the SNDIA (2023) and the New Deal Technologique Horizon 2034 (2025) set objectives for AI skills, data infrastructure and a Cluster Sénégal IA, while a joint Ministry of Public Service and Ministry of Telecommunications plan announced in September 2026 targets AI training for more than 35,000 civil servants. The Commission de Protection des Données Personnelles holds data-protection powers applicable to AI, but no body has a statutory AI mandate.","AI policy is centralised in the Ministry of Communication, Telecommunications and Digital Economy, with the Commission de Protection des Données Personnelles covering data protection and ARTP covering telecoms and emerging-technology infrastructure. Coordination between them is ad hoc, sub-national authorities have no role, and independent review of AI decisions is confined to data-protection supervision.","Industry, civil society and academia were consulted in the SNDIA process, the UNESCO Readiness Assessment Methodology exercise and events such as Afrik'IA and the 2026 Internet governance forum, but none holds a standing formal role. International engagement is the strongest channel, through the African Union, Smart Africa, UNESCO and United Nations discussions on autonomous weapons.","Enforcement reaching AI occurs only under data-protection and cybersecurity law, with no AI-specific obligation, penalty or dedicated supervisor in place.","National Strategy for the Development of Artificial Intelligence in Senegal (SNDIA) (2023), New Deal Technologique Horizon 2034 (2025), Law No. 2008-12 on the Protection of Personal Data (2008), Law No. 25/2026 on the Protection of Critical Information Infrastructures and Digital Security (2026), African Union Convention on Cyber Security and Personal Data Protection (Malabo Convention) (ratified 2016)",https://www.unesco.org/ethics-ai/en/senegal | https://oecd.ai/en/dashboards/policy-initiatives/senegal-national-artificial-intelligence-strategy-and-road-map | https://www.presidence.sn/fr/assets/new-deal/Doc_NDT.pdf | https://www.vie-publique.sn/documents/14070/projet-loi-25-2026-assemblee-nationale-protection-infrastructures-information-critiques-securite-numerique | https://www.osiris.sn/protection-des-donnees-au-senegal-la-cdp-tire-la-sonnette-d-alarme-face-a-la.html,2026-10-06,medium
Serbia,"Serbia has no binding AI law in force; artificial intelligence is governed by the Strategy for the Development of Artificial Intelligence 2025-2030, the 2023 Ethical Guidelines for reliable and responsible AI, and general legislation on personal data protection, electronic commerce and information security. A working group of the Ministry of Science, Technological Development and Innovation is drafting a first Law on Artificial Intelligence closely modelled on the EU AI Act, providing risk classification, prohibited practices, labelling of AI-generated content, an Artificial Intelligence Agency and a register of high-risk systems; adoption is targeted for December 2026 and the draft has not been submitted to the National Assembly. A draft Law on Personal Data Protection published for consultation on 30 July 2026 would add AI-specific duties, including mandatory impact assessments and prior opinions for high-risk AI processing, but remains a draft.","Policy runs through strategy, soft law and spending: the AI Strategy 2025-2030 with its action plan, the 2023 Ethical Guidelines, the state-funded Institute for Artificial Intelligence of Serbia and the national AI computing platform. Coordination rests with the Council for Artificial Intelligence, which holds no compliance powers, and the regulatory sandbox and compliance-assessment bodies remain plans tied to the pending draft AI law.","Governance is centralised in the Ministry of Science, Technological Development and Innovation, supported by the cross-ministerial Council for Artificial Intelligence and a drafting working group; no independent AI regulator exists and the planned Artificial Intelligence Agency awaits the draft law. Subnational authorities have no role, and independent review of AI-related matters is limited to isolated data protection complaints that produced no decision.","Participation is invitation-based: industry bodies, NALED, law firms and academic researchers sit in the ministry's AI law working group, while digital-rights groups comment largely from outside the process and the draft text has not been opened to general public consultation. Internationally Serbia is highly active, having chaired the Global Partnership on Artificial Intelligence, hosted the Belgrade Ministerial Declaration and aligned its draft law with the EU AI Act as an accession candidate.","No AI-specific obligations, penalties, supervisory authority or audit regime are in force, and the only AI-related complaint before the Data Protection Commissioner closed without action for lack of enforcement capacity.","Strategy for the Development of Artificial Intelligence in the Republic of Serbia 2025-2030 (Official Gazette RS No. 5/2025), Strategy for the Development of Artificial Intelligence in the Republic of Serbia 2020-2025 (Official Gazette RS No. 73/2019), Ethical Guidelines for the Development, Application and Use of Reliable and Responsible Artificial Intelligence (2023), Law on Personal Data Protection (2018), Draft Law on Artificial Intelligence (2026, in preparation), Draft Law on Personal Data Protection (2026, public consultation 30 July-10 September 2026)",https://www.rts.rs/lat/vesti/drustvo/5975933/zakon-o-vestackoj-inteligenciji-srbija.html | https://cms.law/en/int/expert-guides/ai-regulation-scanner/serbia | https://www.terralex.org/insights-cross-border-guides/terralex-ai-guide/serbia-ai-guide | https://iapp.org/news/a/serbia-s-draft-personal-data-protection-law-what-changes-are-on-the-table | https://balkaninsight.com/2026/07/02/ai-as-political-theatre-serbias-embrace-of-new-tech-lacks-legal-guardrails/bi/,2026-10-06,medium
Seychelles,"Seychelles has no dedicated AI legislation and no AI bill in the National Assembly; the Data Protection Act, 2023 (Act 24 of 2023), in force since 22 December 2023 and enforced by the Information Commission, reaches AI only as general data law. The single AI-specific instrument is the National Artificial Intelligence in Education Framework 2026-2030, published in March 2026 and approved by Cabinet on 22 July 2026, a non-binding policy limited to state schools that sets expectations on data privacy, child protection, academic integrity, cybersecurity and procurement. The National Institute of Science, Technology and Innovation Act, 2025 (Act 24 of 2025) names artificial intelligence among the institute's promotional functions but has not commenced.","Policy action runs through a Cabinet-approved sectoral framework and ministry-led capacity building, including a national workshop on digital competencies for teachers delivered with the Commonwealth of Learning and technical support from the World Bank. No AI-specific binding instrument, dedicated funding line, sandbox or AI procurement rule is in place, and the National Institute of Science, Technology and Innovation Act, 2025, which would give a statutory body an AI promotion remit, has not commenced.","AI governance is handled by central executive bodies: the Ministry of Education and Human Resource Development for the education framework, the Department of Information Communications Technology for digital policy, with the Information and Communications Technologies Authority and the Information Commission applying general communications and data law. There is no AI coordination structure, no district-level role and no judicial or independent-review activity on AI.","Domestic engagement on AI is occasional and event-based: a National Assembly seminar on artificial intelligence in March 2024 with university, ministry and citizen speakers, and the 2026 National Innovation Fair bringing together government, academia, private sector and civil society. External linkage comes from the World Bank's technical support for the education framework, the Commonwealth of Learning teacher-competency work, and membership of UNESCO and the African Union.","Enforcement touching AI rests entirely on general data protection and communications law, with no AI-specific penalties, no recorded actions and only framework-level monitoring commitments in schools.","National Artificial Intelligence in Education Framework 2026-2030 (2026), Data Protection Act, 2023 (Act 24 of 2023), National Institute of Science, Technology and Innovation Act, 2025 (Act 24 of 2025)",https://statehouse.gov.sc/news/7158/president-herminies-vision-for-artificial-intelligence-takes-root-in-seychelles-classrooms | https://nation.sc/articles/31810/cabinet-backs-national-artificial-intelligence-framework-for-education | https://seylii.org/akn/sc/act/2025/24/eng@2025-12-23 | https://www.dlapiperdataprotection.com/index.html?t=law&c=SC | https://www.icta.sc,2026-10-06,medium
Sierra Leone,"Sierra Leone has no enacted AI-specific legislation and none before Parliament. The Ministry of Communication, Technology and Innovation, with the World Bank Group, produced a Draft Sierra Leone AI Readiness Diagnostic Report and held three days of stakeholder consultation in May 2026 toward a first National AI Strategy, which remains unadopted. AI-adjacent conduct falls under general law such as the Cyber Security and Crime Act 2021, and a Cabinet-approved National Data Protection Policy (April 2026) awaits a merged data protection and access-to-information law.","Policy action runs through donor-funded programmes rather than law: the Sierra Leone Digital Transformation Project finances the AI readiness diagnostic, a civil-service digital and AI literacy programme, and the National AI and Deepfake Awareness Campaign launched in Freetown in September 2026. The Bank of Sierra Leone operates a fintech regulatory sandbox, but it is not AI-specific, and no AI procurement rules or AI-specific binding instruments exist.","AI governance is concentrated in central government, with the Ministry of Communication, Technology and Innovation as lead and the Directorate of Science, Technology and Innovation as implementing partner alongside the Ministry of Information and Civic Education. Cooperation occurs through individual projects financed by the World Bank, without a statutory coordination mechanism, subnational competence or independent oversight.","Domestic participation is limited to one-off consultation: government, media, civil society and private sector took part in the May 2026 engagement on the Draft AI Readiness Diagnostic Report, and no body holds a standing advisory seat. International engagement is more active, combining World Bank partnership, African Union Continental AI Strategy membership, endorsement of the Call for Control of Frontier AI Models, and presidential advocacy at the 81st UN General Assembly.","With no AI rules in force, there is nothing to enforce, no penalties, no designated authority and no monitoring of AI systems.","Cyber Security and Crime Act (2021), National Communications Authority Act (2022), National Innovation and Digital Strategy (2019-2029), National Data Protection Policy (2026) [Cabinet-approved], Data Protection and Right to Access Information Bill (2025) [draft, not enacted], Sierra Leone AI Readiness Diagnostic Report (2026) [draft, non-binding], National AI Strategy [under development], National AI and Deepfake Awareness Campaign (2026)",https://mocti.gov.sl/the-ministry-of-communication-technology-and-innovation-mocti-in-collaboration-with-the-world-bank-group-is-developing-sierra-leones-first-ever-national-ai-strategy/ | https://techafricanews.com/2026/09/17/sierra-leone-launches-nationwide-campaign-combat-ai-deepfakes/ | https://moice.gov.sl/cabinet-approves-first-ever-data-protection-policy-paving-way-for-new-data-law/ | https://www.presidentti.fi/en/a-call-for-control-of-frontier-ai-models/ | https://techafricanews.com/2026/05/28/sierra-leone-advances-artificial-intelligence-agenda-to-expand-digital-opportunities/,2026-10-06,medium
Singapore,"Singapore governs AI mainly through voluntary, AI-explicit instruments—the Model AI Governance Framework family, AI Verify, and the National AI Strategy Update of 20 May 2026—with binding obligations confined to AI-generated content under the Elections (Integrity of Online Advertising) (Amendment) Act 2024 and the Online Safety (Relief and Accountability) Act 2025. The Personal Data Protection Act 2012 supplies the general legal base, now read through the PDPC Advisory Guidelines on Use of Personal Data in Generative AI, which make AI-specific notification mandatory. The MAS Guidelines on Artificial Intelligence Risk Management are still in preparation following the consultation that closed on 31 January 2026.","Policy runs on voluntary frameworks, testing tools and funding: the Model AI Governance Frameworks, AI Verify, the MAS AI Risk Management Toolkit and the PDPC generative AI guidelines, backed by National AI Missions, R&D funding, tax incentives and sandboxes. Binding levers remain limited to the electoral deepfake ban and general statutes applied by existing regulators.","IMDA under MDDI leads AI governance with the AI Verify Foundation, while MAS, PDPC, the Online Safety Commission and the Elections Department cover their own sectors, coordinated through the National AI Council chaired by the Prime Minister. There is no subnational layer, and independent review of AI decisions is limited to ordinary court remedies.","Industry and academia hold structured, continuing roles through the AI Verify Foundation, the MAS–industry MindForge work and the NTU-hosted AI Safety Institute, while domestic civil society is limited to occasional public consultations. Internationally Singapore is highly active, from the AI Safety Institute network and OECD work to ASEAN leadership and bilateral AI agreements.","Enforcement is confined to narrow content rules and general statutes, with penalties defined under ELIONA and the online safety regime but no published sanction imposed under an AI-specific provision.","National AI Strategy (2019), National AI Strategy 2.0 (2023), National AI Strategy Update (2026), Model AI Governance Framework (2019, updated 2024 for Generative AI), Model AI Governance Framework for Agentic AI version 1.5 (2026), Personal Data Protection Act (2012, amended 2020), PDPC Advisory Guidelines on Use of Personal Data in Generative AI (2026), Elections (Integrity of Online Advertising) (Amendment) Act (2024), Online Safety (Relief and Accountability) Act (2025), Online Criminal Harms Act (2023), Online Safety (Miscellaneous Amendments) Act (2022), MAS Consultation Paper on Guidelines on Artificial Intelligence Risk Management (2025), MAS AI Risk Management Toolkit (2026), Scams (Countermeasures) and Other Matters Act (2026)",https://www.mddi.gov.sg/newsroom/singapore-launches-new-model-ai-governance-framework-for-agentic-ai--/ | https://www.mas.gov.sg/news/media-releases/2025/mas-guidelines-for-artificial-intelligence-risk-management | https://www.mddi.gov.sg/newsroom/pq-on-regulations-to-tackle-deepfake-software/ | https://www.bakermckenzie.com/en/insight/publications/2026/07/singapore-ai-specific-notification-requirement | https://www.twobirds.com/en/insights/2026/singapore/singapore-launches-online-safety-commission-to-tackle-online-harms,2026-10-06,medium
Slovakia,"Slovakia is covered by the directly applicable EU AI Act, whose prohibitions, AI-literacy and general-purpose AI duties already apply and whose Article 50 transparency rules apply from 2 August 2026, while Regulation (EU) 2026/1744 postponed high-risk obligations to December 2027. Nationally, Act No. 56/2018 Coll. on conformity assessment of products was amended by Act No. 318/2025 Coll. from 1 January 2026 to anchor AI Act enforcement and penalties, and the Act on State Administration in the Field of Artificial Intelligence and European Data Regulation, approved by the government on 26 August 2026, is in second reading with effect from 1 January 2027. No standalone Slovak AI statute is yet in force.","Slovakia relies on the directly applicable EU AI Act plus the conformity-assessment amendment of Act No. 318/2025 Coll., supplemented by MIRRI's AI information hub, CERAI advice and EU codes of practice. Economic levers are EDIHs, national supercomputing and AI-skills funding, with a regulatory sandbox and dedicated staffing provided for only in the pending state-administration bill.","Governance is concentrated in MIRRI as coordinator and prospective general AI market surveillance authority, with the Office for Personal Data Protection, National Security Authority, Slovak Trade Inspection and the Office for Standardisation as notifying authority holding sectoral remits. A separate Digital Integrity Office was dropped on budgetary grounds, there is no subnational layer, and independent scrutiny is limited to CERAI's advisory opinions.","Industry, academia and trade unions feed into AI policy through the AIslovakIA platform, CERAI, interdepartmental consultation and a 2026 memorandum with the Technology Trade Union, while NGOs have no standing statutory seat. Internationally Slovakia acts through the EU AI Board, OECD and GPAI and has signed the Council of Europe Framework Convention on AI.","Penalties exist on paper through the AI Act and Act No. 318/2025 Coll., but no Slovak authority has yet been fully empowered or resourced and no AI enforcement decisions have been taken.","EU AI Act – Regulation (EU) 2024/1689 (2024), Regulation (EU) 2026/1744 Digital Omnibus on AI (2026), Act No. 56/2018 Coll. on Conformity Assessment of Products as amended by Act No. 318/2025 Coll. (2025), Draft Act on State Administration in the Field of Artificial Intelligence and European Data Regulation (2026), Act No. 18/2018 Coll. on Personal Data Protection (2018), Act No. 69/2018 Coll. on Cybersecurity (2018), Government Plenipotentiary for Artificial Intelligence (2025), Action Plan for Digital Transformation of Slovakia 2023–2026 (2023), CERAI Standing Commission on Ethics and Regulation of Artificial Intelligence (2020)",https://cms.law/en/int/expert-guides/ai-regulation-scanner/slovakia | https://rokovania.gov.sk/RVL/Material/32164/1 | https://www.teraz.sk/ekonomika/dohlad-nad-umelou-inteligenciou-ma-koo/992905-clanok.html | https://mirri.gov.sk/aktuality/splnomocnenec-vlady-pre-ai/newsletter-december-2025/ | https://www.oecd.org/content/dam/oecd/en/publications/reports/2025/10/progress-in-implementing-the-european-union-coordinated-plan-on-artificial-intelligence-volume-1-country-notes_b0385317/slovak-republic_02443328/5b824a40-en.pdf,2026-10-06,medium
Slovenia,"Slovenia regulates AI through directly applicable Regulation (EU) 2024/1689 and the national Act on the Implementation of the EU Regulation on Harmonised Rules on Artificial Intelligence (ZIUDHPUI), in force since 21 November 2025, which designates competent authorities, offences and fines. Prohibited practices, general-purpose AI, penalty and Article 50 transparency provisions apply, while high-risk obligations were postponed to 2 December 2027 (Annex III) and 2 August 2028 (Annex I) by the Digital Omnibus Regulation (EU) 2026/1744. Sector-specific AI duties exist in the Media Act (ZMed-1, 2025), which requires visible labelling of generative-AI media content and places AI-assisted content under editorial responsibility.","The binding layer is Regulation (EU) 2024/1689 operationalised by ZIUDHPUI, with AI-content labelling duties in ZMed-1; soft law comprises the National Strategy for Artificial Intelligence until 2030 (adopted 5 March 2026), AKOS guidance and Information Commissioner opinions. Economic levers include NpUI and recovery-fund financing, the Slovenian AI Factory supercomputer, the AI Competence Centre and European Digital Innovation Hubs, with the statutory AI regulatory sandbox at AKOS prepared but not yet operating.","The Ministry for Digital Transformation steers policy while supervision is split among AKOS, the Information Commissioner, the Bank of Slovenia, the Insurance Supervision Agency, the Market Inspectorate and the Information Society Inspectorate, linked by the coordination council of supervisory authorities created by ZIUDHPUI. Oversight is wholly national; independent input comes from the Information Commissioner and the National Council for Ethics in Artificial Intelligence rather than from courts or sub-national bodies.","Preparation of the National Strategy for Artificial Intelligence until 2030 involved ministries, the research community, business, the public sector and civil society through several public consultations and unanimous endorsement by the Economic and Social Council. Academic experts hold formal seats on the National Council for Ethics in Artificial Intelligence, while international engagement runs through the EU AI Board, OECD work and signature of Council of Europe Framework Convention CETS 225.","Penalties mirroring the AI Act's tiered fines are legislated in ZIUDHPUI and supervisory powers became applicable in August 2026, but enforcement so far consists of guidance and opinions rather than decisions or sanctions.","EU AI Act / Regulation (EU) 2024/1689 (2024), Digital Omnibus on Artificial Intelligence – Regulation (EU) 2026/1744 (2026), Act on the Implementation of the EU Regulation on Harmonised Rules on Artificial Intelligence – ZIUDHPUI (2025), Media Act – ZMed-1 (2025), National Strategy for Artificial Intelligence until 2030 – NsUI 2030 (2026), National Programme to Promote the Development and Use of AI in the Republic of Slovenia by 2025 – NpUI (2021), Digital Slovenia 2030 Strategy (2023)",https://www.akos-rs.si/en/umetna-inteligenca/raziscite/general | https://www.akos-rs.si/en/umetna-inteligenca/explore/regulatory-sandboxes-for-artificial-intelligence-systems | https://www.gov.si/assets/ministrstva/MNZJU/MDP/Dokumenti/Umetna-inteligenca/NsUI2030_ang.pdf | https://www.uradni-list.si/glasilo-uradni-list-rs/vsebina/2025-01-2460 | https://www.jadek-pensa.si/en/kaj-prinasa-zakon-o-izvajanju-akta-o-umetni-inteligenci/,2026-10-06,high
Solomon Islands,"Solomon Islands has no AI-specific legislation, regulation or bill; AI appears only in planning documents, namely the SIG ICT Services Digital - Data, People, Technology and Cyber Strategy 2026-2030, which lists an AI for Government project and an intention to develop ethical AI guidelines, and the ICT for Education Master Plan 2026-2030 launched by the Ministry of Education and Human Resources Development. The Data Protection and Privacy Bill drafted with UNCTAD support remains unenacted, leaving even general data law absent.","Policy action runs through strategy documents and donor-supported projects rather than instruments: the SIG ICT Services Digital Strategy 2026-2030 foresees AI for Government work and ethical AI guidelines, while the ICT for Education Master Plan 2026-2030 covers AI literacy. No funded AI program, sandbox, procurement rule or dedicated institution exists.","Governance of digital matters is centralized in national ministries, with no AI function assigned to any regulator, no cross-agency coordination body, and no provincial or independent-review role. The Telecommunications Commission of Solomon Islands regulates telecoms only.","Engagement on AI is almost entirely external: Solomon Islands acts through the Pacific Islands Forum, where leaders endorsed the non-binding Pacific Digital and Artificial Intelligence Technology Principles in September 2026, and through donor partners such as UNCTAD, UNDP and the World Bank. Domestic industry, civil society and academia have no structured role in AI policy.","Enforcement is absent because no AI-specific obligation, penalty or supervisory authority exists.","SIG ICT Services Digital - Data, People, Technology and Cyber Strategy 2026-2030, Solomon Islands ICT for Education Master Plan 2026-2030, National Cyber Security Policy (2024), National ICT Policy (2017), draft Data Protection and Privacy Bill (2024)",https://solomons.gov.sb/mehrd-launches-solomon-islands-ict-for-education-master-plan-2026-2030/ | https://pacificecommerce.org/pei-project/solomon-islands-data-protection-and-privacy-legislation/ | https://pina.com.fj/2026/09/06/pacific-leaders-set-ai-rules-push-stronger-digital-connectivity/ | https://www.mca.gov.sb,2026-10-06,medium
Somalia,"Somalia has no AI-specific legislation, draft bill or national AI strategy; artificial intelligence reaches the statute book only through the Data Protection Act (Law No. 005 of 2023), whose Article 23 gives a right not to be subject to decisions based solely on automated processing and whose transparency duties cover automated decision-making and profiling. Governmental engagement with AI is confined to convening activity, principally the National Communications Authority's AI Summit Somalia 2026 in Mogadishu, which discussed AI governance and regulation without producing a binding instrument.","Policy action on AI is limited to convening and research: the National Communications Authority hosts the annual AI Summit Somalia with World Bank SCALE-UP support, and Somali National University opened the Somali National Artificial Intelligence Centre in July 2026 for research and policy input. No AI guidance, standard, sandbox, procurement rule or statutory AI mandate has been created.","AI matters sit informally with the National Communications Authority, with the Data Protection Authority handling automated-processing rights under the Data Protection Act (Law No. 005 of 2023). Coordination is occasional and event-driven, federal member states play no part, and no judicial or independent oversight of AI has occurred.","Engagement is strongest from academia, with Somali National University and Zamzam University co-organising the national AI summit and SNU hosting the Somali National Artificial Intelligence Centre; industry and civil society take part as summit attendees rather than through formal consultation. Internationally, Somalia is an African Union member covered by the Continental AI Strategy, cooperates with Saudi Arabia's CST on AI regulation, and hosts UNESCO work on the Recommendation on the Ethics of Artificial Intelligence.","Enforcement touching AI is confined to general data protection measures, such as the Data Protection Authority's June 2026 mandatory registration directive under Article 32 of the Data Protection Act, with no AI-specific penalties, authority or monitoring.","Data Protection Act (Law No. 005 of 2023), Communications Act (2017)",https://nca.gov.so/national-communications-authority-holds-the-second-ai-summit-somalia-2026/ | https://dig.watch/countries/somalia | https://www.dataguidance.com/sites/default/files/somalia_data_protection_act-2.pdf | https://digitalpolicyalert.org/change/8906-establishment-of-data-protection-authority-of-somalia | https://www.intelligentcio.com/africa/2026/07/21/somali-national-university-launches-countrys-first-national-ai-centre/,2026-10-06,medium
South Africa,"South Africa has no AI-specific binding legislation. The Draft South Africa National Artificial Intelligence Policy, gazetted on 10 April 2026 with a 60-day comment period, was withdrawn after fictitious AI-generated citations were found, and Minister Solly Malatsi confirmed in September 2026 that a revised draft will reach Cabinet by the end of the 2026/27 financial year. Governance of AI therefore rests on general law, principally the Protection of Personal Information Act (POPIA) and its automated decision-making provision, plus the Electoral Commission's July 2026 draft code requiring labelling of AI-generated campaign content.","Policy is driven through soft instruments and capacity programmes: the National AI Policy Framework (2024), DCDT summit documents, and the DCDT-funded Artificial Intelligence Institute of South Africa hubs at TUT and UJ. Institutional capacity is advisory only, the National AI Expert Review Panel having been appointed to rebuild the withdrawn draft policy rather than to exercise compliance powers.","AI governance is centred on the Department of Communications and Digital Technologies, with the Information Regulator the nearest thing to an operative AI-adjacent regulator and sectoral bodies such as ICASA, the Competition Commission and the FSCA acting within existing mandates. Coordination is episodic, provinces play no regulatory role, and courts and Parliament have intervened on AI matters only occasionally.","Participation is consultative and episodic: a gazetted comment window in April 2026 cut short by withdrawal, summit-based engagement with industry, and academic experts given a prominent review role through the National AI Expert Review Panel. Internationally South Africa was active through its 2025 G20 presidency AI Task Force, the African Union continental AI agenda and a UNESCO AI readiness assessment published in 2025.","Enforcement touching AI occurs only through POPIA, where the Information Regulator issues enforcement notices and administrative fines, while section 71 on automated decision-making has produced no published guidance or cases.","Protection of Personal Information Act (POPIA) No. 4 of 2013 (fully effective 2021), National AI Policy Framework (2024), National AI Government Summit Discussion Document (2024), Draft South Africa National Artificial Intelligence Policy (gazetted 10 April 2026, withdrawn 2026), Electoral Commission Draft Code of Conduct on Disinformation and AI-generated election content (2026)",https://www.sanews.gov.za/south-africa/minister-announces-withdrawal-draft-ai-policy | https://www.dcdt.gov.za/images/phocadownload/AI_Government_Summit/National_AI_Government_Summit_Discussion_Document.pdf | https://www.ellipsis.co.za/artificial-intelligence-regulation-in-south-africa/ | https://www.dailymaverick.co.za/article/2026-09-21-hallucination-free-hopefully-new-draft-ai-policy-will-be-ready-by-march-says-malatsi/ | https://www.inforegulator.org.za,2026-10-06,medium
South Korea,"South Korea regulates AI through the Framework Act on the Development of Artificial Intelligence and the Establishment of a Foundation for Trustworthiness, in force since 22 January 2026 with its Enforcement Decree, covering high-impact AI in ten designated domains, generative AI transparency, high-performance AI above 10^26 FLOPs and foreign providers via a domestic representative duty whose filings fall due in October 2026. MSIT has issued five guidelines and two notices, but a grace period of at least one year defers administrative fines of up to KRW 30 million and routine fact-finding investigations except for serious harm, and secondary rules are still being refined by a public-private task force.","Korea combines a binding core — the AI Basic Act and Decree, deepfake provisions in the Public Official Election Act and the sexual crimes punishment statute, and AI training-data rules in the Personal Information Protection Act amended with effect from 11 September 2026 — with a maintained body of ministry and regulator guidance. Economic levers are large and operating: a KRW 10.1 trillion 2026 AI budget, National Growth Fund allocations, the Haenam National AI Computing Center run through Korea AI Computing Center Co., an ICT regulatory sandbox and AI-oriented public procurement, while MSIT's compliance powers remain unused during the grace period.","MSIT leads implementation of the AI Basic Act while the Personal Information Protection Commission, Korea Communications Commission and sector regulators apply their own remits to AI, with the presidential National AI Strategy Committee serving as the statutory cross-government control tower that met in plenary in February 2026. Sub-national bodies only implement national promotion plans, and independent review comes mainly from the PIPC and the courts rather than from AI-specific adjudication.","Industry and academic experts hold seats on the presidential National AI Strategy Committee and on the 40-plus-member AI Basic Act institutional improvement task force convened in March 2026, while civil society participates through public comment rounds and task force membership rather than standing statutory roles. Internationally Korea is a frontrunner, having co-hosted the Seoul AI Safety Summit and participating in the International Network of AI Safety Institutes, OECD, GPAI and APEC AI work.","Sanctions exist on paper across the AI Basic Act but are suspended during the grace period, so active enforcement touching AI runs through election deepfake takedowns, criminal deepfake prosecutions and PIPC action under data protection law rather than the AI statute.","Framework Act on the Development of Artificial Intelligence and the Establishment of a Foundation for Trustworthiness / AI Basic Act (2025, effective 2026), AI Basic Act partial amendment (Act No. 21311, 2026), AI Basic Act Enforcement Decree (2026), Personal Information Protection Act as amended (Act No. 21445, 2026), Public Official Election Act deepfake provisions (2023), Act on Special Cases Concerning the Punishment of Sexual Crimes as amended (2024), Presidential Decree on the Establishment and Operation of the National AI Strategy Committee (2025), Korea AI Action Plan 2026-2028 (2026), National AI Strategy (2019)",https://www.msit.go.kr/eng/bbs/view.do?sCode=eng&mId=4&mPid=2&bbsSeqNo=42&nttSeqNo=1214 | https://www.trade.gov/market-intelligence/south-korea-ai-basic-act | https://www.cooley.com/news/insight/2026/2026-01-27-south-koreas-ai-basic-act-overview-and-key-takeaways | https://intelligence.dlapiper.com/artificial-intelligence/?t=01-law&c=KR | https://www.whitecase.com/insight-our-thinking/ai-watch-global-regulatory-tracker-south-korea,2026-10-06,high
Spain,"Spain is governed by the directly applicable EU AI Act, whose prohibitions and AI-literacy duties have applied since 2 February 2025, general-purpose AI model obligations since 2 August 2025 and Article 50 transparency duties since 2 August 2026, while the Digital Omnibus on AI that entered into force on 27 July 2026 postponed Annex III high-risk obligations to 2 December 2027 and Annex I product-embedded obligations to 2 August 2028. Nationally, the Proyecto de Ley Orgánica para el buen uso y la gobernanza de la inteligencia artificial, approved by the Council of Ministers on 26 May 2026 and published in the Boletín Oficial de las Cortes Generales on 12 June 2026, is still at the amendments stage in the Congress Committee on Economy, Trade and Digital Transformation. Dedicated AI instruments already in force domestically are Royal Decree 729/2023 creating AESIA and Royal Decree 817/2023 on the AI regulatory sandbox.","The binding layer is the EU AI Act plus the two Spanish royal decrees creating AESIA and the pre-AI Act sandbox, supplemented by a maintained national guidance pack that AESIA updated in July 2026. Economic levers include the national AI strategy, Cátedras ENIA chairs, Digital Spain 2026 funding and an operating regulatory sandbox, while AESIA is staffed and mandated but has not yet exercised compliance powers.","AESIA leads as national AI supervisor while AEPD, CNMC and financial regulators retain adjacent remits, with coordination through an interministerial working group and the AI Advisory Council pending the statutory architecture in the bill before Congress. Autonomous communities implement and fund AI programmes without independent regulatory powers, and judicial review of algorithmic decisions is occasional.","Industry, academia and civil society feed into policy through public consultations, the sandbox and the AI Advisory Council, with academia holding the most institutionalised role via the Council and the Cátedras ENIA. Internationally Spain is highly active, in the EU AI Board, OECD, UNESCO and Council of Europe processes, and hosted the Council of Europe AI Convention anniversary conference in Madrid in September 2025.","Penalties exist in the EU AI Act and are drafted in the pending Organic Law, but AESIA has published no AI Act enforcement decisions, leaving data-protection fines by the AEPD as the only AI-related sanctions.","EU AI Act – Regulation (EU) 2024/1689 (2024), Digital Omnibus on AI amending Regulation (EU) 2024/1689 (2026, in force 27 July 2026), Royal Decree 729/2023 on the AESIA Statute (2023), Royal Decree 817/2023 establishing the controlled testing environment for artificial intelligence (2023), Proyecto de Ley Orgánica para el buen uso y la gobernanza de la Inteligencia Artificial (2026, in Parliament), Estrategia Nacional de Inteligencia Artificial – ENIA (2020), Digital Spain 2026 Agenda (2021), Order ETD/1180/2022 on Cátedras ENIA (2022), Order TDF/304/2025 (2025)",https://www.congreso.es/public_oficiales/L15/CONG/BOCG/A/BOCG-15-A-97-1.PDF | https://www.lamoncloa.gob.es/lang/en/gobierno/councilministers/Paginas/2026/20260526-council-press-conference.aspx | https://aesia.digital.gob.es/en/es | https://aesia.digital.gob.es/storage/media/01-guia-introductoria-al-reglamento-de-ia.pdf | https://www.glacis.io/guide-eu-ai-act-spain,2026-10-06,medium
Sri Lanka,"AI governance rests on the non-binding National AI Strategy 2024-2028 (AI Sri Lanka 2028) and, since May 2026, a non-binding AI Policy Framework for State Universities; no AI-specific legislation is enacted or tabled in Parliament. The Personal Data Protection Act No. 9 of 2022, as amended by Act No. 22 of 2025, binds data processing and addresses solely automated decisions, but Parts I and III commence only on 1 January 2027 and the penalty regime awaits a further order. The Online Safety Act No. 9 of 2024 reaches online content generally without AI-written provisions.","Sri Lanka relies on voluntary strategy documents, sectoral frameworks and funding or capacity-building programmes rather than binding AI instruments. The Central Bank FinTech regulatory sandbox and the Personal Data Protection Act operate under general mandates, and no AI procurement rules or AI-specific regulatory body are in force.","AI policy is concentrated in the Ministry of Digital Economy and the Presidential Secretariat's digital economy advisory structure, with sectoral regulators acting only inside their existing mandates and no dedicated AI regulator. Governance is centralised, nationally driven and coordinated informally through conferences and ad hoc committees.","Industry, academia and civil society take part through consultations, drafting committees and national events such as Sri Lanka AI Week 2026, but none hold standing statutory roles. International engagement is bilateral and declaratory, covering the UNESCO ethics recommendation, cooperation with Singapore and the United States, and summit participation.","No AI-specific sanctions, authority or monitoring exist, and the Data Protection Authority's general data powers are not yet in operation.","National AI Strategy 2024-2028 (AI Sri Lanka 2028) (2024), AI Policy Framework for State Universities (2026), Personal Data Protection Act No. 9 of 2022, Personal Data Protection (Amendment) Act No. 22 of 2025, Online Safety Act No. 9 of 2024",https://mot.gov.lk/assets/files/National_AI_strategy_for_Sri_Lanka-08a88c78d541a0746aeb8c71ed312231.pdf | https://www.dpa.gov.lk/ | https://lirneasia.net/2026/01/artificial-intelligence-ai-governance-is-a-concern-sri-lanka-must-address-now/ | https://lk.usembassy.gov/us-sl-advance-american-ai-in-higher-education/ | https://mode.gov.lk/blog/aiweek,2026-10-06,medium
Sudan,"Sudan has no AI-specific legislation, draft bill or data protection statute in force, and general telecommunications and informatics-offences law contains nothing written for AI. The single AI-specific legal act is the decree signed by Prime Minister Kamil Idris on 5 November 2025 creating the Sudanese Data and Artificial Intelligence Authority alongside a Digital Transformation Authority and a Cybersecurity Authority, an institutional measure that places no duties on developers or deployers. Armed conflict since April 2023 continues to limit state capacity and territorial reach.","Policy activity is institutional rather than regulatory: three authorities for digital transformation, data and AI, and cybersecurity were created by decree in November 2025 under the Ministry of Communications and Digital Transformation, with no accompanying AI guidance, funding instrument or sandbox. A UNESCO-supported project on a national strategy for the use of AI and information technology in the education system is the main external input.","Governance is centralised in the Ministry of Communications and Digital Transformation, which oversees the Sudanese Data and Artificial Intelligence Authority, the Digital Transformation Authority and the Sudanese Cybersecurity Authority created on 5 November 2025. Civil conflict leaves parts of the territory outside government administration, and no independent or judicial check on AI governance operates.","AI policy is made inside government without structured input from industry, universities or civil society. External engagement runs through UNESCO project support and African Union membership rather than through Sudanese participation in international AI standard-setting.","Enforcement is absent: there are no AI obligations, penalties, cases or monitoring, and the newly created authority has not exercised any power.","Prime Ministerial Decree establishing the Sudanese Data and Artificial Intelligence Authority, the Digital Transformation Authority and the Sudanese Cybersecurity Authority (2025)",https://www.ecofinagency.com/news-digital/0711-50239-sudan-lays-groundwork-for-digital-state-with-cybersecurity-ai-data-bodies | https://www.ecofinagency.com/news-digital/0711-50229-sudan-establishes-three-digital-authorities-to-advance-e-govt | https://esudan.gov.sd/department/52 | https://core.unesco.org/en/project/3210183031,2026-10-06,medium
Suriname,"Suriname has no AI-specific legislation and no AI bill before De Nationale Assemblée; AI is touched only by general instruments such as the Wet Elektronisch Rechtsverkeer (2017) and by the pending Ontwerpwet Bescherming Privacy en Persoonsgegevens. The Suriname National Digital Strategy 2023-2030 discusses artificial intelligence as an emerging driver in education, public services and finance without creating obligations. Government activity in 2026 centres on the UNESCO Readiness Assessment Methodology 2.0 exercise, which is intended to inform a future integrated national AI strategy.","Policy action consists of a ministry-led diagnostic and capacity work: the Ministry of Economic Affairs, Entrepreneurship and Technological Innovation runs the UNESCO RAM 2.0 assessment with the Ministry of Education, Science and Culture and has delivered internal AI training for its staff. No binding instrument, published AI guidance, funded AI programme, sandbox or body with a statutory AI mandate exists.","Governance is concentrated in the Ministry of Economic Affairs, Entrepreneurship and Technological Innovation, working with the Ministry of Education, Science and Culture and the e-Government directorate on the UNESCO readiness assessment. No independent regulator, subnational authority or judicial body has an AI remit.","International engagement drives Suriname's AI agenda: participation in the Santiago Declaration, the India AI Impact Summit Declaration of February 2026 and UNESCO's Readiness Assessment Methodology 2.0. Domestic involvement is limited to the RAM consultation process, where industry, civil society and academic institutions were invited but hold no standing role.","Nothing is enforced because no AI obligation, sanction or supervisory authority exists, and the only oversight-type activity is the one-off UNESCO readiness assessment.","Suriname National Digital Strategy 2023-2030, Wet Elektronisch Rechtsverkeer (2017), Ontwerpwet Bescherming Privacy en Persoonsgegevens (draft, pending before De Nationale Assemblée)",https://www.unesco.org/en/articles/suriname-advances-responsible-ai-governance-unescos-ram-20 | https://gov.sr/het-ministerie-van-economische-zaken-ondernemerschap-en-technologische-innovatie-ezoti-heeft-deelgenomen-aan-de-ai-impact-summit-in-new-delhi/ | https://gov.sr/wp-content/uploads/2023/09/Suriname-National-Digital-Strategy-2023-2030.pdf | https://www.dna.sr/media/2w5lbamt/wet_bescherming_privacy_en_persoonsgegevens.pdf | https://www.gov.sr,2026-10-06,medium
Swaziland,"Eswatini has no AI-specific binding legislation. The Data Protection Act 5 of 2022, the Computer Crime and Cybercrime Act 6 of 2022 and the Electronic Communications and Transactions Act 2022 govern data and digital conduct generally, with the Data Protection Act's automated decision-making clause the closest provision to AI. A National AI Strategy and a combined Fourth and Fifth Industrial Revolution Strategy are being prepared under the Ministry of Information, Communications and Technology, neither published.","Policy action consists of strategy drafting, conferences and donor-supported studies rather than instruments; the Eswatini Communications Commission and the Eswatini Data Protection Authority exercise data-protection powers with no AI remit. Funding, procurement rules and sandboxes for AI are absent.","AI governance is centralised in the executive: the Ministry of Information, Communications and Technology drives strategy while the Eswatini Communications Commission applies data-protection law. Coordination happens through occasional national and regional events, and no subnational or independent review layer exists.","Engagement runs through international and academic channels: UN Eswatini, COMESA, the World Bank, the ITU and the Kingdom of Eswatini Academy of Sciences. Structured domestic consultation of industry and civil society on AI policy has not been documented.","Enforcement touching AI exists only through data-protection and cybercrime powers exercised by the Eswatini Communications Commission and Data Protection Authority, with no AI-specific obligations, sanctions or audits.","Data Protection Act 5 of 2022, Computer Crime and Cybercrime Act 6 of 2022, Electronic Communications and Transactions Act (2022), Eswatini Digitalisation Strategy (2024–2028), Eswatini National Cybersecurity Strategy (2022–2027), National FinTech Strategy for the Kingdom of Eswatini (2025–2030)",https://times.co.sz/43849/news/eswatini-hosts-regional-push-for-practical-ai-policies/ | https://eswatini.un.org/en/323031-governing-ai-ensuring-innovation-serves-humanity | https://www.esccom.org.sz/legislation/dataprotection/ | https://dig.watch/countries/eswatini | https://eswatini.un.org/en/284410-un-eswatini-joins-ministry-ict-explore-artificial-intelligence-sustainable-development,2026-10-06,medium
Sweden,"Sweden is bound by the EU AI Act, whose prohibitions (February 2025), GPAI rules (August 2025) and Article 50 transparency duties (August 2026) apply, while the Digital Omnibus on AI, Regulation (EU) 2026/1744, in force since 27 July 2026, moved Annex III high-risk obligations to 2 December 2027. Nationally the Riksdag adopted a dedicated law allowing police use of real-time facial recognition AI, in force 1 July 2026, while the complementary AI Act act and ordinance proposed in SOU 2025:101 remain under preparation after the consultation closed on 23 February 2026. Competent authorities are designated only temporarily, through 31 December 2026, keeping implementation in transition.","Sweden's main lever is the directly applicable EU AI Act, supplemented by the national facial-recognition act, GDPR supervision by IMY and sectoral regimes, with soft law in the 2026 AI strategy action plan and PTS guidance. Economic levers include Vinnova and AI Sweden funding, an IMY–eSam regulatory sandbox pilot completed in February 2026, and a PTS assignment to establish the statutory AI sandbox required by 2 August 2027.","Governance is plural: PTS leads coordination and acts as EU contact point, IMY covers biometrics, law enforcement, migration and prohibited practices, Finansinspektionen covers finance, and further sectoral authorities are designated in the pending complementary legislation. Independent oversight comes from courts and the ombudsman institutions, while municipalities and regions implement rather than legislate.","Policy-making runs through the Swedish inquiry and remiss system, which gave industry, unions, human-rights bodies and universities published roles on SOU 2025:101 and SOU 2025:12. Internationally Sweden acts through the EU AI Board and Council negotiations, OECD work and European AI standardisation.","EU-level penalties apply but Sweden has issued no AI Act enforcement decision, has only temporarily designated competent authorities, and has not enacted its national sanction provisions.","EU AI Act / Regulation (EU) 2024/1689 (2024), Digital Omnibus on AI / Regulation (EU) 2026/1744 (2026), Lag om användning av AI-system för ansiktsigenkänning i realtid för brottsbekämpande ändamål (2026), Proposition 2025/26:150 Polisens användning av AI för ansiktsigenkänning i realtid (2026), SOU 2025:101 Anpassningar till AI-förordningen (2025, proposed), SOU 2025:12 AI Commission Roadmap for Sweden (2025), Handlingsplan för Sveriges AI-strategi (2026), Swedish Data Protection Act (2018:218), National Approach to Artificial Intelligence (2018)",https://pts.se/ai/ai-forordningen/ | https://www.riksdagen.se/sv/dokument-och-lagar/dokument/betankande/polisens-anvandning-av-ai-for-ansiktsigenkanning-i_hd01juu28/html/ | https://www.regeringen.se/rattsliga-dokument/statens-offentliga-utredningar/2025/10/sou-2025101/ | https://www.regeringen.se/regeringens-politik/sveriges-ai-strategi/handlingsplan-for-sveriges-ai-strategi/ | https://artificialintelligenceact.eu/ai-act-explorer/digital-omnibus/,2026-10-06,high
Switzerland,"Switzerland has no cross-sector AI statute; the Federal Council decided on 12 February 2025 to ratify the Council of Europe Framework Convention on Artificial Intelligence, signed on 27 March 2025, and to implement it through mainly sector-specific amendments, with a consultation draft from the Federal Office of Justice due by the end of 2026. Operative rules come from the revised Federal Act on Data Protection (2023), whose Article 21 covers automated individual decisions, and from the Ordinance on Automated Driving in force since 1 March 2025, alongside supervisory guidance from FINMA and the FDPIC.","Policy runs through general law plus published guidance (FINMA Guidance 08/2024, FDPIC guidance on the Federal Act on Data Protection, Federal Council AI Guidelines for the Confederation) and substantial research funding via the Swiss AI Initiative, the Swiss National AI Institute and CSCS. Institutional capacity rests with the Competence Network for Artificial Intelligence and sectoral regulators, none of which holds an AI-specific legal mandate.","Governance is deliberately sectoral: FINMA, Swissmedic, OFCOM, the Federal Roads Office and the FDPIC act within existing remits, with the Competence Network for Artificial Intelligence at the Federal Chancellery as the administration's contact point and the Federal Office of Justice leading the implementing bill with DETEC and the FDFA. Cantons implement data-protection rules and run initiatives such as the Zurich AI sandbox, and judicial review proceeds under ordinary law.","Industry, civil society and academia contribute through the ordinary consultation procedure, expert reports and cantonal sandbox projects rather than standing AI bodies, and the implementing bill's consultation has not yet opened. Internationally Switzerland is highly active, having signed the Council of Europe AI Convention and engaging in OECD and Geneva-based AI governance processes.","Enforcement relies on pre-existing data-protection and prudential powers, with FINMA's supervisory reviews of AI governance in finance the only systematic monitoring and no sanctions or decisions under AI-specific law.","Federal Act on Data Protection / FADP (2023), Ordinance on Automated Driving / VAF (2025), FINMA Guidance 08/2024 on Governance and Risk Management when using Artificial Intelligence (2024), Federal Council Guidelines on Artificial Intelligence for the Confederation (2020), Digital Switzerland Strategy (2025), Council of Europe Framework Convention on Artificial Intelligence – signed by Switzerland (2025)",https://www.admin.ch/gov/en/start/documentation/media-releases.msg-id-104110.html | https://www.bk.admin.ch/en/artificial-intelligence | https://www.bakom.admin.ch/en/artificial-intelligence | https://www.edoeb.admin.ch/de/update-geltendes-datenschutzgesetz-ist-auf-ki-direkt-anwendbar | https://www.whitecase.com/insight-our-thinking/ai-watch-global-regulatory-tracker-switzerland,2026-10-06,medium
Syria,"Syria has no AI-specific binding instrument; the only legal texts touching AI are Law No. 25 of 2024, which lists artificial intelligence among the emerging technologies within the Ministry of Communications and Information Technology's policy remit, and the Personal Data Protection Law No. 12 of 2024 with its executive instructions, which regulate data processing generally. The transitional government formed after December 2024 has prioritised fibre and data-centre reconstruction and published a technology foresight roadmap for 2026-2045, without tabling AI legislation.","Policy action on AI is confined to ministry-level promotion—an AI forum in April 2025, the 'Mujtama Thakaa' digital-community project, and a 2026-2045 technology foresight roadmap—without any binding AI instrument, funding line or sandbox. General data protection law supplies the only binding rules that reach AI systems.","AI-related policy sits entirely with one central ministry, with no sectoral regulators, no coordination body and no independent or judicial review of AI. Territory outside Damascus's control, including the northeast administration, has likewise produced no AI governance institution.","Domestic engagement with AI is organised by newly licensed associations and foundations—the Syrian Association for Artificial Intelligence and Entrepreneurship and the Syria AI Foundation—rather than through any government consultation process. Internationally, Syria has only its nominal 2024 endorsement of China's Global AI Governance Initiative.","Enforcement on AI is absent: only general data protection penalties could reach AI uses, and no authority, case or monitoring programme exists.","Law No. 25 of 2024 establishing the Ministry of Communications and Information Technology (defines emerging technologies including artificial intelligence), Personal Data Protection Law No. 12 of 2024 and its Executive Instructions (2024), Constitutional Declaration of the Syrian Arab Republic (2025), Global AI Governance Initiative endorsement (2024)",https://www.moct.gov.sy/ | https://www.moct.gov.sy/news-0170 | https://moct.gov.sy/news-0194 | https://syriaaifoundation.org/en | https://syrianobserver.com/foreign-actors/syria-aligns-with-chinas-global-ai-governance-initiative.html,2026-10-06,medium
Taiwan,"The Artificial Intelligence Basic Act, in force since 14 January 2026, is a horizontal, principles-based statute that sets seven governance principles, designates the National Science and Technology Council as central competent authority and obliges government bodies to complete AI risk assessments by July 2026 and adopt internal AI control rules by January 2027. Private-sector obligations are delegated to sector regulators using the Ministry of Digital Affairs AI Risk Classification Framework published 7 July 2026, so cross-sector operational duties do not yet apply. Binding sanctions reaching AI outputs today come from the 2023 deepfake amendments to the Public Officials Election and Recall Act and the Criminal Code.","Taiwan combines one horizontal statute with narrow criminal and election provisions on synthetic media, a growing body of sectoral soft law from MODA, the Financial Supervisory Commission and the Ministry of Health and Welfare, and large state funding for AI infrastructure and talent. Institutional mandates are legally grounded in the Artificial Intelligence Basic Act but carry no inspection or sanctioning powers.","Governance is centrally organised: NSTC is the statutory lead, MODA owns the risk classification architecture, and sectoral ministries translate it into their own guidance, coordinated through the Premier-chaired National AI Strategy Special Committee created in March 2026. There is no subnational regulatory tier and independent judicial or ombudsman review of AI rules is incidental.","Industry and academia hold statutory places in the National AI Strategy Special Committee, while civil society participates through episodic consultation rather than a standing role. International engagement is active but constrained to declarations and multistakeholder fora because Taiwan cannot accede to treaty-based AI instruments.","Enforcement is confined to criminal deepfake provisions and public-sector self-assessment, since the Artificial Intelligence Basic Act sets no penalties and no authority holds AI compliance powers.","Artificial Intelligence Basic Act (2026), AI Risk Classification Framework (2026), Executive Yuan Implementation Plan for the Artificial Intelligence Basic Act (2026), Guidelines for Medical Institutions Applying Generative Artificial Intelligence (2026), Guidelines for Artificial Intelligence (AI) Applications in the Financial Industry (2024, revised 2025), Public Officials Election and Recall Act deepfake amendments (2023), Presidential and Vice Presidential Election and Recall Act deepfake amendments (2023), Taiwan AI Action Plan 2.0 (2023-2026), AI Technology R&D Guidelines (2019)",https://web.moda.gov.tw/en/major-policies/ai/1781 | https://www.loc.gov/item/global-legal-monitor/2026-05-07/taiwan-new-law-establishes-basic-framework-on-artificial-intelligence | https://iapp.org/news/a/taiwan-s-ai-risk-classification-framework-a-different-path | https://www.whitecase.com/insight-our-thinking/ai-watch-global-regulatory-tracker-taiwan | https://www.iflr.com/article/2gnkw0xfly6yrt21vokcg/sponsored/from-principles-to-practice-ai-governance-in-taiwan,2026-10-06,high
Tajikistan,"The only AI-specific instruments are the Strategy for AI Development of the Republic of Tajikistan until 2040 (Government Resolution No. 483, amended by Resolution No. 83 of 31 January 2025) and AI components of the Medium-Term Programme for the Development of the Digital Economy for 2026-2030, both non-binding planning documents. The Strategy mandates preparation of a draft Law ""On Artificial Intelligence"" setting the basis of state regulation, which has not been introduced in the Majlisi Namoyandagon. Tajikistan is revising the Strategy to raise the AI contribution target from 5% to 8% of GDP across 17 sectors.","Policy runs through planning documents and investment incentives: the Strategy until 2040, the Medium-Term Programme for the Development of the Digital Economy for 2026-2030, the designation of 2025-2030 as Years of Development of the Digital Economy and Innovation, and IT Park/IT Hub Dushanbe incentives. The Agency for Innovation and Digital Technologies under the President coordinates this work but holds no compliance powers over AI.","AI governance is centralized in the Agency for Innovation and Digital Technologies under the President, which drafts strategy and monitors programme delivery. Sectoral regulators, subnational authorities and independent review bodies play no role in AI.","Domestic AI policy is made within government, with no structured industry, civil society or academic consultation; academia participates only as a training and research partner. Internationally Tajikistan is highly active, sponsoring two UN General Assembly AI resolutions and proposing a coordinated AI legal framework within the Shanghai Cooperation Organisation and a Central Asian regional AI centre.","With no binding AI rules in force, nothing is enforced and oversight is limited to programme-delivery monitoring by the Agency for Innovation and Digital Technologies.","Strategy for AI Development of the Republic of Tajikistan until 2040 (Government Resolution No. 483, 2021, amended by Resolution No. 83 of 31 January 2025), Medium-Term Programme for the Development of the Digital Economy for 2026-2030 (2025)",https://uidt.tj/en/news/276 | https://dig.watch/resource/strategy-for-the-development-of-artificial-intelligence-in-the-republic-of-tajikistan-for-the-period-up-to-2040 | https://www.mfa.tj/en/main/view/17356/un-general-assembly-adopts-historic-resolution-on-artificial-intelligence-initiated-by-tajikistan | https://asiaplus.news/2026/09/30/tadzhikistan-predlozhil-sozdat-czentralnoaziatskij-regionalnyj-czentr-razvitiya-ii/ | https://egov.tj/uploads/2025/9/25/db29ff250e97ee01de3339e6bf2423e6_original.144805.pdf,2026-10-06,medium
Tanzania,"Tanzania has no AI-specific legislation in force and no AI bill in the legislative pipeline; AI deployment is governed by general law, principally the Personal Data Protection Act 2022 with the Personal Data Protection (Personal Data Collection and Processing) Regulations GN No. 449C of 2023, the Cybercrimes Act 2015, the Electronic Transactions Act 2015 and the Electronic and Postal Communications Act 2010. AI-specific activity is confined to non-binding instruments: the National Guidelines for Artificial Intelligence in Education (2025), the Policy Framework for Artificial Intelligence in Tanzania Health Sector (2022), the Ministry of Communication and Information Technology guidelines on secure and ethical AI use, and a draft National Artificial Intelligence Strategy Framework.","Tanzania relies on soft-law levers: sectoral AI guidelines for education and health, draft cross-sector ethical AI guidelines, a draft national AI strategy informed by the UNESCO-supported Artificial Intelligence Readiness Assessment Report of June 2025, and the National Digital Economy Strategic Framework 2024-2034. Binding leverage comes only from general data protection, cybercrime and communications law, and no body holds a statutory AI mandate or dedicated AI budget line.","AI policy is centralised in the Ministry of Communication and Information Technology and the Tanzania ICT Commission, with the Personal Data Protection Commission, TCRA and the education and health ministries acting separately in their own fields and no formal inter-agency AI coordination mechanism. Independent review of AI governance is absent, and Zanzibar's separate administration has taken no AI-specific role.","Industry, civil society and academia participated in the UNESCO-supported AI Readiness Assessment consultations, the National AI Forum held in Dar es Salaam in July 2025 and the stakeholder review of the draft National Artificial Intelligence Strategy, but hold no standing formal role. Internationally Tanzania works through UNESCO's ethics framework, the African Union Continental Artificial Intelligence Strategy and Smart Africa rather than binding instruments.","Enforcement touching AI occurs only through general data protection, cybercrime and online content powers, with no AI-specific sanction, designated AI authority or recurring AI audit programme.","Personal Data Protection Act (2022), Personal Data Protection (Personal Data Collection and Processing) Regulations GN No. 449C (2023), Cybercrimes Act (2015), Electronic Transactions Act (2015), Electronic and Postal Communications Act (2010), National Guidelines for Artificial Intelligence in Education (2025), Guidelines for the Secure and Ethical Use of Artificial Intelligence (draft, 2025), Policy Framework for Artificial Intelligence in Tanzania Health Sector (2022), Tanzania National Artificial Intelligence Strategy Framework (draft), Artificial Intelligence Readiness Assessment Report: Tanzania (2025), National Digital Economy Strategic Framework 2024-2034",https://www.unesco.org/en/articles/ai-ready-and-responsible-tanzania-unveils-national-assessment-africa-internet-governance-forum | https://www.unesco.org/ethics-ai/en/tanzania | https://www.clydeco.com/en/insights/2026/07/the-use-of-artificial-intelligence-ai-in-tanzania | https://www.moh.go.tz/storage/app/uploads/public/65c/61f/590/65c61f59087ac486047849.pdf,2026-10-06,medium
Thailand,"Thailand has no enacted comprehensive AI statute: ETDA published the Draft Act on Artificial Intelligence for public consultation on 2/9 July 2026, comments closed 14 August 2026, and no Cabinet or parliamentary enactment has followed. Binding AI-specific obligations in force are confined to two narrow areas - the Office of the Consumer Protection Board notification requiring disclosure labels on AI-generated or AI-edited advertising images and video, and the Civil Court regulation of 17 November 2025 on disclosure and verification of AI-generated content in pleadings. Financial-sector instruments from the Bank of Thailand and the Securities and Exchange Commission set expectations rather than enforceable AI duties.","Thailand governs AI mainly through soft law and capacity-building - ETDA generative AI and executive governance guidelines, Bank of Thailand and SEC sector frameworks, PDPC and NCSA guidance - alongside two narrow binding instruments on AI advertising and AI-prepared court filings. Economic levers include large national compute and data investments approved in 2026, while the proposed AI regulatory sandbox and ETDA's statutory enforcement powers remain in draft.","Governance runs through ETDA as lead body under MDES, with sectoral regulators and the courts setting their own AI rules, coordinated by the Prime Minister-chaired National AI Committee and the National Digital Economy and Society Committee. No subnational tier regulates AI, and independent oversight is limited to the judiciary's own rules on AI use in proceedings.","Participation is consultative rather than institutionalised: industry, law firms and foreign tech associations submitted comments on the 2026 draft AI Act, academia contributes through strategy working groups, and civil society input is episodic. Internationally Thailand is prominent, hosting the UNESCO Global Forum on the Ethics of AI and positioning the AI Governance Practice Centre as a regional hub.","Enforcement is confined to general consumer-protection and court procedural sanctions attached to two narrow AI rules, with no AI-specific enforcement decisions reported and ETDA's statutory supervisory powers still in draft.","Draft Act on Artificial Intelligence (2026, public consultation 2 July - 14 August 2026), Office of the Consumer Protection Board Notification on AI-Generated Advertising Content (2025), Civil Court Regulation on the Use of Artificial Intelligence in Preparing Pleadings and Documents (2025), Guidance of the President of the Supreme Court on the Use of Artificial Intelligence in the Performance of Judicial Case Work B.E. 2568 (2025), Bank of Thailand Guiding Principles for Artificial Intelligence Risk Management (2025), SEC Governance Framework for Artificial Intelligence and Machine Learning (2025), ETDA Guidelines for Application of Generative AI with Good Governance for Organizations (2024), AI Governance Guideline for Executives (2026), National AI Strategy and Action Plan (2022-2027), Digital Thailand - AI Ethics Guideline (2022), Draft Royal Decree on Business Operations Using AI Systems (2022), Draft Act on the Promotion and Support for National AI Innovations (2023)",https://www.bakermckenzie.com/en/insight/publications/2026/07/thailand-draft-ai-act--seven-key-implications | https://www.nortonrosefulbright.com/en/knowledge/publications/00a5d74b/thailands-draft-ai-act-key-features-and-implications-for-businesses | https://www.tilleke.com/insights/comprehensive-policy-thailands-ai-governance-framework/ | https://www.legal500.com/intelligence/thailand/technology/thailand-civil-court-issues-rules-on-ai-generated-court-filings | https://techforgoodinstitute.org/insights/country-spotlights/governance-meets-reality-thailand-tech-governance-at-mid-2026/,2026-10-06,medium
Togo,"Togo has no binding AI legislation, no AI bill before the National Assembly, and no AI-specific provision in its digital statutes; the general data protection law Loi n°2019-014 of 29 October 2019 is the only instrument that incidentally reaches AI data processing. Government work is at strategy stage: preparation of a national AI strategy for public administration was launched at a Lomé forum in December 2025, and a projet de Code du numérique is being drafted with external legal counsel.","Togo governs AI through programs rather than rules: the Togo AI Lab applies data science to public policy, a national AI and digital skills training program is running, and an AI-in-technical-education policy is being drafted with OIF support. No AI-specific binding instrument, published guidance, regulatory sandbox or AI procurement rule exists, and the only enforceable instrument touching AI is the 2019 data protection law.","AI policy is concentrated in the ministry responsible for the digital economy and digital transformation, supported by the Togo AI Lab, with the sectoral regulators ARCEP, ANCy and the data protection authority IPDCP operating without any AI remit. Coordination takes place through ad hoc multi-stakeholder forums, there is no subnational tier, and no judicial or independent body has shaped AI rules.","Domestic participation is occasional and event-driven: a December 2025 strategy forum with ministries, public bodies and civil society, a June 2026 ISOC-Togo forum on AI governance, and research partnerships with CEGA, Zindi and local startups. Internationally Togo engages through African Union and ECOWAS digital frameworks and multilateral events such as AI for Good, without treaty-level AI commitments.",Nothing AI-specific is enforced in Togo; the data protection authority IPDCP and ARCEP hold general powers that have not been exercised against AI systems.,"Loi n°2019-014 relative à la protection des données à caractère personnel (2019), Stratégie nationale d'intelligence artificielle du Togo (in preparation since 2025), Stratégie Togo Digital 2025-2030 (in preparation)",https://www.togofirst.com/fr/tic/0112-17689-gouvernance-publique-le-togo-prepare-sa-strategie-nationale-sur-l-ia | https://www.togofirst.com/fr/culture/1407-19555-au-togo-un-projet-pour-valoriser-les-langues-nationales-via-lintelligence-artificielle | https://cega.berkeley.edu/collection/togo-ai-lab/ | https://arcep.tg,2026-10-06,medium
Tonga,"Tonga has no AI-specific legislation in force or in the legislative process, and its digital statute book—the Cybersecurity Act 2025, the electronic transactions legislation and the Tongan Data Exchange Policy and Framework—contains no provision written for AI systems. Government activity centres on connectivity, the TongaPass digital ID, government data-centre modernisation under a United States Trade and Development Agency feasibility agreement signed 2 September 2026, and climate resilience.","Tonga deploys no AI-specific levers: no binding instrument, no national guidance, no AI funding line and no body with an AI remit. Its only relevant commitments are the regionally endorsed Pacific Digital and Artificial Intelligence Technology Principles and a finance-sector regulatory sandbox run by the National Reserve Bank of Tonga.","Governance is centralised in national ministries, principally MEIDECC, with no AI-specific regulator, coordination body or independent review role. Island divisions exercise no regulatory competence.","Domestic industry, civil society and academia have no structured role in AI policy, which does not exist as a national workstream. Tonga's engagement is external and declaratory, through the Pacific Islands Forum, where Leaders endorsed regional AI principles in September 2026 ahead of a regional AI governance framework due for consideration in 2027.","No AI enforcement framework, sanction, competent authority or monitoring practice exists in Tonga.","Cybersecurity Act 2025, Tonga National Cybersecurity Framework (2022), Digital Government Strategic Framework 2019-2024, Tongan Data Exchange Policy and Framework (2021), Pacific Digital and Artificial Intelligence Technology Principles (2026, regional endorsement)",https://forumsec.org/sites/default/files/2026-09/55PIFLM%20Communique.pdf | https://dig.watch/countries/tonga | https://www.gov.to | https://matangitonga.to/2025/06/05/tonga-s-new-fintech-regulatory-sandbox-framework-launched-national-reserve-bank | https://pina.com.fj/2026/09/06/pacific-leaders-set-ai-rules-push-stronger-digital-connectivity/,2026-10-06,medium
Trinidad and Tobago,"Trinidad and Tobago has no AI-specific legislation in force, no AI bill before Parliament, and no adopted national AI strategy; policy work remains at the diagnostic stage through the UNESCO Readiness Assessment Methodology and UNDP AI Landscape Assessment completed and validated in February 2026. The Data Protection Act 2011 is only partially proclaimed and contains no AI provisions, so AI systems are governed solely by incidental general law.","Policy is pursued entirely through non-binding levers: readiness assessments with UNESCO and UNDP, the six-month AI Academy capacity-building pilot, the Anansi national AI assistant, an OpenAI education partnership and a memorandum of understanding with United Arab Emirates technology entities. The MPAAI is the institutional home for this work but carries no legal AI mandate, and no funding scheme, regulatory sandbox or AI procurement rule is in place.","AI governance is centralised in the Ministry of Public Administration and Artificial Intelligence, with sectoral regulators such as the Telecommunications Authority of Trinidad and Tobago and the Office of the Information Commissioner holding no AI mandate and no formal coordination body linking them. Oversight by courts, an ombudsman or independent review bodies has not shaped AI rules.","Industry, civil society and academia entered AI policy through one-off diagnostic channels: the UNESCO RAM survey, sector consultations in January 2026 and the UWI-hosted validation workshop, none of which created standing advisory roles. Internationally the country is active through UNESCO, UNDP, CARICOM and the Caribbean Telecommunications Union's Caribbean AI Task Force, and has signed partnerships with OpenAI and United Arab Emirates technology entities.","Enforcement of AI rules does not exist, since there are no AI obligations, no designated AI authority, and the general data protection regime is itself unenforced for want of a fully resourced Information Commissioner.",Data Protection Act (2011),https://mpaai.gov.tt/initiatives/ai-readiness-assessment | https://mpaai.gov.tt/media-releases/trinidad-and-tobago-takes-next-step-artificial-intelligence-policy-development | https://www.unesco.org/en/articles/trinidad-and-tobago-advances-ethical-ai-governance-unesco-ram-validation-workshop-0 | https://www.cullen-international.com/news/2026/09/Artificial-intelligence-regulation-and-policy-are-at-an-early-stage-in-the-Caribbean.html | https://sta.uwi.edu/news/releases/release.asp?id=23165,2026-10-06,medium
Tunisia,"AI governance rests on general instruments: Organic Act No. 2004-63 on Personal Data Protection, Decree-Law No. 2022-54 on cybercrime, and the Startup Act, none of which contain AI-specific obligations. The Organic Bill on Protection of Personal Data, which addresses profiling and automated decision-making, remained under committee hearings in the Assembly of the Representatives of the People through 2026, and the National AI Strategy (2026-2030) is a non-binding policy document.","Tunisia relies on soft-law strategy documents and innovation-economy tools, notably the Startup Act framework and donor-supported programmes with GIZ, rather than binding instruments. INPDP and ANSI act only within data protection and cybersecurity mandates, with no AI compliance powers.","AI-relevant oversight is split between a lead ministry and two adjacent-domain regulators, INPDP and ANSI, coordinated only through periodic ministerial councils. Sub-national bodies play no role and judicial or independent review of AI decisions has not materialised.","Industry and academia feed AI policy through consultations, workshops and the ATUGE white paper, while domestic civil society participates mainly through external advocacy rather than standing roles. International engagement is comparatively strong, resting on Convention 108 ratification, Arab ICT Organization and African Union AI readiness work, and EU and Gulf partnerships.","Enforcement reaches AI only indirectly through data protection and cybercrime law, with no AI-specific sanctions, decisions or audit regime on record.","Organic Act No. 2004-63 on Personal Data Protection (2004), Decree-Law No. 2022-54 on Combating Cyber Offences (2022), Startup Act (Law No. 2018-20, amended), National AI Strategy and Roadmap (2021-2025), National AI Strategy (2026-2030), Organic Bill on Protection of Personal Data (2025, before the Assembly of the Representatives of the People)",https://regulations.ai/regulations/RAI-TN-NA-SUMMARY-2026 | https://www.lapresse.tn/2026/08/15/ia-la-tunisie-entre-dans-le-top-30-mondial-des-publications-scientifiques/ | https://businessnews.com.tn/2026/02/27/donnees-personnelles-le-parlement-se-penche-sur-la-modernisation-de-la-legislation-tunisienne/1390118/ | https://www.accessnow.org/tunisia-ratifies-convention-108-affirms-commitment-protection-personal-data/,2026-10-06,medium
Turkey,"No dedicated AI law is in force; three AI bills remain in committee at the Grand National Assembly, including the horizontal Yapay Zeka Kanun Teklifi (Esas No. 2/2234) and the Bill on Amendments to Certain Laws Regarding Artificial Intelligence (Esas No. 2/3358). The binding instruments reaching AI are general: Law No. 6698 on the Protection of Personal Data and Law No. 5651 on internet publications. The AI-specific instruments in force, the Türkiye Artificial Intelligence Action Plan (2026-2030) enacted by Presidential Circular No. 2026/9 and Presidential Decree No. 119 restructuring the National Technology and Artificial Intelligence General Directorate, are policy and organisational measures addressed to public bodies.","Turkey governs AI through strategy and guidance rather than binding instruments: the Türkiye Artificial Intelligence Action Plan (2026-2030), its predecessor National Artificial Intelligence Strategy (2021-2025), and KVKK's 2026 AI guidance documents. Funding, data-opening and computing-capacity programmes are set out in the Action Plan, while the only enforceable lever is data-protection law applied by KVKK.","AI policy is centralised in the Ministry of Industry and Technology through the National Technology and Artificial Intelligence General Directorate, with KVKK, BTK, RTÜK and BDDK covering slices of AI inside existing mandates. A presidentially chaired National Artificial Intelligence Board and Programme Office are being established as the formal coordination layer, there is no subnational role, and independent or judicial scrutiny of AI matters is marginal.","Industry, universities and civil society organisations fed into the Türkiye Artificial Intelligence Action Plan (2026-2030) and the TBMM Artificial Intelligence Research Commission, but none holds a standing formal role in AI rule-making. Internationally Turkey engages through OECD and G20 channels and declaration-level commitments without acceding to the Council of Europe AI treaty.","Rules touching AI are enforced only through general data-protection and internet legislation, with no AI-specific sanctions, enforcement decisions or operating monitoring regime.","Türkiye Artificial Intelligence Action Plan (2026-2030) enacted by Presidential Circular No. 2026/9 (2026), National Artificial Intelligence Strategy 2021-2025 (2021), Presidential Decree No. 119 establishing the National Technology and Artificial Intelligence General Directorate (2025), Yapay Zeka Kanun Teklifi / Draft Artificial Intelligence Law Bill (Esas No. 2/2234, 2024, in committee), Bill on Amendments to Certain Laws Regarding Artificial Intelligence (Esas No. 2/3358, 2025, in committee), TBMM Artificial Intelligence Research Commission Report No. 260 (2026), Law No. 6698 on the Protection of Personal Data (2016), Law No. 5651 on Regulation of Publications on the Internet (2007), KVKK Guidance on Agentic AI (2026), KVKK Guidance on the Use of Generative Artificial Intelligence Tools in Workplaces (2026)",https://www.tbmm.gov.tr/Yasama/KanunTeklifi/e21539a0-888a-4500-81be-01904a918c53 | https://cms.law/en/tur/legal-updates/turkiye-unveils-new-ai-action-plan | https://www.erdem-erdem.av.tr/en/insights/presidential-circular-on-turkiyes-artificial-intelligence-action-plan-20262030-published-in-the-official-gazette | https://www.morogluarseven.com/insights/publications/the-presidential-circular-on-the-turkiye-artificial-intelligence-action-plan-was-published/ | https://cms.law/en/int/expert-guides/ai-regulation-scanner/tuerkiye,2026-10-06,medium
Turkmenistan,"No AI-specific legislation is in force in Turkmenistan. In April 2026 the Cabinet of Ministers directed preparation of a national legal framework for AI covering rules of use, allocation of responsibility, the powers of state agencies and national standards and technical regulations, and a National AI Strategy is being drafted by the Ministry of Communications with UNDP support as part of the State Programme for the Development of the Digital Economy for 2026-2028. Nothing has reached the Mejlis, and existing data-protection and communications law addresses AI nowhere.","Policy runs through state programmes and presidential resolutions rather than law: the State Programme for the Development of the Digital Economy for 2026-2028 and its action plan drive AI pilots, a national data processing centre and a planned AI Competence Centre at Turkmentelecom. No binding AI instrument, published guidance, regulatory sandbox or AI procurement rule exists.","Authority is concentrated in the President and Cabinet of Ministers, with the Ministry of Communications and the state operator Turkmentelecom as executing arms. Coordination is episodic and internal, sub-national bodies only implement, and independent review of technology policy is absent.","AI policy is made by state bodies working with the United Nations Development Programme; the main external input is international rather than domestic. State-owned enterprises and a state university take part in capacity-building, while independent industry and civil society have no channel into the process.","Nothing is enforced because no AI obligation, sanction or supervisory authority has been created.","State Programme for the Development of the Digital Economy of Turkmenistan for 2026-2028 and its Action Plan (2026), Concept for the Development of the Digital Economy in Turkmenistan for 2026-2028 (2025), Law of Turkmenistan No. 519-V On Information about Private Life and its Protection (2017); a National Artificial Intelligence Strategy is in draft",https://www.turkmenistan.gov.tm/en/post/102671/turkmenistan-will-begin-developing-national-legal-framework-field-artificial-intelligence | https://turkmenistan.gov.tm/en/post/102812/president-turkmenistan-approved-state-program-development-digital-economy-until-2028 | https://www.undp.org/turkmenistan/press-releases/undp-supports-national-efforts-shape-turkmenistans-artificial-intelligence-strategy | https://www.turkmenistan.gov.tm/en/post/99387/concept-development-digital-economy-turkmenistan-20262028-has-been-approved | https://www.trend.az/business/4196121.html,2026-10-06,medium
Tuvalu,"Tuvalu has no AI-specific legislation, draft bill or regulatory proposal; the Tuvalu National ICT Policy approved by Cabinet on 5 October 2023 sets connectivity, digital-government and cybersecurity priorities rather than technology-specific codes. Even foundational digital law is incomplete: a Cybercrime Bill remains pending and the Council of Europe records Tuvalu as having no cybercrime policy or strategy. Government attention centres on climate survival, the Digital Nation project and submarine-cable connectivity.","Policy effort is confined to connectivity and digital-government delivery under the Tuvalu National ICT Policy (2023) and the Tuvalu National Broadband Plan (2024), neither of which creates AI obligations, guidance or funding. Public-sector capacity in a state of roughly 11,000 people is absorbed by climate resilience and basic service delivery.","Digital policy is centralised in the central-government ICT department and the state-owned Tuvalu Telecommunications Corporation, with no AI remit allocated anywhere. No coordination mechanism, sub-national tier or independent review body touches AI.","No domestic stakeholder process on AI exists for industry, civil society or academia. International engagement is limited to general UN and Pacific Islands Forum membership, where digital and climate issues are discussed, without participation in AI-specific standards or treaty processes.","No AI enforcement framework, penalty, authority or monitoring practice exists in Tuvalu.",None recorded; the Tuvalu National ICT Policy (2023) and Tuvalu National Broadband Plan (2024) are the only national digital instruments and contain no AI provisions,https://ict.gov.tv/wp-content/uploads/2024/11/Tuvalu-National-ICT-Policy_final-y.pdf | https://dig.watch/countries/tuvalu | https://aiasiapacific.org/wp-content/uploads/2024/08/The-State-of-Artificial-Intelligence-in-the-Pacific-Islands.pdf | https://www.coe.int/en/web/octopus/-/tuvalu | https://finance.gov.tv/wp-content/uploads/2022/08/National-ICT-Policy-2021.pdf,2026-10-06,medium
Uganda,"Uganda has no AI-specific binding instrument: the Artificial Intelligence Bill 2025 remains an unintroduced draft and the National AI and Emerging Technologies Strategy, originating in a Cabinet directive for an AI policy, was still being drafted after nationwide consultations concluded in March 2026. Regulation of AI runs entirely through horizontal law, principally the Data Protection and Privacy Act No. 9 of 2019 and the Computer Misuse Act (Cap. 96), neither of which addresses algorithmic transparency or automated decision-making. The UNESCO AI Readiness Assessment Report validated on 26 May 2026 confirms the absence of a dedicated legal framework.","Uganda's levers are preparatory: a strategy in drafting, the ITU-supported National AI Landscape Assessment, the UNESCO Readiness Assessment, and general-law guidance from the Personal Data Protection Office. Economic instruments exist only as non-AI-specific financial-sector sandboxes and donor-supported innovation funding in health, agriculture and public services.","AI governance is centred on the Ministry of ICT and National Guidance and NITA-U, with the Personal Data Protection Office, Uganda Communications Commission and Bank of Uganda touching AI inside existing remits and the Uganda Communications Commission and Ministry each preparing separate AI strategies. Coordination is informal through the National AI Focal Point, local governments have no role, and oversight by courts or independent review bodies is confined to general data-protection complaints.","Government, industry, academia and civil society met in structured but non-standing consultations during the UNESCO AI Readiness Assessment process in February and May 2026 and the strategy stakeholder engagements that closed in March 2026. International engagement is the strongest axis, spanning UNESCO, ITU, UNDP, the African Union and a 30 September 2026 parliamentary exchange with Kenya on AI regulation.","Enforcement touching AI flows exclusively through general regulators applying data protection, communications and cybercrime law, as shown by the Personal Data Protection Office decision against WhatsApp LLC in February 2026, and no AI-specific sanction, authority or audit regime exists.","Data Protection and Privacy Act No. 9 of 2019, Computer Misuse Act (Cap. 96), Data Protection and Privacy Regulations 2021, Artificial Intelligence Bill 2025 (draft, not tabled), National Artificial Intelligence and Emerging Technologies Strategy (in development, 2026), Uganda National AI Landscape Assessment (ITU, 2024), Uganda AI Readiness Assessment Report (UNESCO, validated 26 May 2026), National Information Security Framework 2026",https://ict.go.ug/media/news/ministry-engages-stakeholders-on-ugandas-national-emerging-technologies-strategy | https://ict.go.ug/media/news/government-of-uganda-and-unesco-validate-ugandas-ai-readiness-report | https://www.unesco.org/en/articles/uganda-convenes-national-stakeholders-dialogue-strengthen-ethical-ai-governance | https://www.nita.go.ug/laws-and-regulations/data-protection-and-privacy-act-no-9-2019 | https://practiceguides.chambers.com/practice-guides/artificial-intelligence-2026/uganda,2026-10-06,medium
Ukraine,"Ukraine remains in the voluntary first stage of its two-stage model: no AI-specific binding rules are in force, and the Council of Europe Framework Convention on AI signed on 15 May 2025 awaits ratification by the Verkhovna Rada. A working group at the Ministry of Digital Transformation convened in June 2026 to draft a European-integration AI law aligned with the EU AI Act, with submission planned for the fourth quarter of 2026. Governance therefore rests on dedicated but non-binding AI documents plus general data-protection and cybersecurity law.","Policy runs through soft law and economic tools: the White Paper, the voluntary Code of Conduct, sectoral guidance and labelling sit alongside an operating AI and Blockchain Sandbox run with the Ukrainian Startup Fund and the WINWIN AI Center of Excellence. Institutional capacity is concentrated in the Ministry of Digital Transformation, which holds policy leadership but no legal compliance mandate over AI.","AI governance is centralized in the Ministry of Digital Transformation, which sets strategy, runs the sandbox and drafts the forthcoming law, with other agencies contributing through an inter-ministerial action plan and the 2026 working group. Independent review is limited to the Ombudsman's general human-rights mandate, and no subnational tier plays any role.","Consultation is broad but informal: companies, NGOs and academics take part in the Roadmap process, the Expert Committee, the 2026 legal-regulation working group and the public consultation on the AI Strategy to 2030, none of which confers a standing decision-making role. International engagement is substantial, including treaty signature, OECD principles, EU alignment workshops, and a proposal to open the national sandbox to European partners.","Compliance rests on voluntary and reputational incentives, with no AI-specific penalties, enforcement decisions, dedicated enforcement authority or audit regime in place.","Concept for the Development of Artificial Intelligence in Ukraine (Cabinet of Ministers Order No. 1556-р, 2020), Action Plan for Implementation of the Concept of AI Development in Ukraine for 2025-2026 (Cabinet of Ministers Order No. 457-р, 2025), Roadmap for AI Regulation in Ukraine (2023), White Paper on Artificial Intelligence Regulation (2024), Policy on Development of Artificial Intelligence in Priority Spheres of Economy until 2026 - Cabinet of Ministers Order (2024), Cabinet of Ministers resolution establishing the AI and Blockchain Sandbox experimental project (2024), Voluntary Code of Conduct on Ethical and Responsible Use of Artificial Intelligence (2024), WINWIN 2030 Global Innovation Strategy (2024), draft National Artificial Intelligence Development Strategy until 2030 (2025, in public consultation), Law of Ukraine On Personal Data Protection No. 2297-VI (2010), Law of Ukraine On the Basic Principles of Ensuring Cybersecurity of Ukraine No. 2163-VIII (2017), Council of Europe Framework Convention on Artificial Intelligence and Human Rights, Democracy and the Rule of Law CETS 225 (signed 2025, not ratified)",https://www.coe.int/en/web/artificial-intelligence/-/ukraine-signs-the-council-of-europe-framework-convention-on-ai | https://zakon.rada.gov.ua/go/457-2025-%D1%80 | https://cms.law/en/int/expert-guides/ai-regulation-scanner/ukraine | https://www.ibanet.org/Regulation-of-AI-Ukraine-current-approach | https://www.kmu.gov.ua/en/news/mintsyfry-zapuskaiemo-sandbox-dlia-startapiv-zi-shtuchnoho-intelektu-ta-blokcheinu,2026-10-06,medium
United Arab Emirates,"The UAE has no horizontal federal AI statute; binding federal AI rules cover election campaigning and the use of AI inside government, while the Personal Data Protection Law (Federal Decree-Law No. 45 of 2021) and the Child Digital Safety Law (Federal Decree-Law No. 26 of 2025) are general instruments applied to AI. Free-zone rules such as DIFC Data Protection Regulation 10, enforceable from January 2026, bind only within those jurisdictions. The Federal Authority for Artificial Intelligence and Data, approved on 14 June 2026, is mandated to propose AI legislation that does not yet exist.","Policy runs mainly through soft law (UAE AI Charter 2024, National AI Strategy 2031, CBUAE Guidance Note 2026) and very large state-backed investment and infrastructure programmes, with binding AI rules confined to elections, government use and free zones. Institutional capacity was consolidated in June 2026 into the Federal Authority for Artificial Intelligence and Data, which has yet to exercise compliance powers.","Governance combines a newly consolidated federal centre reporting to the Cabinet with emirate and free-zone jurisdictions that write and enforce their own AI rules. Courts, ombudsmen and independent review bodies play no visible role in shaping AI policy.","Industry is consulted through free-zone and sectoral processes while domestic civil society is absent from AI policy-making. International engagement is intense, spanning UN processes, multilateral declarations and bilateral government-to-government AI frameworks.","AI rules are backed mainly by general-law penalties and supervisory expectations, with no published AI-specific enforcement decision and a federal AI authority that has not yet used compliance powers.","UAE National AI Strategy 2031 (2017), Federal Decree-Law No. 45 of 2021 on the Protection of Personal Data (PDPL), UAE Charter for the Development and Use of Artificial Intelligence (2024), Abu Dhabi Law No. 3 of 2024 establishing the Abu Dhabi Artificial Intelligence and Advanced Technology Council, DIFC Data Protection Regulations Regulation 10 (2023, enforceable January 2026), National Elections Committee Policy on the Use of Artificial Intelligence (2025), Federal Decree-Law No. 26 of 2025 on Child Digital Safety, National AI System Cabinet integration decision (2026), CBUAE Guidance Note on Consumer Protection and the Responsible Adoption and Use of Artificial Intelligence and Machine Learning by Licensed Financial Institutions (2026), Federal Authority for Artificial Intelligence and Data establishment decision (2026)",https://www.loc.gov/item/global-legal-monitor/2026-03-25/united-arab-emirates-government-adopts-measures-regulating-ai-in-elections-and-executive-decision-making | https://www.morganlewis.com/pubs/2026/06/uae-establishes-federal-authority-for-artificial-intelligence-and-data | https://www.difc.com/business/registrars-and-commissioners/commissioner-of-data-protection/regulation-10 | https://iapp.org/resources/article/global-ai-governance-uae,2026-10-06,medium
United Kingdom,"The UK has no enacted horizontal AI-specific legislation as of June 2026; the Artificial Intelligence (Regulation) Bill [HL] (a private member's bill) was at final stages in Parliament as of April 2026 but is not government-sponsored law. AI is addressed through the Data (Use and Access) Act 2025 (Royal Assent June 2025, core provisions in force February 2026) and sector-specific rules from ICO, FCA, Ofcom, CMA, and MHRA, applying five cross-sector principles via the DSIT pro-innovation framework. The Regulating for Growth Bill (King's Speech, May 2026) would put regulatory sandboxes onto a statutory footing but adds no binding AI-specific rules.","The UK relies on soft-law instruments—five cross-sector AI principles, sector-regulator AI strategic frameworks (FCA Mills Review, PRA SS1/23, ICO ADM guidance), and the AI Security Institute's evaluation work—supported by economic programs such as the AI Growth Lab and AI Opportunities Action Plan (Jan 2025), with no binding horizontal AI statute; binding instruments are limited to sector-specific rules under existing legislation such as the DUAA 2025.","Seven sector regulators (ICO, FCA, PRA, CMA, Ofcom, MHRA, and others) each apply the five DSIT principles independently within their domains, with the Digital Regulation Co-operation Forum (DRCF) providing ad hoc cross-regulator coordination; there is no single AI authority, no subnational AI regulation, and judicial/independent review operates through existing administrative law channels.","Industry has structured input through consultations, working groups, and the AI Opportunities Action Plan process; civil society and academia are consulted occasionally (e.g., AISI evaluations, BCS engagement with AI Action Plan) but hold no standing formal roles; internationally, the UK hosted the Bletchley AI Safety Summit (2023) and participates in OECD and G7 AI governance forums but declined to sign the Paris AI Action Summit declaration (February 2025), signalling a more selective international alignment.","Enforcement relies on existing sector-regulator powers (e.g., ICO fines under UK GDPR, FCA supervisory actions) rather than a dedicated AI enforcement authority; the AI Security Institute conducts model evaluations and risk monitoring but has no enforcement remit, and published regulatory actions touching AI are occasional rather than routine.","Data (Use and Access) Act 2025, AI Opportunities Action Plan (2025), Regulating for Growth Bill (2026, introduced), Artificial Intelligence (Regulation) Bill [HL] (2025-2026, private member's bill in final stages), UK GDPR / Data Protection Act 2018, Online Safety Act 2023, AI Safety Institute Framework (2024)",https://bills.parliament.uk/bills/3942|https://www.glacis.io/guide-uk-ai-regulation|https://www.twobirds.com/en/insights/2026/ai-in-the-kings-speech-2026-regulating-for-growth-bill-announced|https://www.burges-salmon.com/articles/102kpk8/ai-governance-automated-decision-making-and-ip-unpacking-the-data-use-and-acce/|https://www.osborneclarke.com/insights/regulatory-outlook-may-2026-artificial-intelligence,2026-06-13,medium
United States of America,"The United States has no comprehensive federal AI statute; the TAKE IT DOWN Act (2025) is the only federal AI-specific law binding private actors, and its platform notice-and-removal duties became enforceable on 19 May 2026. Other federal AI-specific obligations are executive instruments binding on agencies and contractors — Executive Order 14319 with OMB Memorandum M-26-04 on unbiased LLM procurement, OMB M-25-21 and M-25-22 on federal AI use and acquisition, and Executive Order 14409 (2 June 2026) on advanced AI innovation and security. Executive Order 14365 (11 December 2025) and the March 2026 National Policy Framework press for preemption of state AI laws, but no federal preemption statute has been enacted.","Policy runs through a thin layer of binding AI instruments (TAKE IT DOWN Act, OMB procurement memoranda), a dense soft-law layer centred on the NIST AI Risk Management Framework and the Center for AI Standards and Innovation, and large funding programmes such as the Genesis Mission and NAIRR. Federal AI procurement rules apply to agencies, but no federal regulatory sandbox is operating.","Governance is highly fragmented: federal agencies act in parallel under their own authorities while 45-plus states legislate independently, producing Texas, California and Colorado regimes that the federal executive is contesting. Coordination is executive-led through OSTP and the Chief AI Officer Council, and courts are a central arena for defining the limits of AI rules.","Industry has the deepest structured access through standards consultations, procurement engagement and the voluntary frontier-model framework under Executive Order 14409; civil society and academia contribute mainly through public comment. Internationally the country is active in standards bodies and bilateral AI agreements while avoiding binding multilateral commitments.","Enforcement is real but narrow: the FTC polices the TAKE IT DOWN Act and uses general consumer-protection powers against deceptive AI claims, while state attorneys general enforce the state AI statutes.","TAKE IT DOWN Act (2025), Executive Order 14179 Removing Barriers to American Leadership in Artificial Intelligence (2025), America's AI Action Plan (2025), Executive Order 14319 Preventing Woke AI in the Federal Government (2025), Executive Order 14365 Ensuring a National Policy Framework for Artificial Intelligence (2025), Executive Order on the Genesis Mission (2025), Executive Order 14409 Promoting Advanced Artificial Intelligence Innovation and Security (2026), National Policy Framework for Artificial Intelligence (2026), OMB Memorandum M-25-21 (2025), OMB Memorandum M-25-22 (2025), OMB Memorandum M-26-04 Increasing Public Trust in Artificial Intelligence Through Unbiased AI Principles (2025), NIST AI Risk Management Framework (2023), Texas Responsible Artificial Intelligence Governance Act (2025), California SB 53 Transparency in Frontier Artificial Intelligence Act (2025), Colorado SB 26-189 (2026)",https://www.ftc.gov/news-events/news/press-releases/2026/05/ftc-begins-enforcing-take-it-down-act | https://www.congress.gov/crs-product/IF13268 | https://www.whitehouse.gov/releases/2026/07/45502/ | https://www.privacyworld.blog/2026/09/u-s-ai-law-2026-midyear-state-update/ | https://www.hklaw.com/en/insights/publications/2026/03/white-house-releases-a-national-policy-framework-for-artificial,2026-10-06,high
Uruguay,"Uruguay has no comprehensive AI statute; binding AI-relevant rules consist of Articles 74 and 75 of Law 20.212 (2023), which mandate a national data and AI strategy, and Decreto 276/025 of December 2025, which sets a governance scheme with impact assessments, time limits and supervision for controlled testing environments and data spaces used for data and AI projects. The Council of Europe Framework Convention on Artificial Intelligence, signed in September 2025, has not been ratified and the treaty itself is not in force. Personal data processing by AI is covered by Law 18.331 (2008), which contains no AI-specific provision.","Policy runs through Agesic's statutory strategy mandate, soft-law recommendations and strategy documents, and economic instruments: the Uruguay Innova sandbox launched jointly with MIEM, Agesic, ANII and URCDP, and the Instituto Vidart national AI centre financed by a US$10 million loan. Binding levers are confined to Decreto 276/025 and general data protection law.","Agesic is the lead body, coordinating through the Public Sector Strategic Committee for AI and Data and through the joint sandbox instrument run with MIEM, ANII, URCDP and Uruguay Innova. Governance is national and centralized, with departmental governments absent and external review limited to data protection complaints and ordinary courts.","Participation is strongest internationally: treaty negotiation and signature at the Council of Europe, adherence to the UNESCO Recommendation on the Ethics of AI, OECD AI work and the Montevideo Declaration. Domestically, industry, civil society and academia were consulted during strategy development and take part in the sandbox and observatory initiatives, without formal standing roles.","Enforcement of AI obligations is not operational: supervision exists only for projects admitted to sandboxes, and sanctions available against AI uses derive from the general data protection regime enforced by URCDP.","Law 18.331 Personal Data Protection Law (2008), Law 20.212 Articles 74 and 75 (2023), Decreto 276/025 regulating controlled testing environments and data spaces for data and artificial intelligence (2025), National Artificial Intelligence Strategy 2024-2030, Agesic AI Regulatory Recommendations (2024), Council of Europe Framework Convention on Artificial Intelligence and Human Rights, Democracy and the Rule of Law (signed September 2025), Artificial Intelligence Strategy for Digital Government (2020)",https://www.impo.com.uy/bases/decretos/276-2025 | https://www.gub.uy/uruguay-innova/noticias/se-lanzo-el-nuevo-instrumento-de-entornos-controlados-de-prueba-sandboxes | https://www.coe.int/en/web/artificial-intelligence/-/uruguay-signs-council-of-europe-s-global-ai-treaty-1 | https://www.agesic.gub.uy | https://oecd.ai/en/dashboards/policy-initiatives/national-artificial-intelligence-strategy-20242030-8923,2026-10-06,medium
Uzbekistan,"Uzbekistan regulates AI through Law No. ZRU-1115 of 21 January 2026, which defines artificial intelligence, bans legally significant decisions taken solely by AI, requires labelling of AI-generated content and adds administrative fines for unlawful AI-based personal data processing, and through the Ethical Rules for the Creation, Implementation and Use of AI-Based Solutions (Order No. 3787, registered 14 March 2026, in force 17 June 2026), which bind every developer, implementer and user of AI in any sector. The framework is horizontal and principle-based rather than risk-tiered: it contains no high-risk classification, conformity assessment or registration regime, and the national AI standards foreseen by the Strategy for the Development of Artificial Intelligence Technologies until 2030 have not been issued.","Policy combines one horizontal binding law, a binding ministerial ethics order, and development instruments: Cabinet Resolution No. 425 of 10 July 2025 on priority AI projects, Decree PF-189 on AI procurement, GPU purchasing and investment allowances, and PP-320's $100 million allocation through the Reconstruction and Development Fund and venture funds. An AI regulatory sandbox remains at the design stage under a UNDP framework guide, and the Enterprise Uzbekistan special legal regime covering AI and regulatory testing takes effect only on 21 January 2027.","AI governance is centralised in the Ministry of Digital Technologies, which drafts legislation and issued the Ethical Rules, with Uzkomnazorat as the supervisory inspectorate and the Coordination Commission for the Digital Uzbekistan 2030 Strategy providing inter-agency coordination. The unitary structure leaves no sub-national regulatory role, and independent judicial or ombudsman scrutiny of AI decisions has not materialised.","Participation runs through state-convened structures: the Artificial Intelligence Alliance of companies, banks and universities, ministerial consultations during the passage of Law No. ZRU-1115, and expert input from the AI and Digital Economy research centre. Internationally Uzbekistan works with UNESCO on the Recommendation on the Ethics of AI and its Readiness Assessment Methodology and with UNDP on sandbox design, and cooperates within the CIS, while independent domestic civil society has no standing role.","Penalties exist only for unlawful AI-based personal data processing, Uzkomnazorat supervises under its general informatisation remit, and no AI-specific enforcement decision or audit programme has been published since the rules took effect.","Strategy for the Development of Artificial Intelligence Technologies until 2030 (PP-358, 2024), Law on Amendments and Supplements to Certain Laws in Connection with Artificial Intelligence Regulation No. ZRU-1115 (2026), Ethical Rules for the Creation, Implementation and Use of Artificial Intelligence-Based Solutions No. 3787 (2026), Presidential Decree No. PF-189 on Additional Measures for the Further Development of Artificial Intelligence Technologies (2025), Presidential Resolution No. PP-320 on Additional Measures to Support Artificial Intelligence Projects (2025), Cabinet of Ministers Resolution No. 425 on Priority Projects in the Field of Artificial Intelligence Technologies in 2025-2026 (2025), Law on Informatisation (as amended), Law on Personal Data (as amended by Law No. ZRU-1125, 2026)",https://lex.uz/en/docs/8011930 | https://lex.uz/en/docs/7159258 | https://kun.uz/en/news/2026/03/16/uzbekistan-introduces-ethical-guidelines-for-ai-use | https://www.legal500.com/developments/thought-leadership/legislative-updates-in-the-field-of-artificial-intelligence-and-personal-data-regulation-uzbekistan/ | https://chambers.com/articles/ai-regulation-and-power-sector-integration-in-uzbekistan,2026-10-06,medium
Vanuatu,"Vanuatu regulates AI through general digital law rather than a dedicated AI instrument: the Digital Transformation Act No. 42 of 2025 names ""artificial intelligence (AI) and AI-related data services"" as a permit category and gives the Department of Communications and Digital Transformation a statutory function to develop and enforce AI frameworks, while the Data Protection and Privacy Act No. 13 of 2024 grants a right not to be subject to solely automated decisions. Coverage is confined to licensing and data protection, with no high-risk, transparency or conformity obligations. Implementing permit regulations, guidance and an operational enforcement body are absent.","Levers are general digital-governance instruments plus regional principles: permits and penalties under the Digital Transformation Act No. 42 of 2025, data protection rules on automated decisions, and the ethical-AI aspiration in the ICT Policy 2025. There is no AI funding scheme, sandbox, procurement rule, or resourced AI unit.","Authority is concentrated in the Department of Communications and Digital Transformation, with the Telecommunications and Radiocommunications Regulator covering telecoms and the Digital Safety Authority established on paper under Act No. 15 of 2024 but not yet operating. The statutory National Digital Transformation Steering Committee provides cross-government coordination, while provinces, courts and the Ombudsman play no part in shaping AI rules.","Engagement is government-led, with industry input through ICT and digital legislation consultations and forum sessions, and universities and community groups appearing only as event participants. Vanuatu's most substantive AI activity is regional: it backed the Pacific Digital and Artificial Intelligence Technology Principles and pressed for enforceable protection of traditional knowledge used in AI systems at the 2026 Forum ICT Ministers Meeting.","Penalties attach to the AI permit category and to data protection breaches, but no AI enforcement action, audit or monitoring has occurred and no resourced authority exercises the powers.","Digital Transformation Act No. 42 of 2025, Data Protection and Privacy Act No. 13 of 2024, Digital Safety Authority Act No. 15 of 2024, ICT Policy 2025, National Cyber Security Strategy 2030, Pacific Digital and Artificial Intelligence Technology Principles (2026, endorsed)","https://pmo.gov.vu/fr/1167-connectivity,-resilience-and-ai-governance-vanuatu-s-message-to-pacific-ict-ministers.html | https://parliament.gov.vu/images/Bills/Second%20Ordinary%20session%202025/Bill%20for%20the%20Digital%20Transformation%20Act%20No.%20%20of%202025/Bill%20for%20the%20Digital%20Transformation%20Act%20No.%20%20of%202025.pdf | https://pina.com.fj/2026/09/06/pacific-leaders-set-ai-rules-push-stronger-digital-connectivity/ | https://aiasiapacific.org/2026/04/14/advancing-responsible-ai-in-the-pacific-insights-from-the-commonwealth-digital-roadshow-in-vanuatu/",2026-10-06,medium
Vatican City,"Vatican City State regulates AI through one dedicated binding instrument, Decree No. DCCII of the Pontifical Commission (adopted 16 December 2024, in force 1 January 2025), which defines AI, sets principles of human dignity, transparency and data protection, prohibits discriminatory, manipulative and dignity-violating uses, assigns authorship of AI-generated content to the Governorate, and creates a five-member AI Commission. Coverage is institutional rather than horizontal: it binds the Governorate and Vatican City State bodies, not the whole Roman Curia or private actors. The promised follow-up laws and implementing regulations do not appear in the Governorate's published legislation, and the May 2026 encyclical Magnifica Humanitas carries doctrinal rather than civil-law force.","The lever mix is one binding decree plus an unusually dense body of ethical and doctrinal soft law: the Rome Call for AI Ethics (2020), Antiqua et Nova (2025) and the encyclical Magnifica Humanitas (2026). There are no economic instruments, and institutional capacity rests on two thinly staffed commissions, one inside the Governorate and one spanning seven curial bodies.","Authority is concentrated in the Pontifical Commission for Vatican City State and its Governorate, with an internal AI Commission chaired by the Secretary General drawing on the legal, telecommunications and security offices. Coordination across the Holy See runs through the Interdicasterial Commission on Artificial Intelligence (May 2026), while no subnational layer and no independent judicial or ombudsman review of AI exists.","Participation is internally clerical and externally diplomatic: the Pontifical Academies hold standing advisory roles, companies engage by signing the Rome Call for AI Ethics, and the Holy See speaks on AI at the United Nations, UNESCO and the G7. Domestic civil society has no channel into the Vatican's closed legislative process, and the Vatican does not sit in treaty-based technical standards bodies.","Prohibitions exist on paper under Decree No. DCCII, but no penalties are specified, the Governorate's AI Commission has published no decisions or monitoring reports, and oversight is limited to internal vetting of AI experimentation.","Guidelines on Artificial Intelligence – Decree No. DCCII of the Pontifical Commission for Vatican City State (2024, in force 2025), Rome Call for AI Ethics (2020), Antiqua et Nova – Doctrinal Note on Artificial Intelligence (2025), Magnifica Humanitas – Encyclical Letter of Pope Leo XIV on Safeguarding the Human Person in the Time of Artificial Intelligence (2026), Interdicasterial Commission on Artificial Intelligence – Rescript of Cardinal Michael Czerny (2026)",https://www.vaticanstate.va/en/state-and-government/legislation-and-regulations/general-regulations.html | https://www.vaticannews.va/en/pope/news/2026-05/pope-leo-interdicasterial-artificial-intelligence-commission.html | https://www.vatican.va/content/leo-xiv/en/encyclicals/documents/20260515-magnifica-humanitas.html | https://www.catholicnewsagency.com/news/261551/a-look-at-vatican-citys-new-artificial-intelligence-law,2026-10-06,medium
Venezuela,"Venezuela's AI framework rests on a bill and a ministerial ethics code rather than enacted law: the Proyecto de Ley de Inteligencia Artificial cleared first discussion on 19 November 2024, creating a risk classification and a national AI agency, but has not advanced to second discussion. The Ministry of Science and Technology published the Código de Ética para el Desarrollo y Aplicación Responsable de la Inteligencia Artificial on 19 February 2026, setting nine guiding principles without legal force. Binding obligations on AI systems do not exist in any sector.","Policy runs through executive soft instruments: the 2026 Código de Ética, the Plan Nacional de Inteligencia Artificial built on talent formation, sovereign compute infrastructure and an ALBA regional AI agency, and a MINCYT directorate without legal powers. No funded scheme, sandbox or procurement rule for AI has been published.","AI governance is concentrated in the national executive, with MINCYT as sole rector and the National Assembly's Comisión Permanente de Educación, Salud, Ciencia, Tecnología e Innovación handling the pending bill. Sub-national authorities and independent review bodies play no part.","Participation is government-led and outward-facing: ministers present the Plan Nacional de Inteligencia Artificial at UNESCO, WSIS and ALBA fora, while domestic input from private industry, civil society and universities remains limited to announced consultation and training activity. No standing advisory body gives non-state actors a formal seat.","Nothing is enforced because no AI obligation is legally binding, and no authority holds an AI supervisory mandate.","Proyecto de Ley de Inteligencia Artificial (2024, approved in first discussion 19 November 2024, pending second discussion), Código de Ética para el Desarrollo y Aplicación Responsable de la Inteligencia Artificial (2026), Plan Nacional de Inteligencia Artificial (2025), Special Law Against Cybercrimes (2001)",https://www.asambleanacional.gob.ve/noticias/an-aprueba-en-primera-discusion-proyecto-de-ley-de-inteligencia-artificial | https://mincyt.gob.ve/venezuela-presenta-el-codigo-de-etica-para-el-desarrollo-y-aplicacion-responsable-de-la-ia/ | https://fonacit.gob.ve/codigo-de-etica-para-el-desarrollo-y-aplicacion-responsable-de-la-inteligencia-artificial/ | https://mincyt.gob.ve/venezuela-avanza-en-materia-de-inteligencia-artificial-y-ciberseguridad/ | https://bentata.com/venezuelas-ai-bill-and-the-intellectual-property-gap/,2026-10-06,medium
Vietnam,"Vietnam governs AI through a dedicated horizontal statute, Law No. 134/2025/QH15, in force since 1 March 2026, with a three-tier risk classification, prohibited practices, transparency and deepfake labelling duties, and registration of medium- and high-risk systems through the national one-stop AI portal. Implementing detail arrived with Decree No. 142/2026/ND-CP (effective 1 May 2026) and the Prime Minister's high-risk list in Decision No. 33/2026/QD-TTg (effective 15 August 2026), covering 46 system types across six sectors. Full application is still phased: general compliance deadlines fall on 1 March 2027 and 1 September 2027 for healthcare, education and finance, and the administrative-sanctions decree has not been issued.","Vietnam combines binding instruments (Law 134/2025/QH15, Decree 142/2026/ND-CP, Decision 33/2026/QD-TTg) with soft-law guidance, notably the National AI Ethics Framework in Circular No. 05/2026/TT-BKHCN and Decision No. 1290/QD-BKHCN on responsible AI research. The Ministry of Science and Technology is the lead institution, operating the one-stop AI portal, self-declaration registration and a controlled sandbox, with fine schedules and exercised compliance powers still outstanding.","AI governance is concentrated in the Ministry of Science and Technology, which classifies, registers and supervises AI systems, with sectoral ministries in health, education, finance and transport applying the Decision 33 high-risk list in their fields and a Prime Minister-chaired National Committee on Artificial Intelligence providing top-level coordination. There is no subnational AI rule-making and no independent regulator or tribunal shaping AI rules.","Policy-making is state-led, with formal public consultation on the draft AI Law and implementing decree drawing domestic and foreign industry submissions and expert input from research institutes, while independent civil society has no structured role. Internationally Vietnam is active through ASEAN, hosting the Hanoi Digital Declaration and ASEAN AI safety cooperation, UNESCO ethics implementation, and bilateral AI cooperation with China, Japan and South Korea.","The AI Law provides suspension, recall and liability tools with the detailed administrative fine schedule still pending, and no AI-specific enforcement decision has been taken while transition deadlines run into 2027.","Law on Artificial Intelligence No. 134/2025/QH15 (2025), Decree No. 142/2026/ND-CP (2026), Decision No. 33/2026/QD-TTg on the list of high-risk AI systems (2026), Circular No. 05/2026/TT-BKHCN on the National AI Ethics Framework (2026), Decision No. 1290/QD-BKHCN on responsible AI research and development guidelines (2024), Law on Digital Technology Industry (2025), Decree No. 353/2025/ND-CP on digital technology sandbox (2025), National AI Strategy Decision No. 127/QD-TTg (2021)",https://www.loc.gov/item/global-legal-monitor/2026-04-03/vietnam-ai-law-takes-effect | https://www.allenandgledhill.com/perspectives/articles/33373/vnkh-vietnam-identifies-high-risk-ai-systems-across-six-sectors | https://www.tilleke.com/insights/vietnam-takes-major-step-in-ai-governance-with-new-guiding-decree/9/ | https://vietnamnews.vn/society/1767279/ai-use-must-ensure-safety-not-cause-harm-to-human-life.html | https://connectontech.bakermckenzie.com/vietnams-first-standalone-ai-law-an-overview-of-key-provisions-future-implications/,2026-10-06,medium
Yemen,"Yemen has no dedicated AI law, national AI strategy or AI regulator, and neither the internationally recognised government in Aden nor the de facto authority in Sana'a has published an AI framework. Digital policy activity is limited to the National Cybersecurity Strategy approved in January 2023, the March 2025 Strategic Orientation towards Digital Transformation Project of the Ministry of Communications and Information Technology, and a still-unenacted draft law on combating information technology crimes, none of which addresses AI systems. Armed conflict and parallel institutions leave AI unregulated.","Yemen deploys no AI policy levers: no binding rules, no published guidance, no funding, procurement or sandbox programs, and no body with an AI mandate. Isolated civil-service training on AI tools and donor-supported digital projects are the only AI-adjacent public activity.","AI governance structures are absent, with the ministry that would normally lead digital policy split between the Aden government and the Sana'a authority. Neither subnational bodies nor courts or independent review mechanisms play any part in AI oversight.","No structured domestic engagement by industry, civil society or academia in AI policy exists. International involvement is limited to attendance at the 2024 Seoul summit on responsible military AI, UNESCO membership, and UN-convened workshops such as the Office of the Special Envoy of the Secretary-General for Yemen session on AI and the Women, Peace and Security agenda at the Paris AI Action Summit.","AI enforcement does not exist: no penalties, authority, actions or monitoring of AI systems are in place anywhere in the country.",,https://dig.watch/countries/yemen | https://www.mofa-ye.org/Pages/29034/ | https://osesgy.unmissions.org/sites/default/files/2026-02/paris_summit_report_final_28_april.pdf | https://www.levellers.ai/what-is/ai-regulation-yemen,2026-10-06,medium
Zambia,"Zambia's AI framework rests on the non-binding National Artificial Intelligence Strategy launched by the Ministry of Technology and Science in November 2024, which sets pillars on policy and regulation, skills, infrastructure, research and sectoral adoption and calls for a National AI Policy, a National AI Council and technical working groups. No AI-specific binding instrument exists or is before Parliament; AI-related conduct falls under the Data Protection Act No. 3 of 2021 and the Cyber Security Act No. 3 of 2025 and Cyber Crimes Act No. 4 of 2025, which replaced the Cyber Security and Cyber Crimes Act of 2021 and contain no provisions written for AI systems.","Policy action is limited to a non-binding national strategy and its planned advisory structures, coordinated by the Ministry of Technology and Science with the Smart Zambia Institute. No AI-specific binding instrument, published guidance, procurement rule or regulatory sandbox is in operation.","AI governance is centralized in the Ministry of Technology and Science, supported by the Smart Zambia Institute and ZICTA, with the National AI Council and technical working groups envisaged by the strategy as the coordination mechanism. Provinces and districts play no role, and no court or independent review body has shaped AI rules.","Government-convened consultations have brought industry, academia, civil society, youth and development partners into strategy design and into the UNESCO AI Readiness Assessment Methodology 2.0 exercise held in June 2026, but none of these actors holds a standing formal role. Internationally, Zambia works through UNESCO, the African Union Continental AI Strategy and the Smart Africa Alliance rather than binding AI treaties.","No AI-specific obligations, sanctions or enforcement decisions exist, and oversight is confined to general cyber security and data protection regulators plus one-off readiness assessment work.","National Artificial Intelligence Strategy 2024-2026 (launched November 2024), Data Protection Act No. 3 of 2021, Cyber Security Act No. 3 of 2025, Cyber Crimes Act No. 4 of 2025, National ICT Policy (2023)",https://www.mots.gov.zm/wp-content/uploads/2025/02/Zambia-Ai-Strategy-Book-option-2.pdf | https://www.mots.gov.zm/?p=7437 | https://oecd.ai/en/dashboards/policy-initiatives/national-artificial-intelligence-strategy-of-zambia-2025-2027 | https://zambialii.org/akn/zm/act/2025/3/eng@2025-04-15 | https://www.zicta.zm,2026-10-06,medium
Zimbabwe,"Zimbabwe governs AI through the non-binding National Artificial Intelligence Strategy 2026–2030, approved by Cabinet in October 2025 and launched by President Mnangagwa at Parliament on 13 March 2026. The strategy's Pillar 4 promises a National AI Act with a risk-based framework and national AI technical standards, but no AI bill has been drafted or tabled. Binding obligations touching AI come only from the Cyber and Data Protection Act [Chapter 12:07] (2021) and its 2024 licensing regulations, which address personal data generally.","Policy action rests on a single soft-law instrument, the National AI Strategy 2026–2030, supplemented by data-protection law, with flagship economic initiatives — the Innovation Crucible sandbox, Project Pangolin and the Mugove/Umqele/Isabelo fund — announced but not yet funded or operating. Institutional capacity is limited to ministry-led coordination structures without legal AI powers.","AI governance is centralised in the Ministry of Information Communication Technology, Postal and Courier Services, with POTRAZ serving as data protection authority and host of the strategy's Steering Committee. A formal architecture — National Digital Regulatory Committee chaired by the President, National AI Council, AI Strategy Implementation Office, Technical Working Groups — is designed on paper, while subnational and independent-review roles are absent.","Industry, civil society, academia, diaspora representatives and development partners were consulted in 2025 workshops in Kadoma, Harare, Bulawayo and Masvingo that fed the strategy, but participation has been episodic rather than institutionalised. International engagement runs through UNESCO readiness assessment support, United Nations partnership, and African Union and SADC processes rather than binding instruments.","Enforcement touching AI exists only through POTRAZ's data protection mandate, whose mandatory controller inspections started on 1 September 2026, with no AI-specific penalties, decisions or audits.","National Artificial Intelligence Strategy 2026–2030 (2026), Cyber and Data Protection Act [Chapter 12:07] (2021), Cyber and Data Protection (Licensing of Data Controllers and Appointment of Data Protection Officers) Regulations (2024), Postal and Telecommunications Act [Chapter 12:05]",https://oecd.ai/en/dashboards/policy-initiatives/zimbabwe-national-artificial-intelligence-strategy-2026-2030 | https://zimbabwe.un.org/en/311859-zimbabwe-unveils-2026%E2%80%932030-ai-strategy-advance-inclusive-digital-transformation | https://zimbabwe.misa.org/2026/07/01/legislative-and-regulatory-reform-in-zimbabwes-digital-sector-a-rights-based-perspective/ | https://www.techzim.co.zw/2026/03/zimbabwes-ai-strategy-is-here-will-it-matter/,2026-10-06,medium
